train_number,station_code,sequence_number,arrival_time,departure_time,day,record_quality,seq_source
6501,PUNE,1,04:55:00,05:15:00,2,DIRECTION_NORMALIZED,31.0
6501,SVJR,2,05:17:00,05:17:00,2,DIRECTION_NORMALIZED,30.0
6501,KK,3,05:20:00,05:20:00,2,DIRECTION_NORMALIZED,29.0
6501,DAPD,4,05:22:00,05:22:00,2,DIRECTION_NORMALIZED,28.0
6501,KSWD,5,05:25:00,05:25:00,2,DIRECTION_NORMALIZED,27.0
6501,PMP,6,05:27:00,05:27:00,2,DIRECTION_NORMALIZED,26.0
6501,CCH,7,05:29:00,05:29:00,2,DIRECTION_NORMALIZED,25.0
6501,AKRD,8,05:32:00,05:32:00,2,DIRECTION_NORMALIZED,24.0
6501,DEHR,9,05:36:00,05:36:00,2,DIRECTION_NORMALIZED,23.0
6501,GRWD,10,05:41:00,05:41:00,2,DIRECTION_NORMALIZED,22.0
6501,TGN,11,05:44:00,05:44:00,2,DIRECTION_NORMALIZED,21.0
6501,VDN,12,05:47:00,05:47:00,2,DIRECTION_NORMALIZED,20.0
6501,KNHE,13,05:52:00,05:52:00,2,DIRECTION_NORMALIZED,19.0
6501,KMST,14,05:56:00,05:56:00,2,DIRECTION_NORMALIZED,18.0
6501,MVL,15,06:03:00,06:03:00,2,DIRECTION_NORMALIZED,17.0
6501,LNL,16,06:09:00,06:12:00,2,DIRECTION_NORMALIZED,16.0
6501,KAD,17,06:17:00,06:17:00,2,DIRECTION_NORMALIZED,15.0
6501,PDI,18,06:44:00,06:44:00,2,DIRECTION_NORMALIZED,14.0
6501,KJT,19,06:48:00,06:48:00,2,DIRECTION_NORMALIZED,13.0
6501,BVS,20,06:57:00,06:57:00,2,DIRECTION_NORMALIZED,12.0
6501,NRL,21,07:05:00,07:05:00,2,DIRECTION_NORMALIZED,11.0
6501,SHLU,22,07:11:00,07:11:00,2,DIRECTION_NORMALIZED,10.0
6501,VGI,23,07:16:00,07:16:00,2,DIRECTION_NORMALIZED,9.0
6501,BUD,24,07:30:00,07:30:00,2,DIRECTION_NORMALIZED,8.0
6501,ABH,25,07:40:00,07:40:00,2,DIRECTION_NORMALIZED,7.0
6501,ULNR,26,07:43:00,07:43:00,2,DIRECTION_NORMALIZED,6.0
6501,VLDI,27,07:45:00,07:45:00,2,DIRECTION_NORMALIZED,5.0
6501,KYN,28,07:47:00,07:50:00,2,DIRECTION_NORMALIZED,4.0
6501,THK,29,07:55:00,07:55:00,2,DIRECTION_NORMALIZED,3.0
6501,DI,30,07:57:00,07:57:00,2,DIRECTION_NORMALIZED,2.0
6501,KOPR,31,08:04:00,08:04:00,2,DIRECTION_NORMALIZED,1.0
6502,KOPR,1,04:31:00,04:31:00,2,SOURCE,1.0
6502,DI,2,04:35:00,04:35:00,2,SOURCE,2.0
6502,THK,3,04:36:00,04:36:00,2,SOURCE,3.0
6502,KYN,4,04:45:00,04:50:00,2,SOURCE,4.0
6502,VLDI,5,04:52:00,04:52:00,2,SOURCE,5.0
6502,ULNR,6,04:54:00,04:54:00,2,SOURCE,6.0
6502,ABH,7,04:57:00,04:57:00,2,SOURCE,7.0
6502,BUD,8,05:05:00,05:05:00,2,SOURCE,8.0
6502,VGI,9,05:16:00,05:16:00,2,SOURCE,9.0
6502,SHLU,10,05:20:00,05:20:00,2,SOURCE,10.0
6502,NRL,11,05:24:00,05:24:00,2,SOURCE,11.0
6502,BVS,12,05:31:00,05:31:00,2,SOURCE,12.0
6502,KJT,13,05:39:00,05:39:00,2,SOURCE,13.0
6502,PDI,14,05:42:00,05:42:00,2,SOURCE,14.0
6502,KAD,15,06:03:00,06:03:00,2,SOURCE,15.0
6502,LNL,16,06:07:00,06:10:00,2,SOURCE,16.0
6502,MVL,17,06:18:00,06:18:00,2,SOURCE,17.0
6502,KMST,18,06:28:00,06:28:00,2,SOURCE,18.0
6502,KNHE,19,06:33:00,06:33:00,2,SOURCE,19.0
6502,VDN,20,06:38:00,06:38:00,2,SOURCE,20.0
6502,TGN,21,06:43:00,06:43:00,2,SOURCE,21.0
6502,GRWD,22,06:46:00,06:46:00,2,SOURCE,22.0
6502,DEHR,23,06:53:00,06:53:00,2,SOURCE,23.0
6502,AKRD,24,06:59:00,06:59:00,2,SOURCE,24.0
6502,CCH,25,07:02:00,07:02:00,2,SOURCE,25.0
6502,PMP,26,07:05:00,07:05:00,2,SOURCE,26.0
6502,KSWD,27,07:07:00,07:07:00,2,SOURCE,27.0
6502,DAPD,28,07:11:00,07:11:00,2,SOURCE,28.0
6502,KK,29,07:14:00,07:14:00,2,SOURCE,29.0
6502,SVJR,30,07:18:00,07:18:00,2,SOURCE,30.0
6502,PUNE,31,07:20:00,07:30:00,2,SOURCE,31.0
9221,KOPR,1,19:16:00,19:16:00,2,SOURCE,1.0
9221,DI,2,19:23:00,19:23:00,2,SOURCE,2.0
9221,THK,3,19:25:00,19:25:00,2,SOURCE,3.0
9221,KYN,4,19:40:00,19:50:00,2,SOURCE,4.0
9221,VLDI,5,19:53:00,19:53:00,2,SOURCE,5.0
9221,ULNR,6,19:55:00,19:55:00,2,SOURCE,6.0
9221,ABH,7,19:58:00,19:58:00,2,SOURCE,7.0
9221,BUD,8,20:07:00,20:07:00,2,SOURCE,8.0
9221,VGI,9,20:20:00,20:20:00,2,SOURCE,9.0
9221,SHLU,10,20:25:00,20:25:00,2,SOURCE,10.0
9221,NRL,11,20:30:00,20:30:00,2,SOURCE,11.0
9221,BVS,12,20:37:00,20:37:00,2,SOURCE,12.0
9221,KJT,13,20:46:00,20:46:00,2,SOURCE,13.0
9221,PDI,14,20:49:00,20:49:00,2,SOURCE,14.0
9221,KAD,15,21:14:00,21:14:00,2,SOURCE,15.0
9221,LNL,16,21:18:00,21:20:00,2,SOURCE,16.0
9221,MVL,17,21:27:00,21:27:00,2,SOURCE,17.0
9221,KMST,18,21:36:00,21:36:00,2,SOURCE,18.0
9221,KNHE,19,21:41:00,21:41:00,2,SOURCE,19.0
9221,VDN,20,21:46:00,21:46:00,2,SOURCE,20.0
9221,TGN,21,21:50:00,21:50:00,2,SOURCE,21.0
9221,GRWD,22,21:53:00,21:53:00,2,SOURCE,22.0
9221,DEHR,23,22:00:00,22:00:00,2,SOURCE,23.0
9221,AKRD,24,22:05:00,22:05:00,2,SOURCE,24.0
9221,CCH,25,22:08:00,22:08:00,2,SOURCE,25.0
9221,PMP,26,22:10:00,22:10:00,2,SOURCE,26.0
9221,KSWD,27,22:13:00,22:13:00,2,SOURCE,27.0
9221,DAPD,28,22:16:00,22:16:00,2,SOURCE,28.0
9221,KK,29,22:18:00,22:18:00,2,SOURCE,29.0
9221,SVJR,30,22:22:00,22:22:00,2,SOURCE,30.0
9221,PUNE,31,22:25:00,22:30:00,2,SOURCE,31.0
9222,PUNE,1,02:00:00,02:05:00,2,DIRECTION_NORMALIZED,31.0
9222,SVJR,2,02:08:00,02:08:00,2,DIRECTION_NORMALIZED,30.0
9222,KK,3,02:11:00,02:11:00,2,DIRECTION_NORMALIZED,29.0
9222,DAPD,4,02:14:00,02:14:00,2,DIRECTION_NORMALIZED,28.0
9222,KSWD,5,02:18:00,02:18:00,2,DIRECTION_NORMALIZED,27.0
9222,PMP,6,02:20:00,02:20:00,2,DIRECTION_NORMALIZED,26.0
9222,CCH,7,02:22:00,02:22:00,2,DIRECTION_NORMALIZED,25.0
9222,AKRD,8,02:26:00,02:26:00,2,DIRECTION_NORMALIZED,24.0
9222,DEHR,9,02:31:00,02:31:00,2,DIRECTION_NORMALIZED,23.0
9222,GRWD,10,02:38:00,02:38:00,2,DIRECTION_NORMALIZED,22.0
9222,TGN,11,02:41:00,02:41:00,2,DIRECTION_NORMALIZED,21.0
9222,VDN,12,02:45:00,02:45:00,2,DIRECTION_NORMALIZED,20.0
9222,KNHE,13,02:51:00,02:51:00,2,DIRECTION_NORMALIZED,19.0
9222,KMST,14,02:56:00,02:56:00,2,DIRECTION_NORMALIZED,18.0
9222,MVL,15,03:05:00,03:05:00,2,DIRECTION_NORMALIZED,17.0
9222,LNL,16,03:13:00,03:15:00,2,DIRECTION_NORMALIZED,16.0
9222,KAD,17,03:20:00,03:20:00,2,DIRECTION_NORMALIZED,15.0
9222,PDI,18,03:45:00,03:45:00,2,DIRECTION_NORMALIZED,14.0
9222,KJT,19,03:48:00,03:48:00,2,DIRECTION_NORMALIZED,13.0
9222,BVS,20,03:57:00,03:57:00,2,DIRECTION_NORMALIZED,12.0
9222,NRL,21,04:05:00,04:05:00,2,DIRECTION_NORMALIZED,11.0
9222,SHLU,22,04:10:00,04:10:00,2,DIRECTION_NORMALIZED,10.0
9222,VGI,23,04:15:00,04:15:00,2,DIRECTION_NORMALIZED,9.0
9222,BUD,24,04:28:00,04:28:00,2,DIRECTION_NORMALIZED,8.0
9222,ABH,25,04:37:00,04:37:00,2,DIRECTION_NORMALIZED,7.0
9222,ULNR,26,04:40:00,04:40:00,2,DIRECTION_NORMALIZED,6.0
9222,VLDI,27,04:43:00,04:43:00,2,DIRECTION_NORMALIZED,5.0
9222,KYN,28,04:45:00,04:50:00,2,DIRECTION_NORMALIZED,4.0
9222,THK,29,04:56:00,04:56:00,2,DIRECTION_NORMALIZED,3.0
9222,DI,30,04:59:00,04:59:00,2,DIRECTION_NORMALIZED,2.0
9222,KOPR,31,05:08:00,05:08:00,2,DIRECTION_NORMALIZED,1.0
9405,KOPR,1,04:31:00,04:31:00,2,SOURCE,1.0
9405,DI,2,04:38:00,04:38:00,2,SOURCE,2.0
9405,THK,3,04:40:00,04:40:00,2,SOURCE,3.0
9405,KYN,4,04:45:00,04:50:00,2,SOURCE,4.0
9405,VLDI,5,04:53:00,04:53:00,2,SOURCE,5.0
9405,ULNR,6,04:55:00,04:55:00,2,SOURCE,6.0
9405,ABH,7,04:57:00,04:57:00,2,SOURCE,7.0
9405,BUD,8,05:06:00,05:06:00,2,SOURCE,8.0
9405,VGI,9,05:17:00,05:17:00,2,SOURCE,9.0
9405,SHLU,10,05:22:00,05:22:00,2,SOURCE,10.0
9405,NRL,11,05:26:00,05:26:00,2,SOURCE,11.0
9405,BVS,12,05:33:00,05:33:00,2,SOURCE,12.0
9405,KJT,13,05:41:00,05:41:00,2,SOURCE,13.0
9405,PDI,14,05:44:00,05:44:00,2,SOURCE,14.0
9405,KAD,15,06:07:00,06:07:00,2,SOURCE,15.0
9405,LNL,16,06:11:00,06:11:00,2,SOURCE,16.0
9405,MVL,17,06:19:00,06:19:00,2,SOURCE,17.0
9405,KMST,18,06:28:00,06:28:00,2,SOURCE,18.0
9405,KNHE,19,06:33:00,06:33:00,2,SOURCE,19.0
9405,VDN,20,06:39:00,06:39:00,2,SOURCE,20.0
9405,TGN,21,06:43:00,06:43:00,2,SOURCE,21.0
9405,GRWD,22,06:46:00,06:46:00,2,SOURCE,22.0
9405,DEHR,23,06:53:00,06:53:00,2,SOURCE,23.0
9405,AKRD,24,06:59:00,06:59:00,2,SOURCE,24.0
9405,CCH,25,07:02:00,07:02:00,2,SOURCE,25.0
9405,PMP,26,07:05:00,07:05:00,2,SOURCE,26.0
9405,KSWD,27,07:07:00,07:07:00,2,SOURCE,27.0
9405,DAPD,28,07:11:00,07:11:00,2,SOURCE,28.0
9405,KK,29,07:13:00,07:13:00,2,SOURCE,29.0
9405,SVJR,30,07:17:00,07:17:00,2,SOURCE,30.0
9405,PUNE,31,07:20:00,07:40:00,2,SOURCE,31.0
9406,PUNE,1,03:40:00,04:00:00,2,DIRECTION_NORMALIZED,31.0
9406,SVJR,2,04:03:00,04:03:00,2,DIRECTION_NORMALIZED,30.0
9406,KK,3,04:07:00,04:07:00,2,DIRECTION_NORMALIZED,29.0
9406,DAPD,4,04:10:00,04:10:00,2,DIRECTION_NORMALIZED,28.0
9406,KSWD,5,04:14:00,04:14:00,2,DIRECTION_NORMALIZED,27.0
9406,PMP,6,04:17:00,04:17:00,2,DIRECTION_NORMALIZED,26.0
9406,CCH,7,04:20:00,04:20:00,2,DIRECTION_NORMALIZED,25.0
9406,AKRD,8,04:24:00,04:24:00,2,DIRECTION_NORMALIZED,24.0
9406,DEHR,9,04:30:00,04:30:00,2,DIRECTION_NORMALIZED,23.0
9406,GRWD,10,04:38:00,04:38:00,2,DIRECTION_NORMALIZED,22.0
9406,TGN,11,04:41:00,04:41:00,2,DIRECTION_NORMALIZED,21.0
9406,VDN,12,04:46:00,04:46:00,2,DIRECTION_NORMALIZED,20.0
9406,KNHE,13,04:52:00,04:52:00,2,DIRECTION_NORMALIZED,19.0
9406,KMST,14,04:58:00,04:58:00,2,DIRECTION_NORMALIZED,18.0
9406,MVL,15,05:08:00,05:08:00,2,DIRECTION_NORMALIZED,17.0
9406,LNL,16,05:17:00,05:17:00,2,DIRECTION_NORMALIZED,16.0
9406,KAD,17,05:21:00,05:21:00,2,DIRECTION_NORMALIZED,15.0
9406,PDI,18,05:47:00,05:47:00,2,DIRECTION_NORMALIZED,14.0
9406,KJT,19,05:50:00,05:50:00,2,DIRECTION_NORMALIZED,13.0
9406,BVS,20,05:58:00,05:58:00,2,DIRECTION_NORMALIZED,12.0
9406,NRL,21,06:07:00,06:07:00,2,DIRECTION_NORMALIZED,11.0
9406,SHLU,22,06:12:00,06:12:00,2,DIRECTION_NORMALIZED,10.0
9406,VGI,23,06:16:00,06:16:00,2,DIRECTION_NORMALIZED,9.0
9406,BUD,24,06:29:00,06:29:00,2,DIRECTION_NORMALIZED,8.0
9406,ABH,25,06:39:00,06:39:00,2,DIRECTION_NORMALIZED,7.0
9406,ULNR,26,06:42:00,06:42:00,2,DIRECTION_NORMALIZED,6.0
9406,VLDI,27,06:44:00,06:44:00,2,DIRECTION_NORMALIZED,5.0
9406,KYN,28,06:48:00,06:50:00,2,DIRECTION_NORMALIZED,4.0
9406,THK,29,06:51:00,06:51:00,2,DIRECTION_NORMALIZED,3.0
9406,DI,30,06:52:00,06:52:00,2,DIRECTION_NORMALIZED,2.0
9406,KOPR,31,06:54:00,06:54:00,2,DIRECTION_NORMALIZED,1.0
11007,CSMT,1,07:10:00,07:10:00,1,SOURCE,1.0
11007,MSD,2,07:11:00,07:11:00,1,SOURCE,2.0
11007,SNRD,3,07:13:00,07:13:00,1,SOURCE,3.0
11007,BY,4,07:16:00,07:16:00,1,SOURCE,4.0
11007,CRD,5,07:18:00,07:18:00,1,SOURCE,5.0
11007,PR,6,07:21:00,07:21:00,1,SOURCE,6.0
11007,DR,7,07:23:00,07:25:00,1,SOURCE,7.0
11007,MTN,8,07:26:00,07:26:00,1,SOURCE,8.0
11007,SIN,9,07:29:00,07:29:00,1,SOURCE,9.0
11007,CLA,10,07:31:00,07:31:00,1,SOURCE,10.0
11007,VVH,11,07:33:00,07:33:00,1,SOURCE,11.0
11007,GC,12,07:35:00,07:35:00,1,SOURCE,12.0
11007,VK,13,07:38:00,07:38:00,1,SOURCE,13.0
11007,BND,14,07:42:00,07:42:00,1,SOURCE,14.0
11007,NHU,15,07:43:00,07:43:00,1,SOURCE,15.0
11007,MLND,16,07:45:00,07:45:00,1,SOURCE,16.0
11007,TNA,17,07:48:00,07:50:00,1,SOURCE,17.0
11007,KLVA,18,07:52:00,07:52:00,1,SOURCE,18.0
11007,MBQ,19,07:56:00,07:56:00,1,SOURCE,19.0
11007,DIVA,20,07:59:00,07:59:00,1,SOURCE,20.0
11007,KOPR,21,08:03:00,08:03:00,1,SOURCE,21.0
11007,DI,22,08:04:00,08:04:00,1,SOURCE,22.0
11007,THK,23,08:05:00,08:05:00,1,SOURCE,23.0
11007,KYN,24,08:08:00,08:10:00,1,SOURCE,24.0
11007,VLDI,25,08:12:00,08:12:00,1,SOURCE,25.0
11007,ULNR,26,08:14:00,08:14:00,1,SOURCE,26.0
11007,ABH,27,08:16:00,08:16:00,1,SOURCE,27.0
11007,BUD,28,08:22:00,08:22:00,1,SOURCE,28.0
11007,VGI,29,08:32:00,08:32:00,1,SOURCE,29.0
11007,SHLU,30,08:35:00,08:35:00,1,SOURCE,30.0
11007,NRL,31,08:38:00,08:40:00,1,SOURCE,31.0
11007,BVS,32,08:49:00,08:49:00,1,SOURCE,32.0
11007,KJT,33,08:58:00,09:00:00,1,SOURCE,33.0
11007,PDI,34,09:05:00,09:05:00,1,SOURCE,34.0
11007,KAD,35,09:40:00,09:42:00,1,SOURCE,35.0
11007,LNL,36,09:48:00,09:50:00,1,SOURCE,36.0
11007,MVL,37,09:56:00,09:56:00,1,SOURCE,37.0
11007,KMST,38,10:02:00,10:02:00,1,SOURCE,38.0
11007,KNHE,39,10:06:00,10:06:00,1,SOURCE,39.0
11007,VDN,40,10:10:00,10:10:00,1,SOURCE,40.0
11007,TGN,41,10:13:00,10:15:00,1,SOURCE,41.0
11007,GRWD,42,10:18:00,10:18:00,1,SOURCE,42.0
11007,DEHR,43,10:24:00,10:24:00,1,SOURCE,43.0
11007,AKRD,44,10:29:00,10:29:00,1,SOURCE,44.0
11007,CCH,45,10:32:00,10:32:00,1,SOURCE,45.0
11007,PMP,46,10:34:00,10:34:00,1,SOURCE,46.0
11007,KSWD,47,10:36:00,10:36:00,1,SOURCE,47.0
11007,DAPD,48,10:39:00,10:39:00,1,SOURCE,48.0
11007,KK,49,10:41:00,10:43:00,1,SOURCE,49.0
11007,SVJR,50,10:48:00,10:50:00,1,SOURCE,50.0
11007,PUNE,51,11:10:00,11:10:00,1,SOURCE,51.0
11008,PUNE,1,15:30:00,15:30:00,1,DIRECTION_NORMALIZED,51.0
11008,SVJR,2,15:35:00,15:38:00,1,DIRECTION_NORMALIZED,50.0
11008,KK,3,15:42:00,15:45:00,1,DIRECTION_NORMALIZED,49.0
11008,DAPD,4,15:47:00,15:47:00,1,DIRECTION_NORMALIZED,48.0
11008,KSWD,5,15:49:00,15:49:00,1,DIRECTION_NORMALIZED,47.0
11008,PMP,6,15:51:00,15:51:00,1,DIRECTION_NORMALIZED,46.0
11008,CCH,7,15:53:00,15:53:00,1,DIRECTION_NORMALIZED,45.0
11008,AKRD,8,15:55:00,15:55:00,1,DIRECTION_NORMALIZED,44.0
11008,DEHR,9,15:59:00,15:59:00,1,DIRECTION_NORMALIZED,43.0
11008,GRWD,10,16:04:00,16:04:00,1,DIRECTION_NORMALIZED,42.0
11008,TGN,11,16:06:00,16:08:00,1,DIRECTION_NORMALIZED,41.0
11008,VDN,12,16:11:00,16:11:00,1,DIRECTION_NORMALIZED,40.0
11008,KNHE,13,16:16:00,16:16:00,1,DIRECTION_NORMALIZED,39.0
11008,KMST,14,16:20:00,16:20:00,1,DIRECTION_NORMALIZED,38.0
11008,MVL,15,16:27:00,16:27:00,1,DIRECTION_NORMALIZED,37.0
11008,LNL,16,16:33:00,16:35:00,1,DIRECTION_NORMALIZED,36.0
11008,KAD,17,16:43:00,16:45:00,1,DIRECTION_NORMALIZED,35.0
11008,PDI,18,17:22:00,17:22:00,1,DIRECTION_NORMALIZED,34.0
11008,KJT,19,17:28:00,17:30:00,1,DIRECTION_NORMALIZED,33.0
11008,BVS,20,17:37:00,17:37:00,1,DIRECTION_NORMALIZED,32.0
11008,NRL,21,17:44:00,17:44:00,1,DIRECTION_NORMALIZED,31.0
11008,SHLU,22,17:49:00,17:49:00,1,DIRECTION_NORMALIZED,30.0
11008,VGI,23,17:53:00,17:53:00,1,DIRECTION_NORMALIZED,29.0
11008,BUD,24,18:05:00,18:05:00,1,DIRECTION_NORMALIZED,28.0
11008,ABH,25,18:13:00,18:13:00,1,DIRECTION_NORMALIZED,27.0
11008,ULNR,26,18:15:00,18:15:00,1,DIRECTION_NORMALIZED,26.0
11008,VLDI,27,18:17:00,18:17:00,1,DIRECTION_NORMALIZED,25.0
11008,KYN,28,18:20:00,18:25:00,1,DIRECTION_NORMALIZED,24.0
11008,THK,29,18:28:00,18:28:00,1,DIRECTION_NORMALIZED,23.0
11008,DI,30,18:29:00,18:29:00,1,DIRECTION_NORMALIZED,22.0
11008,KOPR,31,18:31:00,18:31:00,1,DIRECTION_NORMALIZED,21.0
11008,DIVA,32,18:35:00,18:35:00,1,DIRECTION_NORMALIZED,20.0
11008,MBQ,33,18:37:00,18:37:00,1,DIRECTION_NORMALIZED,19.0
11008,KLVA,34,18:41:00,18:41:00,1,DIRECTION_NORMALIZED,18.0
11008,TNA,35,18:43:00,18:45:00,1,DIRECTION_NORMALIZED,17.0
11008,MLND,36,18:48:00,18:48:00,1,DIRECTION_NORMALIZED,16.0
11008,NHU,37,18:51:00,18:51:00,1,DIRECTION_NORMALIZED,15.0
11008,BND,38,18:52:00,18:52:00,1,DIRECTION_NORMALIZED,14.0
11008,VK,39,18:57:00,18:57:00,1,DIRECTION_NORMALIZED,13.0
11008,GC,40,19:01:00,19:01:00,1,DIRECTION_NORMALIZED,12.0
11008,VVH,41,19:03:00,19:03:00,1,DIRECTION_NORMALIZED,11.0
11008,CLA,42,19:06:00,19:06:00,1,DIRECTION_NORMALIZED,10.0
11008,SIN,43,19:09:00,19:09:00,1,DIRECTION_NORMALIZED,9.0
11008,MTN,44,19:12:00,19:12:00,1,DIRECTION_NORMALIZED,8.0
11008,DR,45,19:13:00,19:15:00,1,DIRECTION_NORMALIZED,7.0
11008,PR,46,19:18:00,19:18:00,1,DIRECTION_NORMALIZED,6.0
11008,CRD,47,19:23:00,19:23:00,1,DIRECTION_NORMALIZED,5.0
11008,BY,48,19:28:00,19:28:00,1,DIRECTION_NORMALIZED,4.0
11008,SNRD,49,19:33:00,19:33:00,1,DIRECTION_NORMALIZED,3.0
11008,MSD,50,19:37:00,19:37:00,1,DIRECTION_NORMALIZED,2.0
11008,CSMT,51,19:40:00,19:40:00,1,DIRECTION_NORMALIZED,1.0
11009,CSMT,1,14:30:00,14:30:00,1,SOURCE,1.0
11009,MSD,2,14:31:00,14:31:00,1,SOURCE,2.0
11009,SNRD,3,14:33:00,14:33:00,1,SOURCE,3.0
11009,BY,4,14:36:00,14:36:00,1,SOURCE,4.0
11009,CRD,5,14:38:00,14:38:00,1,SOURCE,5.0
11009,PR,6,14:41:00,14:41:00,1,SOURCE,6.0
11009,DR,7,14:43:00,14:45:00,1,SOURCE,7.0
11009,MTN,8,14:46:00,14:46:00,1,SOURCE,8.0
11009,SIN,9,14:49:00,14:49:00,1,SOURCE,9.0
11009,CLA,10,14:51:00,14:51:00,1,SOURCE,10.0
11009,VVH,11,14:53:00,14:53:00,1,SOURCE,11.0
11009,GC,12,14:55:00,14:55:00,1,SOURCE,12.0
11009,VK,13,14:58:00,14:58:00,1,SOURCE,13.0
11009,BND,14,15:02:00,15:02:00,1,SOURCE,14.0
11009,NHU,15,15:03:00,15:03:00,1,SOURCE,15.0
11009,MLND,16,15:05:00,15:05:00,1,SOURCE,16.0
11009,TNA,17,15:08:00,15:10:00,1,SOURCE,17.0
11009,KLVA,18,15:12:00,15:12:00,1,SOURCE,18.0
11009,MBQ,19,15:16:00,15:16:00,1,SOURCE,19.0
11009,DIVA,20,15:19:00,15:19:00,1,SOURCE,20.0
11009,KOPR,21,15:23:00,15:23:00,1,SOURCE,21.0
11009,DI,22,15:24:00,15:24:00,1,SOURCE,22.0
11009,THK,23,15:25:00,15:25:00,1,SOURCE,23.0
11009,KYN,24,15:28:00,15:30:00,1,SOURCE,24.0
11009,VLDI,25,15:32:00,15:32:00,1,SOURCE,25.0
11009,ULNR,26,15:34:00,15:34:00,1,SOURCE,26.0
11009,ABH,27,15:36:00,15:36:00,1,SOURCE,27.0
11009,BUD,28,15:42:00,15:42:00,1,SOURCE,28.0
11009,VGI,29,15:51:00,15:51:00,1,SOURCE,29.0
11009,SHLU,30,15:54:00,15:54:00,1,SOURCE,30.0
11009,NRL,31,15:58:00,15:58:00,1,SOURCE,31.0
11009,BVS,32,16:03:00,16:03:00,1,SOURCE,32.0
11009,KJT,33,16:08:00,16:10:00,1,SOURCE,33.0
11009,PDI,34,16:15:00,16:15:00,1,SOURCE,34.0
11009,KAD,35,16:53:00,16:55:00,1,SOURCE,35.0
11009,LNL,36,17:08:00,17:10:00,1,SOURCE,36.0
11009,MVL,37,17:15:00,17:15:00,1,SOURCE,37.0
11009,KMST,38,17:22:00,17:22:00,1,SOURCE,38.0
11009,KNHE,39,17:25:00,17:25:00,1,SOURCE,39.0
11009,VDN,40,17:29:00,17:29:00,1,SOURCE,40.0
11009,TGN,41,17:32:00,17:32:00,1,SOURCE,41.0
11009,GRWD,42,17:34:00,17:34:00,1,SOURCE,42.0
11009,DEHR,43,17:39:00,17:39:00,1,SOURCE,43.0
11009,AKRD,44,17:42:00,17:42:00,1,SOURCE,44.0
11009,CCH,45,17:45:00,17:47:00,1,SOURCE,45.0
11009,PMP,46,17:50:00,17:52:00,1,SOURCE,46.0
11009,KSWD,47,17:55:00,17:55:00,1,SOURCE,47.0
11009,DAPD,48,18:00:00,18:00:00,1,SOURCE,48.0
11009,KK,49,18:03:00,18:05:00,1,SOURCE,49.0
11009,SVJR,50,18:13:00,18:15:00,1,SOURCE,50.0
11009,PUNE,51,18:40:00,18:40:00,1,SOURCE,51.0
11010,PUNE,1,06:05:00,06:05:00,1,DIRECTION_NORMALIZED,51.0
11010,SVJR,2,06:10:00,06:13:00,1,DIRECTION_NORMALIZED,50.0
11010,KK,3,06:18:00,06:20:00,1,DIRECTION_NORMALIZED,49.0
11010,DAPD,4,06:22:00,06:22:00,1,DIRECTION_NORMALIZED,48.0
11010,KSWD,5,06:26:00,06:26:00,1,DIRECTION_NORMALIZED,47.0
11010,PMP,6,06:28:00,06:31:00,1,DIRECTION_NORMALIZED,46.0
11010,CCH,7,06:33:00,06:35:00,1,DIRECTION_NORMALIZED,45.0
11010,AKRD,8,06:38:00,06:38:00,1,DIRECTION_NORMALIZED,44.0
11010,DEHR,9,06:42:00,06:42:00,1,DIRECTION_NORMALIZED,43.0
11010,GRWD,10,06:47:00,06:47:00,1,DIRECTION_NORMALIZED,42.0
11010,TGN,11,06:50:00,06:50:00,1,DIRECTION_NORMALIZED,41.0
11010,VDN,12,06:53:00,06:53:00,1,DIRECTION_NORMALIZED,40.0
11010,KNHE,13,06:57:00,06:57:00,1,DIRECTION_NORMALIZED,39.0
11010,KMST,14,07:01:00,07:01:00,1,DIRECTION_NORMALIZED,38.0
11010,MVL,15,07:08:00,07:08:00,1,DIRECTION_NORMALIZED,37.0
11010,LNL,16,07:13:00,07:15:00,1,DIRECTION_NORMALIZED,36.0
11010,KAD,17,07:23:00,07:25:00,1,DIRECTION_NORMALIZED,35.0
11010,PDI,18,07:54:00,07:54:00,1,DIRECTION_NORMALIZED,34.0
11010,KJT,19,07:58:00,08:00:00,1,DIRECTION_NORMALIZED,33.0
11010,BVS,20,08:06:00,08:06:00,1,DIRECTION_NORMALIZED,32.0
11010,NRL,21,08:12:00,08:12:00,1,DIRECTION_NORMALIZED,31.0
11010,SHLU,22,08:16:00,08:16:00,1,DIRECTION_NORMALIZED,30.0
11010,VGI,23,08:20:00,08:20:00,1,DIRECTION_NORMALIZED,29.0
11010,BUD,24,08:29:00,08:29:00,1,DIRECTION_NORMALIZED,28.0
11010,ABH,25,08:36:00,08:36:00,1,DIRECTION_NORMALIZED,27.0
11010,ULNR,26,08:38:00,08:38:00,1,DIRECTION_NORMALIZED,26.0
11010,VLDI,27,08:40:00,08:40:00,1,DIRECTION_NORMALIZED,25.0
11010,KYN,28,08:42:00,08:47:00,1,DIRECTION_NORMALIZED,24.0
11010,THK,29,08:51:00,08:51:00,1,DIRECTION_NORMALIZED,23.0
11010,DI,30,08:52:00,08:52:00,1,DIRECTION_NORMALIZED,22.0
11010,KOPR,31,08:54:00,08:54:00,1,DIRECTION_NORMALIZED,21.0
11010,DIVA,32,08:58:00,08:58:00,1,DIRECTION_NORMALIZED,20.0
11010,MBQ,33,09:01:00,09:01:00,1,DIRECTION_NORMALIZED,19.0
11010,KLVA,34,09:06:00,09:06:00,1,DIRECTION_NORMALIZED,18.0
11010,TNA,35,09:08:00,09:08:00,1,DIRECTION_NORMALIZED,17.0
11010,MLND,36,09:11:00,09:11:00,1,DIRECTION_NORMALIZED,16.0
11010,NHU,37,09:13:00,09:13:00,1,DIRECTION_NORMALIZED,15.0
11010,BND,38,09:15:00,09:15:00,1,DIRECTION_NORMALIZED,14.0
11010,VK,39,09:19:00,09:19:00,1,DIRECTION_NORMALIZED,13.0
11010,GC,40,09:23:00,09:23:00,1,DIRECTION_NORMALIZED,12.0
11010,VVH,41,09:24:00,09:24:00,1,DIRECTION_NORMALIZED,11.0
11010,CLA,42,09:27:00,09:27:00,1,DIRECTION_NORMALIZED,10.0
11010,SIN,43,09:30:00,09:30:00,1,DIRECTION_NORMALIZED,9.0
11010,MTN,44,09:32:00,09:32:00,1,DIRECTION_NORMALIZED,8.0
11010,DR,45,09:33:00,09:35:00,1,DIRECTION_NORMALIZED,7.0
11010,PR,46,09:37:00,09:37:00,1,DIRECTION_NORMALIZED,6.0
11010,CRD,47,09:41:00,09:41:00,1,DIRECTION_NORMALIZED,5.0
11010,BY,48,09:46:00,09:46:00,1,DIRECTION_NORMALIZED,4.0
11010,SNRD,49,09:50:00,09:50:00,1,DIRECTION_NORMALIZED,3.0
11010,MSD,50,09:52:00,09:52:00,1,DIRECTION_NORMALIZED,2.0
11010,CSMT,51,09:55:00,09:55:00,1,DIRECTION_NORMALIZED,1.0
11011,CSMT,1,20:23:00,20:23:00,1,SOURCE,1.0
11011,MSD,2,20:24:00,20:24:00,1,SOURCE,2.0
11011,SNRD,3,20:25:00,20:25:00,1,SOURCE,3.0
11011,BY,4,20:27:00,20:27:00,1,SOURCE,4.0
11011,CRD,5,20:30:00,20:30:00,1,SOURCE,5.0
11011,PR,6,20:32:00,20:32:00,1,SOURCE,6.0
11011,DR,7,20:33:00,20:35:00,1,SOURCE,7.0
11011,MTN,8,20:36:00,20:36:00,1,SOURCE,8.0
11011,SIN,9,20:39:00,20:39:00,1,SOURCE,9.0
11011,CLA,10,20:41:00,20:41:00,1,SOURCE,10.0
11011,VVH,11,20:43:00,20:43:00,1,SOURCE,11.0
11011,GC,12,20:45:00,20:45:00,1,SOURCE,12.0
11011,VK,13,20:48:00,20:48:00,1,SOURCE,13.0
11011,BND,14,20:52:00,20:52:00,1,SOURCE,14.0
11011,NHU,15,20:53:00,20:53:00,1,SOURCE,15.0
11011,MLND,16,20:55:00,20:55:00,1,SOURCE,16.0
11011,TNA,17,20:58:00,21:00:00,1,SOURCE,17.0
11011,KLVA,18,21:03:00,21:03:00,1,SOURCE,18.0
11011,MBQ,19,21:08:00,21:08:00,1,SOURCE,19.0
11011,DIVA,20,21:11:00,21:11:00,1,SOURCE,20.0
11011,KOPR,21,21:16:00,21:16:00,1,SOURCE,21.0
11011,DI,22,21:18:00,21:18:00,1,SOURCE,22.0
11011,THK,23,21:19:00,21:19:00,1,SOURCE,23.0
11011,KYN,24,21:23:00,21:25:00,1,SOURCE,24.0
11011,VLDI,25,21:28:00,21:28:00,1,SOURCE,25.0
11011,ULNR,26,21:29:00,21:29:00,1,SOURCE,26.0
11011,ABH,27,21:32:00,21:32:00,1,SOURCE,27.0
11011,BUD,28,21:40:00,21:40:00,1,SOURCE,28.0
11011,VGI,29,21:51:00,21:51:00,1,SOURCE,29.0
11011,SHLU,30,21:56:00,21:56:00,1,SOURCE,30.0
11011,NRL,31,22:00:00,22:00:00,1,SOURCE,31.0
11011,BVS,32,22:07:00,22:07:00,1,SOURCE,32.0
11011,KJT,33,22:13:00,22:15:00,1,SOURCE,33.0
11011,PDI,34,22:20:00,22:20:00,1,SOURCE,34.0
11011,KAD,35,22:52:00,22:52:00,1,SOURCE,35.0
11011,LNL,36,22:58:00,23:00:00,1,SOURCE,36.0
11011,MVL,37,23:08:00,23:08:00,1,SOURCE,37.0
11011,KMST,38,23:18:00,23:18:00,1,SOURCE,38.0
11011,KNHE,39,23:23:00,23:23:00,1,SOURCE,39.0
11011,VDN,40,23:28:00,23:28:00,1,SOURCE,40.0
11011,TGN,41,23:33:00,23:33:00,1,SOURCE,41.0
11011,GRWD,42,23:36:00,23:36:00,1,SOURCE,42.0
11011,DEHR,43,23:43:00,23:43:00,1,SOURCE,43.0
11011,AKRD,44,23:49:00,23:49:00,1,SOURCE,44.0
11011,CCH,45,23:52:00,23:52:00,1,SOURCE,45.0
11011,PMP,46,23:55:00,23:55:00,1,SOURCE,46.0
11011,KSWD,47,23:57:00,23:57:00,1,SOURCE,47.0
11011,DAPD,48,00:01:00,00:01:00,2,SOURCE,1.0
11011,KK,49,00:04:00,00:04:00,2,SOURCE,2.0
11011,SVJR,50,00:08:00,00:08:00,2,SOURCE,3.0
11011,PUNE,51,00:10:00,00:15:00,2,SOURCE,4.0
11012,PUNE,1,03:30:00,03:40:00,2,DIRECTION_NORMALIZED,51.0
11012,SVJR,2,03:42:00,03:42:00,2,DIRECTION_NORMALIZED,50.0
11012,KK,3,03:46:00,03:46:00,2,DIRECTION_NORMALIZED,49.0
11012,DAPD,4,03:48:00,03:48:00,2,DIRECTION_NORMALIZED,48.0
11012,KSWD,5,03:52:00,03:52:00,2,DIRECTION_NORMALIZED,47.0
11012,PMP,6,03:54:00,03:54:00,2,DIRECTION_NORMALIZED,46.0
11012,CCH,7,03:56:00,03:56:00,2,DIRECTION_NORMALIZED,45.0
11012,AKRD,8,04:00:00,04:00:00,2,DIRECTION_NORMALIZED,44.0
11012,DEHR,9,04:05:00,04:05:00,2,DIRECTION_NORMALIZED,43.0
11012,GRWD,10,04:11:00,04:11:00,2,DIRECTION_NORMALIZED,42.0
11012,TGN,11,04:14:00,04:14:00,2,DIRECTION_NORMALIZED,41.0
11012,VDN,12,04:18:00,04:18:00,2,DIRECTION_NORMALIZED,40.0
11012,KNHE,13,04:24:00,04:24:00,2,DIRECTION_NORMALIZED,39.0
11012,KMST,14,04:28:00,04:28:00,2,DIRECTION_NORMALIZED,38.0
11012,MVL,15,04:37:00,04:37:00,2,DIRECTION_NORMALIZED,37.0
11012,LNL,16,04:43:00,04:45:00,2,DIRECTION_NORMALIZED,36.0
11012,KAD,17,04:53:00,04:55:00,2,DIRECTION_NORMALIZED,35.0
11012,PDI,18,05:23:00,05:23:00,2,DIRECTION_NORMALIZED,34.0
11012,KJT,19,05:28:00,05:30:00,2,DIRECTION_NORMALIZED,33.0
11012,BVS,20,05:37:00,05:37:00,2,DIRECTION_NORMALIZED,32.0
11012,NRL,21,05:44:00,05:44:00,2,DIRECTION_NORMALIZED,31.0
11012,SHLU,22,05:49:00,05:49:00,2,DIRECTION_NORMALIZED,30.0
11012,VGI,23,05:53:00,05:53:00,2,DIRECTION_NORMALIZED,29.0
11012,BUD,24,06:04:00,06:04:00,2,DIRECTION_NORMALIZED,28.0
11012,ABH,25,06:12:00,06:12:00,2,DIRECTION_NORMALIZED,27.0
11012,ULNR,26,06:15:00,06:15:00,2,DIRECTION_NORMALIZED,26.0
11012,VLDI,27,06:17:00,06:17:00,2,DIRECTION_NORMALIZED,25.0
11012,KYN,28,06:18:00,06:20:00,2,DIRECTION_NORMALIZED,24.0
11012,THK,29,06:23:00,06:23:00,2,DIRECTION_NORMALIZED,23.0
11012,DI,30,06:25:00,06:25:00,2,DIRECTION_NORMALIZED,22.0
11012,KOPR,31,06:26:00,06:26:00,2,DIRECTION_NORMALIZED,21.0
11012,DIVA,32,06:30:00,06:30:00,2,DIRECTION_NORMALIZED,20.0
11012,MBQ,33,06:32:00,06:32:00,2,DIRECTION_NORMALIZED,19.0
11012,KLVA,34,06:36:00,06:36:00,2,DIRECTION_NORMALIZED,18.0
11012,TNA,35,06:38:00,06:40:00,2,DIRECTION_NORMALIZED,17.0
11012,MLND,36,06:43:00,06:43:00,2,DIRECTION_NORMALIZED,16.0
11012,NHU,37,06:45:00,06:45:00,2,DIRECTION_NORMALIZED,15.0
11012,BND,38,06:46:00,06:46:00,2,DIRECTION_NORMALIZED,14.0
11012,VK,39,06:50:00,06:50:00,2,DIRECTION_NORMALIZED,13.0
11012,GC,40,06:54:00,06:54:00,2,DIRECTION_NORMALIZED,12.0
11012,VVH,41,06:55:00,06:55:00,2,DIRECTION_NORMALIZED,11.0
11012,CLA,42,06:58:00,06:58:00,2,DIRECTION_NORMALIZED,10.0
11012,SIN,43,07:00:00,07:00:00,2,DIRECTION_NORMALIZED,9.0
11012,MTN,44,07:03:00,07:03:00,2,DIRECTION_NORMALIZED,8.0
11012,DR,45,07:04:00,07:06:00,2,DIRECTION_NORMALIZED,7.0
11012,PR,46,07:08:00,07:08:00,2,DIRECTION_NORMALIZED,6.0
11012,CRD,47,07:12:00,07:12:00,2,DIRECTION_NORMALIZED,5.0
11012,BY,48,07:16:00,07:16:00,2,DIRECTION_NORMALIZED,4.0
11012,SNRD,49,07:20:00,07:20:00,2,DIRECTION_NORMALIZED,3.0
11012,MSD,50,07:23:00,07:23:00,2,DIRECTION_NORMALIZED,2.0
11012,CSMT,51,07:25:00,07:25:00,2,DIRECTION_NORMALIZED,1.0
11013,VVH,1,22:36:00,22:36:00,1,SOURCE,1.0
11013,GC,2,22:38:00,22:38:00,1,SOURCE,2.0
11013,VK,3,22:41:00,22:41:00,1,SOURCE,3.0
11013,BND,4,22:45:00,22:45:00,1,SOURCE,4.0
11013,NHU,5,22:47:00,22:47:00,1,SOURCE,5.0
11013,MLND,6,22:49:00,22:49:00,1,SOURCE,6.0
11013,TNA,7,22:53:00,22:55:00,1,SOURCE,7.0
11013,KLVA,8,22:57:00,22:57:00,1,SOURCE,8.0
11013,MBQ,9,23:01:00,23:01:00,1,SOURCE,9.0
11013,DIVA,10,23:04:00,23:04:00,1,SOURCE,10.0
11013,KOPR,11,23:08:00,23:08:00,1,SOURCE,11.0
11013,DI,12,23:09:00,23:09:00,1,SOURCE,12.0
11013,THK,13,23:10:00,23:10:00,1,SOURCE,13.0
11013,KYN,14,23:13:00,23:18:00,1,SOURCE,14.0
11013,VLDI,15,23:21:00,23:21:00,1,SOURCE,15.0
11013,ULNR,16,23:23:00,23:23:00,1,SOURCE,16.0
11013,ABH,17,23:25:00,23:25:00,1,SOURCE,17.0
11013,BUD,18,23:34:00,23:34:00,1,SOURCE,18.0
11013,VGI,19,23:46:00,23:46:00,1,SOURCE,19.0
11013,SHLU,20,23:50:00,23:50:00,1,SOURCE,20.0
11013,NRL,21,23:55:00,23:55:00,1,SOURCE,21.0
11013,BVS,22,00:02:00,00:02:00,2,SOURCE,1.0
11013,KJT,23,00:10:00,00:10:00,2,SOURCE,2.0
11013,PDI,24,00:13:00,00:13:00,2,SOURCE,3.0
11013,KAD,25,00:37:00,00:37:00,2,SOURCE,4.0
11013,LNL,26,00:41:00,00:41:00,2,SOURCE,5.0
11013,MVL,27,00:49:00,00:49:00,2,SOURCE,6.0
11013,KMST,28,00:58:00,00:58:00,2,SOURCE,7.0
11013,KNHE,29,01:03:00,01:03:00,2,SOURCE,8.0
11013,VDN,30,01:09:00,01:09:00,2,SOURCE,9.0
11013,TGN,31,01:14:00,01:14:00,2,SOURCE,10.0
11013,GRWD,32,01:17:00,01:17:00,2,SOURCE,11.0
11013,DEHR,33,01:24:00,01:24:00,2,SOURCE,12.0
11013,AKRD,34,01:30:00,01:30:00,2,SOURCE,13.0
11013,CCH,35,01:33:00,01:33:00,2,SOURCE,14.0
11013,PMP,36,01:36:00,01:36:00,2,SOURCE,15.0
11013,KSWD,37,01:38:00,01:38:00,2,SOURCE,16.0
11013,DAPD,38,01:42:00,01:42:00,2,SOURCE,17.0
11013,KK,39,01:45:00,01:45:00,2,SOURCE,18.0
11013,SVJR,40,01:49:00,01:49:00,2,SOURCE,19.0
11013,PUNE,41,01:50:00,01:55:00,2,SOURCE,20.0
11014,PUNE,1,10:35:00,10:45:00,2,DIRECTION_NORMALIZED,41.0
11014,SVJR,2,10:48:00,10:48:00,2,DIRECTION_NORMALIZED,40.0
11014,KK,3,10:52:00,10:52:00,2,DIRECTION_NORMALIZED,39.0
11014,DAPD,4,10:54:00,10:54:00,2,DIRECTION_NORMALIZED,38.0
11014,KSWD,5,10:59:00,10:59:00,2,DIRECTION_NORMALIZED,37.0
11014,PMP,6,11:01:00,11:01:00,2,DIRECTION_NORMALIZED,36.0
11014,CCH,7,11:04:00,11:04:00,2,DIRECTION_NORMALIZED,35.0
11014,AKRD,8,11:08:00,11:08:00,2,DIRECTION_NORMALIZED,34.0
11014,DEHR,9,11:13:00,11:13:00,2,DIRECTION_NORMALIZED,33.0
11014,GRWD,10,11:21:00,11:21:00,2,DIRECTION_NORMALIZED,32.0
11014,TGN,11,11:25:00,11:25:00,2,DIRECTION_NORMALIZED,31.0
11014,VDN,12,11:29:00,11:29:00,2,DIRECTION_NORMALIZED,30.0
11014,KNHE,13,11:35:00,11:35:00,2,DIRECTION_NORMALIZED,29.0
11014,KMST,14,11:41:00,11:41:00,2,DIRECTION_NORMALIZED,28.0
11014,MVL,15,11:51:00,11:51:00,2,DIRECTION_NORMALIZED,27.0
11014,LNL,16,11:59:00,11:59:00,2,DIRECTION_NORMALIZED,26.0
11014,KAD,17,12:03:00,12:03:00,2,DIRECTION_NORMALIZED,25.0
11014,PDI,18,12:28:00,12:28:00,2,DIRECTION_NORMALIZED,24.0
11014,KJT,19,12:31:00,12:31:00,2,DIRECTION_NORMALIZED,23.0
11014,BVS,20,12:39:00,12:39:00,2,DIRECTION_NORMALIZED,22.0
11014,NRL,21,12:47:00,12:47:00,2,DIRECTION_NORMALIZED,21.0
11014,SHLU,22,12:52:00,12:52:00,2,DIRECTION_NORMALIZED,20.0
11014,VGI,23,12:56:00,12:56:00,2,DIRECTION_NORMALIZED,19.0
11014,BUD,24,13:09:00,13:09:00,2,DIRECTION_NORMALIZED,18.0
11014,ABH,25,13:18:00,13:18:00,2,DIRECTION_NORMALIZED,17.0
11014,ULNR,26,13:21:00,13:21:00,2,DIRECTION_NORMALIZED,16.0
11014,VLDI,27,13:23:00,13:23:00,2,DIRECTION_NORMALIZED,15.0
11014,KYN,28,13:24:00,13:25:00,2,DIRECTION_NORMALIZED,14.0
11014,THK,29,13:28:00,13:28:00,2,DIRECTION_NORMALIZED,13.0
11014,DI,30,13:30:00,13:30:00,2,DIRECTION_NORMALIZED,12.0
11014,KOPR,31,13:31:00,13:31:00,2,DIRECTION_NORMALIZED,11.0
11014,DIVA,32,13:35:00,13:35:00,2,DIRECTION_NORMALIZED,10.0
11014,MBQ,33,13:37:00,13:37:00,2,DIRECTION_NORMALIZED,9.0
11014,KLVA,34,13:41:00,13:41:00,2,DIRECTION_NORMALIZED,8.0
11014,TNA,35,13:44:00,13:45:00,2,DIRECTION_NORMALIZED,7.0
11014,MLND,36,13:52:00,13:52:00,2,DIRECTION_NORMALIZED,6.0
11014,NHU,37,13:58:00,13:58:00,2,DIRECTION_NORMALIZED,5.0
11014,BND,38,14:02:00,14:02:00,2,DIRECTION_NORMALIZED,4.0
11014,VK,39,14:12:00,14:12:00,2,DIRECTION_NORMALIZED,3.0
11014,GC,40,14:22:00,14:22:00,2,DIRECTION_NORMALIZED,2.0
11014,VVH,41,14:25:00,14:25:00,2,DIRECTION_NORMALIZED,1.0
11017,DR,1,21:30:00,21:30:00,1,SOURCE,1.0
11017,MTN,2,21:31:00,21:31:00,1,SOURCE,2.0
11017,SIN,3,21:34:00,21:34:00,1,SOURCE,3.0
11017,CLA,4,21:36:00,21:36:00,1,SOURCE,4.0
11017,VVH,5,21:39:00,21:39:00,1,SOURCE,5.0
11017,GC,6,21:40:00,21:40:00,1,SOURCE,6.0
11017,VK,7,21:44:00,21:44:00,1,SOURCE,7.0
11017,BND,8,21:47:00,21:47:00,1,SOURCE,8.0
11017,NHU,9,21:49:00,21:49:00,1,SOURCE,9.0
11017,MLND,10,21:51:00,21:51:00,1,SOURCE,10.0
11017,TNA,11,21:53:00,21:53:00,1,SOURCE,11.0
11017,KLVA,12,21:56:00,21:56:00,1,SOURCE,12.0
11017,MBQ,13,22:00:00,22:00:00,1,SOURCE,13.0
11017,DIVA,14,22:03:00,22:03:00,1,SOURCE,14.0
11017,KOPR,15,22:07:00,22:07:00,1,SOURCE,15.0
11017,DI,16,22:08:00,22:08:00,1,SOURCE,16.0
11017,THK,17,22:09:00,22:09:00,1,SOURCE,17.0
11017,KYN,18,22:13:00,22:15:00,1,SOURCE,18.0
11017,VLDI,19,22:18:00,22:18:00,1,SOURCE,19.0
11017,ULNR,20,22:20:00,22:20:00,1,SOURCE,20.0
11017,ABH,21,22:23:00,22:23:00,1,SOURCE,21.0
11017,BUD,22,22:32:00,22:32:00,1,SOURCE,22.0
11017,VGI,23,22:44:00,22:44:00,1,SOURCE,23.0
11017,SHLU,24,22:49:00,22:49:00,1,SOURCE,24.0
11017,NRL,25,22:54:00,22:54:00,1,SOURCE,25.0
11017,BVS,26,23:01:00,23:01:00,1,SOURCE,26.0
11017,KJT,27,23:08:00,23:10:00,1,SOURCE,27.0
11017,PDI,28,23:15:00,23:15:00,1,SOURCE,28.0
11017,KAD,29,23:47:00,23:47:00,1,SOURCE,29.0
11017,LNL,30,23:53:00,23:55:00,1,SOURCE,30.0
11017,MVL,31,00:02:00,00:02:00,2,SOURCE,1.0
11017,KMST,32,00:11:00,00:11:00,2,SOURCE,2.0
11017,KNHE,33,00:16:00,00:16:00,2,SOURCE,3.0
11017,VDN,34,00:21:00,00:21:00,2,SOURCE,4.0
11017,TGN,35,00:25:00,00:25:00,2,SOURCE,5.0
11017,GRWD,36,00:28:00,00:28:00,2,SOURCE,6.0
11017,DEHR,37,00:35:00,00:35:00,2,SOURCE,7.0
11017,AKRD,38,00:40:00,00:40:00,2,SOURCE,8.0
11017,CCH,39,00:43:00,00:43:00,2,SOURCE,9.0
11017,PMP,40,00:46:00,00:46:00,2,SOURCE,10.0
11017,KSWD,41,00:48:00,00:48:00,2,SOURCE,11.0
11017,DAPD,42,00:52:00,00:52:00,2,SOURCE,12.0
11017,KK,43,00:54:00,00:54:00,2,SOURCE,13.0
11017,SVJR,44,00:58:00,00:58:00,2,SOURCE,14.0
11017,PUNE,45,01:00:00,01:10:00,2,SOURCE,15.0
11018,PUNE,1,02:10:00,02:20:00,2,DIRECTION_NORMALIZED,45.0
11018,SVJR,2,02:22:00,02:22:00,2,DIRECTION_NORMALIZED,44.0
11018,KK,3,02:26:00,02:26:00,2,DIRECTION_NORMALIZED,43.0
11018,DAPD,4,02:28:00,02:28:00,2,DIRECTION_NORMALIZED,42.0
11018,KSWD,5,02:32:00,02:32:00,2,DIRECTION_NORMALIZED,41.0
11018,PMP,6,02:34:00,02:34:00,2,DIRECTION_NORMALIZED,40.0
11018,CCH,7,02:36:00,02:36:00,2,DIRECTION_NORMALIZED,39.0
11018,AKRD,8,02:40:00,02:40:00,2,DIRECTION_NORMALIZED,38.0
11018,DEHR,9,02:45:00,02:45:00,2,DIRECTION_NORMALIZED,37.0
11018,GRWD,10,02:51:00,02:51:00,2,DIRECTION_NORMALIZED,36.0
11018,TGN,11,02:54:00,02:54:00,2,DIRECTION_NORMALIZED,35.0
11018,VDN,12,02:58:00,02:58:00,2,DIRECTION_NORMALIZED,34.0
11018,KNHE,13,03:04:00,03:04:00,2,DIRECTION_NORMALIZED,33.0
11018,KMST,14,03:08:00,03:08:00,2,DIRECTION_NORMALIZED,32.0
11018,MVL,15,03:17:00,03:17:00,2,DIRECTION_NORMALIZED,31.0
11018,LNL,16,03:24:00,03:25:00,2,DIRECTION_NORMALIZED,30.0
11018,KAD,17,03:30:00,03:30:00,2,DIRECTION_NORMALIZED,29.0
11018,PDI,18,03:55:00,03:55:00,2,DIRECTION_NORMALIZED,28.0
11018,KJT,19,03:58:00,03:58:00,2,DIRECTION_NORMALIZED,27.0
11018,BVS,20,04:07:00,04:07:00,2,DIRECTION_NORMALIZED,26.0
11018,NRL,21,04:15:00,04:15:00,2,DIRECTION_NORMALIZED,25.0
11018,SHLU,22,04:20:00,04:20:00,2,DIRECTION_NORMALIZED,24.0
11018,VGI,23,04:25:00,04:25:00,2,DIRECTION_NORMALIZED,23.0
11018,BUD,24,04:38:00,04:38:00,2,DIRECTION_NORMALIZED,22.0
11018,ABH,25,04:47:00,04:47:00,2,DIRECTION_NORMALIZED,21.0
11018,ULNR,26,04:50:00,04:50:00,2,DIRECTION_NORMALIZED,20.0
11018,VLDI,27,04:52:00,04:52:00,2,DIRECTION_NORMALIZED,19.0
11018,KYN,28,04:54:00,04:55:00,2,DIRECTION_NORMALIZED,18.0
11018,THK,29,04:59:00,04:59:00,2,DIRECTION_NORMALIZED,17.0
11018,DI,30,05:01:00,05:01:00,2,DIRECTION_NORMALIZED,16.0
11018,KOPR,31,05:03:00,05:03:00,2,DIRECTION_NORMALIZED,15.0
11018,DIVA,32,05:08:00,05:08:00,2,DIRECTION_NORMALIZED,14.0
11018,MBQ,33,05:11:00,05:11:00,2,DIRECTION_NORMALIZED,13.0
11018,KLVA,34,05:17:00,05:17:00,2,DIRECTION_NORMALIZED,12.0
11018,TNA,35,05:20:00,05:20:00,2,DIRECTION_NORMALIZED,11.0
11018,MLND,36,05:23:00,05:23:00,2,DIRECTION_NORMALIZED,10.0
11018,NHU,37,05:26:00,05:26:00,2,DIRECTION_NORMALIZED,9.0
11018,BND,38,05:28:00,05:28:00,2,DIRECTION_NORMALIZED,8.0
11018,VK,39,05:32:00,05:32:00,2,DIRECTION_NORMALIZED,7.0
11018,GC,40,05:37:00,05:37:00,2,DIRECTION_NORMALIZED,6.0
11018,VVH,41,05:39:00,05:39:00,2,DIRECTION_NORMALIZED,5.0
11018,CLA,42,05:42:00,05:42:00,2,DIRECTION_NORMALIZED,4.0
11018,SIN,43,05:45:00,05:45:00,2,DIRECTION_NORMALIZED,3.0
11018,MTN,44,05:48:00,05:48:00,2,DIRECTION_NORMALIZED,2.0
11018,DR,45,05:50:00,05:50:00,2,DIRECTION_NORMALIZED,1.0
11019,CSMT,1,15:10:00,15:10:00,1,SOURCE,1.0
11019,MSD,2,15:11:00,15:11:00,1,SOURCE,2.0
11019,SNRD,3,15:13:00,15:13:00,1,SOURCE,3.0
11019,BY,4,15:16:00,15:16:00,1,SOURCE,4.0
11019,CRD,5,15:18:00,15:18:00,1,SOURCE,5.0
11019,PR,6,15:21:00,15:21:00,1,SOURCE,6.0
11019,DR,7,15:23:00,15:25:00,1,SOURCE,7.0
11019,MTN,8,15:26:00,15:26:00,1,SOURCE,8.0
11019,SIN,9,15:29:00,15:29:00,1,SOURCE,9.0
11019,CLA,10,15:31:00,15:31:00,1,SOURCE,10.0
11019,VVH,11,15:33:00,15:33:00,1,SOURCE,11.0
11019,GC,12,15:34:00,15:34:00,1,SOURCE,12.0
11019,VK,13,15:38:00,15:38:00,1,SOURCE,13.0
11019,BND,14,15:41:00,15:41:00,1,SOURCE,14.0
11019,NHU,15,15:43:00,15:43:00,1,SOURCE,15.0
11019,MLND,16,15:44:00,15:44:00,1,SOURCE,16.0
11019,TNA,17,15:47:00,15:47:00,1,SOURCE,17.0
11019,KLVA,18,15:49:00,15:49:00,1,SOURCE,18.0
11019,MBQ,19,15:53:00,15:53:00,1,SOURCE,19.0
11019,DIVA,20,15:55:00,15:55:00,1,SOURCE,20.0
11019,KOPR,21,15:59:00,15:59:00,1,SOURCE,21.0
11019,DI,22,16:00:00,16:00:00,1,SOURCE,22.0
11019,THK,23,16:02:00,16:02:00,1,SOURCE,23.0
11019,KYN,24,16:05:00,16:10:00,1,SOURCE,24.0
11019,VLDI,25,16:12:00,16:12:00,1,SOURCE,25.0
11019,ULNR,26,16:14:00,16:14:00,1,SOURCE,26.0
11019,ABH,27,16:16:00,16:16:00,1,SOURCE,27.0
11019,BUD,28,16:24:00,16:24:00,1,SOURCE,28.0
11019,VGI,29,16:34:00,16:34:00,1,SOURCE,29.0
11019,SHLU,30,16:37:00,16:37:00,1,SOURCE,30.0
11019,NRL,31,16:41:00,16:41:00,1,SOURCE,31.0
11019,BVS,32,16:48:00,16:48:00,1,SOURCE,32.0
11019,KJT,33,16:53:00,16:55:00,1,SOURCE,33.0
11019,PDI,34,17:00:00,17:00:00,1,SOURCE,34.0
11019,KAD,35,17:36:00,17:36:00,1,SOURCE,35.0
11019,LNL,36,17:43:00,17:45:00,1,SOURCE,36.0
11019,MVL,37,17:53:00,17:53:00,1,SOURCE,37.0
11019,KMST,38,18:04:00,18:04:00,1,SOURCE,38.0
11019,KNHE,39,18:09:00,18:09:00,1,SOURCE,39.0
11019,VDN,40,18:15:00,18:15:00,1,SOURCE,40.0
11019,TGN,41,18:20:00,18:20:00,1,SOURCE,41.0
11019,GRWD,42,18:23:00,18:23:00,1,SOURCE,42.0
11019,DEHR,43,18:31:00,18:31:00,1,SOURCE,43.0
11019,AKRD,44,18:37:00,18:37:00,1,SOURCE,44.0
11019,CCH,45,18:41:00,18:41:00,1,SOURCE,45.0
11019,PMP,46,18:44:00,18:44:00,1,SOURCE,46.0
11019,KSWD,47,18:46:00,18:46:00,1,SOURCE,47.0
11019,DAPD,48,18:51:00,18:51:00,1,SOURCE,48.0
11019,KK,49,18:53:00,18:53:00,1,SOURCE,49.0
11019,SVJR,50,18:57:00,18:57:00,1,SOURCE,50.0
11019,PUNE,51,19:00:00,19:05:00,1,SOURCE,51.0
11020,PUNE,1,23:45:00,23:50:00,2,DIRECTION_NORMALIZED,4.0
11020,SVJR,2,23:52:00,23:52:00,2,DIRECTION_NORMALIZED,3.0
11020,KK,3,23:56:00,23:56:00,2,DIRECTION_NORMALIZED,2.0
11020,DAPD,4,23:58:00,23:58:00,2,DIRECTION_NORMALIZED,1.0
11020,KSWD,5,00:02:00,00:02:00,3,DIRECTION_NORMALIZED,47.0
11020,PMP,6,00:04:00,00:04:00,3,DIRECTION_NORMALIZED,46.0
11020,CCH,7,00:06:00,00:06:00,3,DIRECTION_NORMALIZED,45.0
11020,AKRD,8,00:10:00,00:10:00,3,DIRECTION_NORMALIZED,44.0
11020,DEHR,9,00:15:00,00:15:00,3,DIRECTION_NORMALIZED,43.0
11020,GRWD,10,00:21:00,00:21:00,3,DIRECTION_NORMALIZED,42.0
11020,TGN,11,00:24:00,00:24:00,3,DIRECTION_NORMALIZED,41.0
11020,VDN,12,00:28:00,00:28:00,3,DIRECTION_NORMALIZED,40.0
11020,KNHE,13,00:34:00,00:34:00,3,DIRECTION_NORMALIZED,39.0
11020,KMST,14,00:38:00,00:38:00,3,DIRECTION_NORMALIZED,38.0
11020,MVL,15,00:47:00,00:47:00,3,DIRECTION_NORMALIZED,37.0
11020,LNL,16,00:54:00,00:55:00,3,DIRECTION_NORMALIZED,36.0
11020,KAD,17,01:02:00,01:02:00,3,DIRECTION_NORMALIZED,35.0
11020,PDI,18,01:38:00,01:38:00,3,DIRECTION_NORMALIZED,34.0
11020,KJT,19,01:44:00,01:45:00,3,DIRECTION_NORMALIZED,33.0
11020,BVS,20,01:53:00,01:53:00,3,DIRECTION_NORMALIZED,32.0
11020,NRL,21,02:01:00,02:01:00,3,DIRECTION_NORMALIZED,31.0
11020,SHLU,22,02:06:00,02:06:00,3,DIRECTION_NORMALIZED,30.0
11020,VGI,23,02:10:00,02:10:00,3,DIRECTION_NORMALIZED,29.0
11020,BUD,24,02:23:00,02:23:00,3,DIRECTION_NORMALIZED,28.0
11020,ABH,25,02:32:00,02:32:00,3,DIRECTION_NORMALIZED,27.0
11020,ULNR,26,02:34:00,02:34:00,3,DIRECTION_NORMALIZED,26.0
11020,VLDI,27,02:37:00,02:37:00,3,DIRECTION_NORMALIZED,25.0
11020,KYN,28,02:39:00,02:40:00,3,DIRECTION_NORMALIZED,24.0
11020,THK,29,02:43:00,02:43:00,3,DIRECTION_NORMALIZED,23.0
11020,DI,30,02:45:00,02:45:00,3,DIRECTION_NORMALIZED,22.0
11020,KOPR,31,02:46:00,02:46:00,3,DIRECTION_NORMALIZED,21.0
11020,DIVA,32,02:50:00,02:50:00,3,DIRECTION_NORMALIZED,20.0
11020,MBQ,33,02:53:00,02:53:00,3,DIRECTION_NORMALIZED,19.0
11020,KLVA,34,02:57:00,02:57:00,3,DIRECTION_NORMALIZED,18.0
11020,TNA,35,02:59:00,03:00:00,3,DIRECTION_NORMALIZED,17.0
11020,MLND,36,03:03:00,03:03:00,3,DIRECTION_NORMALIZED,16.0
11020,NHU,37,03:05:00,03:05:00,3,DIRECTION_NORMALIZED,15.0
11020,BND,38,03:06:00,03:06:00,3,DIRECTION_NORMALIZED,14.0
11020,VK,39,03:10:00,03:10:00,3,DIRECTION_NORMALIZED,13.0
11020,GC,40,03:14:00,03:14:00,3,DIRECTION_NORMALIZED,12.0
11020,VVH,41,03:15:00,03:15:00,3,DIRECTION_NORMALIZED,11.0
11020,CLA,42,03:18:00,03:18:00,3,DIRECTION_NORMALIZED,10.0
11020,SIN,43,03:20:00,03:20:00,3,DIRECTION_NORMALIZED,9.0
11020,MTN,44,03:23:00,03:23:00,3,DIRECTION_NORMALIZED,8.0
11020,DR,45,03:24:00,03:25:00,3,DIRECTION_NORMALIZED,7.0
11020,PR,46,03:28:00,03:28:00,3,DIRECTION_NORMALIZED,6.0
11020,CRD,47,03:35:00,03:35:00,3,DIRECTION_NORMALIZED,5.0
11020,BY,48,03:41:00,03:41:00,3,DIRECTION_NORMALIZED,4.0
11020,SNRD,49,03:47:00,03:47:00,3,DIRECTION_NORMALIZED,3.0
11020,MSD,50,03:51:00,03:51:00,3,DIRECTION_NORMALIZED,2.0
11020,CSMT,51,03:55:00,03:55:00,3,DIRECTION_NORMALIZED,1.0
11023,CSMT,1,17:50:00,17:50:00,1,SOURCE,1.0
11023,MSD,2,17:51:00,17:51:00,1,SOURCE,2.0
11023,SNRD,3,17:53:00,17:53:00,1,SOURCE,3.0
11023,BY,4,17:55:00,17:55:00,1,SOURCE,4.0
11023,CRD,5,17:58:00,17:58:00,1,SOURCE,5.0
11023,PR,6,18:00:00,18:00:00,1,SOURCE,6.0
11023,DR,7,18:02:00,18:04:00,1,SOURCE,7.0
11023,MTN,8,18:05:00,18:05:00,1,SOURCE,8.0
11023,SIN,9,18:08:00,18:08:00,1,SOURCE,9.0
11023,CLA,10,18:11:00,18:11:00,1,SOURCE,10.0
11023,VVH,11,18:13:00,18:13:00,1,SOURCE,11.0
11023,GC,12,18:14:00,18:14:00,1,SOURCE,12.0
11023,VK,13,18:18:00,18:18:00,1,SOURCE,13.0
11023,BND,14,18:22:00,18:22:00,1,SOURCE,14.0
11023,NHU,15,18:23:00,18:23:00,1,SOURCE,15.0
11023,MLND,16,18:25:00,18:25:00,1,SOURCE,16.0
11023,TNA,17,18:28:00,18:28:00,1,SOURCE,17.0
11023,KLVA,18,18:30:00,18:30:00,1,SOURCE,18.0
11023,MBQ,19,18:35:00,18:35:00,1,SOURCE,19.0
11023,DIVA,20,18:37:00,18:37:00,1,SOURCE,20.0
11023,KOPR,21,18:42:00,18:42:00,1,SOURCE,21.0
11023,DI,22,18:43:00,18:43:00,1,SOURCE,22.0
11023,THK,23,18:44:00,18:44:00,1,SOURCE,23.0
11023,KYN,24,18:48:00,18:50:00,1,SOURCE,24.0
11023,VLDI,25,18:53:00,18:53:00,1,SOURCE,25.0
11023,ULNR,26,18:54:00,18:54:00,1,SOURCE,26.0
11023,ABH,27,18:57:00,18:57:00,1,SOURCE,27.0
11023,BUD,28,19:05:00,19:05:00,1,SOURCE,28.0
11023,VGI,29,19:16:00,19:16:00,1,SOURCE,29.0
11023,SHLU,30,19:21:00,19:21:00,1,SOURCE,30.0
11023,NRL,31,19:25:00,19:25:00,1,SOURCE,31.0
11023,BVS,32,19:32:00,19:32:00,1,SOURCE,32.0
11023,KJT,33,19:38:00,19:40:00,1,SOURCE,33.0
11023,PDI,34,19:44:00,19:44:00,1,SOURCE,34.0
11023,KAD,35,20:14:00,20:16:00,1,SOURCE,35.0
11023,LNL,36,20:23:00,20:25:00,1,SOURCE,36.0
11023,MVL,37,20:31:00,20:31:00,1,SOURCE,37.0
11023,KMST,38,20:38:00,20:38:00,1,SOURCE,38.0
11023,KNHE,39,20:42:00,20:42:00,1,SOURCE,39.0
11023,VDN,40,20:46:00,20:46:00,1,SOURCE,40.0
11023,TGN,41,20:50:00,20:52:00,1,SOURCE,41.0
11023,GRWD,42,20:55:00,20:55:00,1,SOURCE,42.0
11023,DEHR,43,21:03:00,21:05:00,1,SOURCE,43.0
11023,AKRD,44,21:11:00,21:11:00,1,SOURCE,44.0
11023,CCH,45,21:14:00,21:14:00,1,SOURCE,45.0
11023,PMP,46,21:16:00,21:18:00,1,SOURCE,46.0
11023,KSWD,47,21:20:00,21:20:00,1,SOURCE,47.0
11023,DAPD,48,21:24:00,21:24:00,1,SOURCE,48.0
11023,KK,49,21:26:00,21:28:00,1,SOURCE,49.0
11023,SVJR,50,21:33:00,21:35:00,1,SOURCE,50.0
11023,PUNE,51,21:55:00,22:05:00,1,SOURCE,51.0
11024,PUNE,1,06:50:00,07:00:00,2,DIRECTION_NORMALIZED,51.0
11024,SVJR,2,07:24:00,07:25:00,2,DIRECTION_NORMALIZED,50.0
11024,KK,3,07:29:00,07:30:00,2,DIRECTION_NORMALIZED,49.0
11024,DAPD,4,07:32:00,07:32:00,2,DIRECTION_NORMALIZED,48.0
11024,KSWD,5,07:37:00,07:37:00,2,DIRECTION_NORMALIZED,47.0
11024,PMP,6,07:39:00,07:40:00,2,DIRECTION_NORMALIZED,46.0
11024,CCH,7,07:43:00,07:43:00,2,DIRECTION_NORMALIZED,45.0
11024,AKRD,8,07:48:00,07:48:00,2,DIRECTION_NORMALIZED,44.0
11024,DEHR,9,07:54:00,07:55:00,2,DIRECTION_NORMALIZED,43.0
11024,GRWD,10,08:07:00,08:07:00,2,DIRECTION_NORMALIZED,42.0
11024,TGN,11,08:13:00,08:15:00,2,DIRECTION_NORMALIZED,41.0
11024,VDN,12,08:20:00,08:20:00,2,DIRECTION_NORMALIZED,40.0
11024,KNHE,13,08:27:00,08:27:00,2,DIRECTION_NORMALIZED,39.0
11024,KMST,14,08:33:00,08:33:00,2,DIRECTION_NORMALIZED,38.0
11024,MVL,15,08:45:00,08:45:00,2,DIRECTION_NORMALIZED,37.0
11024,LNL,16,08:54:00,08:55:00,2,DIRECTION_NORMALIZED,36.0
11024,KAD,17,09:04:00,09:05:00,2,DIRECTION_NORMALIZED,35.0
11024,PDI,18,09:42:00,09:42:00,2,DIRECTION_NORMALIZED,34.0
11024,KJT,19,09:49:00,09:50:00,2,DIRECTION_NORMALIZED,33.0
11024,BVS,20,10:00:00,10:00:00,2,DIRECTION_NORMALIZED,32.0
11024,NRL,21,10:09:00,10:10:00,2,DIRECTION_NORMALIZED,31.0
11024,SHLU,22,10:13:00,10:13:00,2,DIRECTION_NORMALIZED,30.0
11024,VGI,23,10:16:00,10:16:00,2,DIRECTION_NORMALIZED,29.0
11024,BUD,24,10:24:00,10:24:00,2,DIRECTION_NORMALIZED,28.0
11024,ABH,25,10:30:00,10:30:00,2,DIRECTION_NORMALIZED,27.0
11024,ULNR,26,10:32:00,10:32:00,2,DIRECTION_NORMALIZED,26.0
11024,VLDI,27,10:34:00,10:34:00,2,DIRECTION_NORMALIZED,25.0
11024,KYN,28,10:35:00,10:40:00,2,DIRECTION_NORMALIZED,24.0
11024,THK,29,10:43:00,10:43:00,2,DIRECTION_NORMALIZED,23.0
11024,DI,30,10:45:00,10:45:00,2,DIRECTION_NORMALIZED,22.0
11024,KOPR,31,10:46:00,10:46:00,2,DIRECTION_NORMALIZED,21.0
11024,DIVA,32,10:50:00,10:50:00,2,DIRECTION_NORMALIZED,20.0
11024,MBQ,33,10:52:00,10:52:00,2,DIRECTION_NORMALIZED,19.0
11024,KLVA,34,10:56:00,10:56:00,2,DIRECTION_NORMALIZED,18.0
11024,TNA,35,10:58:00,11:00:00,2,DIRECTION_NORMALIZED,17.0
11024,MLND,36,11:03:00,11:03:00,2,DIRECTION_NORMALIZED,16.0
11024,NHU,37,11:06:00,11:06:00,2,DIRECTION_NORMALIZED,15.0
11024,BND,38,11:08:00,11:08:00,2,DIRECTION_NORMALIZED,14.0
11024,VK,39,11:12:00,11:12:00,2,DIRECTION_NORMALIZED,13.0
11024,GC,40,11:16:00,11:16:00,2,DIRECTION_NORMALIZED,12.0
11024,VVH,41,11:18:00,11:18:00,2,DIRECTION_NORMALIZED,11.0
11024,CLA,42,11:21:00,11:21:00,2,DIRECTION_NORMALIZED,10.0
11024,SIN,43,11:24:00,11:24:00,2,DIRECTION_NORMALIZED,9.0
11024,MTN,44,11:27:00,11:27:00,2,DIRECTION_NORMALIZED,8.0
11024,DR,45,11:28:00,11:30:00,2,DIRECTION_NORMALIZED,7.0
11024,PR,46,11:33:00,11:33:00,2,DIRECTION_NORMALIZED,6.0
11024,CRD,47,11:38:00,11:38:00,2,DIRECTION_NORMALIZED,5.0
11024,BY,48,11:43:00,11:43:00,2,DIRECTION_NORMALIZED,4.0
11024,SNRD,49,11:49:00,11:49:00,2,DIRECTION_NORMALIZED,3.0
11024,MSD,50,11:52:00,11:52:00,2,DIRECTION_NORMALIZED,2.0
11024,CSMT,51,11:55:00,11:55:00,2,DIRECTION_NORMALIZED,1.0
11025,KYN,1,08:00:00,08:05:00,1,SOURCE,5.0
11025,THK,2,08:10:00,08:10:00,1,SOURCE,4.0
11025,DI,3,08:13:00,08:13:00,1,SOURCE,3.0
11025,KOPR,4,08:14:00,08:14:00,1,SOURCE,2.0
11025,DIVA,5,08:21:00,08:21:00,1,SOURCE,1.0
11025,KJT,6,09:58:00,10:00:00,1,SOURCE,6.0
11025,PDI,7,10:06:00,10:06:00,1,SOURCE,7.0
11025,KAD,8,10:46:00,10:46:00,1,SOURCE,8.0
11025,LNL,9,10:53:00,10:55:00,1,SOURCE,9.0
11025,MVL,10,11:00:00,11:00:00,1,SOURCE,10.0
11025,KMST,11,11:06:00,11:06:00,1,SOURCE,11.0
11025,KNHE,12,11:09:00,11:09:00,1,SOURCE,12.0
11025,VDN,13,11:13:00,11:13:00,1,SOURCE,13.0
11025,TGN,14,11:16:00,11:16:00,1,SOURCE,14.0
11025,GRWD,15,11:18:00,11:18:00,1,SOURCE,15.0
11025,DEHR,16,11:23:00,11:23:00,1,SOURCE,16.0
11025,AKRD,17,11:26:00,11:26:00,1,SOURCE,17.0
11025,CCH,18,11:28:00,11:30:00,1,SOURCE,18.0
11025,PMP,19,11:35:00,11:35:00,1,SOURCE,19.0
11025,KSWD,20,11:39:00,11:39:00,1,SOURCE,20.0
11025,DAPD,21,11:47:00,11:47:00,1,SOURCE,21.0
11025,KK,22,11:51:00,11:51:00,1,SOURCE,22.0
11025,SVJR,23,11:59:00,11:59:00,1,SOURCE,23.0
11025,PUNE,24,12:05:00,12:05:00,1,SOURCE,24.0
11026,PUNE,1,12:50:00,12:50:00,1,DIRECTION_NORMALIZED,24.0
11026,SVJR,2,12:52:00,12:52:00,1,DIRECTION_NORMALIZED,23.0
11026,KK,3,12:56:00,12:56:00,1,DIRECTION_NORMALIZED,22.0
11026,DAPD,4,12:58:00,12:58:00,1,DIRECTION_NORMALIZED,21.0
11026,KSWD,5,13:01:00,13:01:00,1,DIRECTION_NORMALIZED,20.0
11026,PMP,6,13:03:00,13:03:00,1,DIRECTION_NORMALIZED,19.0
11026,CCH,7,13:06:00,13:08:00,1,DIRECTION_NORMALIZED,18.0
11026,AKRD,8,13:11:00,13:11:00,1,DIRECTION_NORMALIZED,17.0
11026,DEHR,9,13:17:00,13:17:00,1,DIRECTION_NORMALIZED,16.0
11026,GRWD,10,13:24:00,13:24:00,1,DIRECTION_NORMALIZED,15.0
11026,TGN,11,13:27:00,13:27:00,1,DIRECTION_NORMALIZED,14.0
11026,VDN,12,13:31:00,13:31:00,1,DIRECTION_NORMALIZED,13.0
11026,KNHE,13,13:37:00,13:37:00,1,DIRECTION_NORMALIZED,12.0
11026,KMST,14,13:41:00,13:41:00,1,DIRECTION_NORMALIZED,11.0
11026,MVL,15,13:51:00,13:51:00,1,DIRECTION_NORMALIZED,10.0
11026,LNL,16,13:58:00,14:00:00,1,DIRECTION_NORMALIZED,9.0
11026,KAD,17,14:07:00,14:07:00,1,DIRECTION_NORMALIZED,8.0
11026,PDI,18,14:47:00,14:47:00,1,DIRECTION_NORMALIZED,7.0
11026,KJT,19,14:53:00,14:55:00,1,DIRECTION_NORMALIZED,6.0
11026,DIVA,20,16:28:00,16:28:00,1,DIRECTION_NORMALIZED,1.0
11026,KOPR,21,16:35:00,16:35:00,1,DIRECTION_NORMALIZED,2.0
11026,DI,22,16:37:00,16:37:00,1,DIRECTION_NORMALIZED,3.0
11026,THK,23,16:40:00,16:40:00,1,DIRECTION_NORMALIZED,4.0
11026,KYN,24,16:45:00,16:50:00,1,DIRECTION_NORMALIZED,5.0
11027,CSMT,1,23:45:00,23:45:00,1,SOURCE,1.0
11027,MSD,2,23:46:00,23:46:00,1,SOURCE,2.0
11027,SNRD,3,23:47:00,23:47:00,1,SOURCE,3.0
11027,BY,4,23:48:00,23:48:00,1,SOURCE,4.0
11027,CRD,5,23:50:00,23:50:00,1,SOURCE,5.0
11027,PR,6,23:52:00,23:52:00,1,SOURCE,6.0
11027,DR,7,23:53:00,23:55:00,1,SOURCE,7.0
11027,MTN,8,23:56:00,23:56:00,1,SOURCE,8.0
11027,SIN,9,23:59:00,23:59:00,1,SOURCE,9.0
11027,CLA,10,00:01:00,00:01:00,2,SOURCE,1.0
11027,VVH,11,00:04:00,00:04:00,2,SOURCE,2.0
11027,GC,12,00:05:00,00:05:00,2,SOURCE,3.0
11027,VK,13,00:09:00,00:09:00,2,SOURCE,4.0
11027,BND,14,00:12:00,00:12:00,2,SOURCE,5.0
11027,NHU,15,00:14:00,00:14:00,2,SOURCE,6.0
11027,MLND,16,00:16:00,00:16:00,2,SOURCE,7.0
11027,TNA,17,00:18:00,00:18:00,2,SOURCE,8.0
11027,KLVA,18,00:21:00,00:21:00,2,SOURCE,9.0
11027,MBQ,19,00:25:00,00:25:00,2,SOURCE,10.0
11027,DIVA,20,00:28:00,00:28:00,2,SOURCE,11.0
11027,KOPR,21,00:32:00,00:32:00,2,SOURCE,12.0
11027,DI,22,00:33:00,00:33:00,2,SOURCE,13.0
11027,THK,23,00:34:00,00:34:00,2,SOURCE,14.0
11027,KYN,24,00:38:00,00:40:00,2,SOURCE,15.0
11027,VLDI,25,00:42:00,00:42:00,2,SOURCE,16.0
11027,ULNR,26,00:44:00,00:44:00,2,SOURCE,17.0
11027,ABH,27,00:46:00,00:46:00,2,SOURCE,18.0
11027,BUD,28,00:54:00,00:54:00,2,SOURCE,19.0
11027,VGI,29,01:04:00,01:04:00,2,SOURCE,20.0
11027,SHLU,30,01:07:00,01:07:00,2,SOURCE,21.0
11027,NRL,31,01:11:00,01:11:00,2,SOURCE,22.0
11027,BVS,32,01:18:00,01:18:00,2,SOURCE,23.0
11027,KJT,33,01:23:00,01:25:00,2,SOURCE,24.0
11027,PDI,34,01:30:00,01:30:00,2,SOURCE,25.0
11027,KAD,35,02:06:00,02:06:00,2,SOURCE,26.0
11027,LNL,36,02:13:00,02:15:00,2,SOURCE,27.0
11027,MVL,37,02:21:00,02:21:00,2,SOURCE,28.0
11027,KMST,38,02:27:00,02:27:00,2,SOURCE,29.0
11027,KNHE,39,02:31:00,02:31:00,2,SOURCE,30.0
11027,VDN,40,02:35:00,02:35:00,2,SOURCE,31.0
11027,TGN,41,02:38:00,02:38:00,2,SOURCE,32.0
11027,GRWD,42,02:40:00,02:40:00,2,SOURCE,33.0
11027,DEHR,43,02:46:00,02:46:00,2,SOURCE,34.0
11027,AKRD,44,02:50:00,02:50:00,2,SOURCE,35.0
11027,CCH,45,02:52:00,02:52:00,2,SOURCE,36.0
11027,PMP,46,02:54:00,02:54:00,2,SOURCE,37.0
11027,KSWD,47,02:56:00,02:56:00,2,SOURCE,38.0
11027,DAPD,48,02:58:00,02:58:00,2,SOURCE,39.0
11027,KK,49,03:00:00,03:02:00,2,SOURCE,40.0
11027,SVJR,50,03:16:00,03:16:00,2,SOURCE,41.0
11027,PUNE,51,03:25:00,03:35:00,2,SOURCE,42.0
11028,PUNE,1,23:20:00,23:30:00,2,DIRECTION_NORMALIZED,8.0
11028,SVJR,2,23:34:00,23:34:00,2,DIRECTION_NORMALIZED,7.0
11028,KK,3,23:39:00,23:40:00,2,DIRECTION_NORMALIZED,6.0
11028,DAPD,4,23:42:00,23:42:00,2,DIRECTION_NORMALIZED,5.0
11028,KSWD,5,23:46:00,23:46:00,2,DIRECTION_NORMALIZED,4.0
11028,PMP,6,23:49:00,23:49:00,2,DIRECTION_NORMALIZED,3.0
11028,CCH,7,23:52:00,23:52:00,2,DIRECTION_NORMALIZED,2.0
11028,AKRD,8,23:55:00,23:55:00,2,DIRECTION_NORMALIZED,1.0
11028,DEHR,9,00:01:00,00:01:00,3,DIRECTION_NORMALIZED,43.0
11028,GRWD,10,00:08:00,00:08:00,3,DIRECTION_NORMALIZED,42.0
11028,TGN,11,00:11:00,00:11:00,3,DIRECTION_NORMALIZED,41.0
11028,VDN,12,00:16:00,00:16:00,3,DIRECTION_NORMALIZED,40.0
11028,KNHE,13,00:21:00,00:21:00,3,DIRECTION_NORMALIZED,39.0
11028,KMST,14,00:26:00,00:26:00,3,DIRECTION_NORMALIZED,38.0
11028,MVL,15,00:36:00,00:36:00,3,DIRECTION_NORMALIZED,37.0
11028,LNL,16,00:44:00,00:45:00,3,DIRECTION_NORMALIZED,36.0
11028,KAD,17,00:52:00,00:52:00,3,DIRECTION_NORMALIZED,35.0
11028,PDI,18,01:28:00,01:28:00,3,DIRECTION_NORMALIZED,34.0
11028,KJT,19,01:34:00,01:35:00,3,DIRECTION_NORMALIZED,33.0
11028,BVS,20,01:43:00,01:43:00,3,DIRECTION_NORMALIZED,32.0
11028,NRL,21,01:51:00,01:51:00,3,DIRECTION_NORMALIZED,31.0
11028,SHLU,22,01:56:00,01:56:00,3,DIRECTION_NORMALIZED,30.0
11028,VGI,23,02:01:00,02:01:00,3,DIRECTION_NORMALIZED,29.0
11028,BUD,24,02:14:00,02:14:00,3,DIRECTION_NORMALIZED,28.0
11028,ABH,25,02:23:00,02:23:00,3,DIRECTION_NORMALIZED,27.0
11028,ULNR,26,02:26:00,02:26:00,3,DIRECTION_NORMALIZED,26.0
11028,VLDI,27,02:28:00,02:28:00,3,DIRECTION_NORMALIZED,25.0
11028,KYN,28,02:29:00,02:30:00,3,DIRECTION_NORMALIZED,24.0
11028,THK,29,02:33:00,02:33:00,3,DIRECTION_NORMALIZED,23.0
11028,KOPR,30,02:34:00,02:34:00,3,DIRECTION_NORMALIZED,21.0
11028,DI,31,02:34:00,02:34:00,3,DIRECTION_NORMALIZED,22.0
11028,DIVA,32,02:38:00,02:38:00,3,DIRECTION_NORMALIZED,20.0
11028,MBQ,33,02:39:00,02:39:00,3,DIRECTION_NORMALIZED,19.0
11028,KLVA,34,02:43:00,02:43:00,3,DIRECTION_NORMALIZED,18.0
11028,TNA,35,02:44:00,02:45:00,3,DIRECTION_NORMALIZED,17.0
11028,MLND,36,02:48:00,02:48:00,3,DIRECTION_NORMALIZED,16.0
11028,NHU,37,02:51:00,02:51:00,3,DIRECTION_NORMALIZED,15.0
11028,BND,38,02:53:00,02:53:00,3,DIRECTION_NORMALIZED,14.0
11028,VK,39,02:57:00,02:57:00,3,DIRECTION_NORMALIZED,13.0
11028,GC,40,03:01:00,03:01:00,3,DIRECTION_NORMALIZED,12.0
11028,VVH,41,03:03:00,03:03:00,3,DIRECTION_NORMALIZED,11.0
11028,CLA,42,03:06:00,03:06:00,3,DIRECTION_NORMALIZED,10.0
11028,SIN,43,03:09:00,03:09:00,3,DIRECTION_NORMALIZED,9.0
11028,MTN,44,03:12:00,03:12:00,3,DIRECTION_NORMALIZED,8.0
11028,DR,45,03:14:00,03:15:00,3,DIRECTION_NORMALIZED,7.0
11028,PR,46,03:18:00,03:18:00,3,DIRECTION_NORMALIZED,6.0
11028,CRD,47,03:25:00,03:25:00,3,DIRECTION_NORMALIZED,5.0
11028,BY,48,03:31:00,03:31:00,3,DIRECTION_NORMALIZED,4.0
11028,SNRD,49,03:37:00,03:37:00,3,DIRECTION_NORMALIZED,3.0
11028,MSD,50,03:41:00,03:41:00,3,DIRECTION_NORMALIZED,2.0
11028,CSMT,51,03:45:00,03:45:00,3,DIRECTION_NORMALIZED,1.0
11029,CSMT,1,08:40:00,08:40:00,1,SOURCE,1.0
11029,MSD,2,08:41:00,08:41:00,1,SOURCE,2.0
11029,SNRD,3,08:43:00,08:43:00,1,SOURCE,3.0
11029,BY,4,08:46:00,08:46:00,1,SOURCE,4.0
11029,CRD,5,08:48:00,08:48:00,1,SOURCE,5.0
11029,PR,6,08:51:00,08:51:00,1,SOURCE,6.0
11029,DR,7,08:53:00,08:55:00,1,SOURCE,7.0
11029,MTN,8,08:56:00,08:56:00,1,SOURCE,8.0
11029,SIN,9,08:58:00,08:58:00,1,SOURCE,9.0
11029,CLA,10,09:00:00,09:00:00,1,SOURCE,10.0
11029,VVH,11,09:02:00,09:02:00,1,SOURCE,11.0
11029,GC,12,09:03:00,09:03:00,1,SOURCE,12.0
11029,VK,13,09:05:00,09:05:00,1,SOURCE,13.0
11029,BND,14,09:08:00,09:08:00,1,SOURCE,14.0
11029,NHU,15,09:09:00,09:09:00,1,SOURCE,15.0
11029,MLND,16,09:11:00,09:11:00,1,SOURCE,16.0
11029,TNA,17,09:13:00,09:15:00,1,SOURCE,17.0
11029,KLVA,18,09:17:00,09:17:00,1,SOURCE,18.0
11029,MBQ,19,09:21:00,09:21:00,1,SOURCE,19.0
11029,DIVA,20,09:24:00,09:24:00,1,SOURCE,20.0
11029,KOPR,21,09:28:00,09:28:00,1,SOURCE,21.0
11029,DI,22,09:29:00,09:29:00,1,SOURCE,22.0
11029,THK,23,09:30:00,09:30:00,1,SOURCE,23.0
11029,KYN,24,09:33:00,09:35:00,1,SOURCE,24.0
11029,VLDI,25,09:37:00,09:37:00,1,SOURCE,25.0
11029,ULNR,26,09:39:00,09:39:00,1,SOURCE,26.0
11029,ABH,27,09:41:00,09:41:00,1,SOURCE,27.0
11029,BUD,28,09:47:00,09:47:00,1,SOURCE,28.0
11029,VGI,29,09:56:00,09:56:00,1,SOURCE,29.0
11029,SHLU,30,10:00:00,10:00:00,1,SOURCE,30.0
11029,NRL,31,10:03:00,10:05:00,1,SOURCE,31.0
11029,BVS,32,10:12:00,10:12:00,1,SOURCE,32.0
11029,KJT,33,10:18:00,10:20:00,1,SOURCE,33.0
11029,PDI,34,10:25:00,10:25:00,1,SOURCE,34.0
11029,KAD,35,10:58:00,11:00:00,1,SOURCE,35.0
11029,LNL,36,11:13:00,11:15:00,1,SOURCE,36.0
11029,MVL,37,11:20:00,11:20:00,1,SOURCE,37.0
11029,KMST,38,11:27:00,11:27:00,1,SOURCE,38.0
11029,KNHE,39,11:31:00,11:31:00,1,SOURCE,39.0
11029,VDN,40,11:35:00,11:35:00,1,SOURCE,40.0
11029,TGN,41,11:38:00,11:40:00,1,SOURCE,41.0
11029,GRWD,42,11:43:00,11:43:00,1,SOURCE,42.0
11029,DEHR,43,11:50:00,11:50:00,1,SOURCE,43.0
11029,AKRD,44,11:55:00,11:55:00,1,SOURCE,44.0
11029,CCH,45,11:58:00,12:00:00,1,SOURCE,45.0
11029,PMP,46,12:02:00,12:02:00,1,SOURCE,46.0
11029,KSWD,47,12:04:00,12:04:00,1,SOURCE,47.0
11029,DAPD,48,12:08:00,12:08:00,1,SOURCE,48.0
11029,KK,49,12:10:00,12:12:00,1,SOURCE,49.0
11029,SVJR,50,12:18:00,12:20:00,1,SOURCE,50.0
11029,PUNE,51,12:40:00,12:45:00,1,SOURCE,51.0
11030,PUNE,1,15:40:00,15:45:00,1,DIRECTION_NORMALIZED,51.0
11030,SVJR,2,15:53:00,15:55:00,1,DIRECTION_NORMALIZED,50.0
11030,KK,3,16:01:00,16:01:00,1,DIRECTION_NORMALIZED,49.0
11030,DAPD,4,16:05:00,16:05:00,1,DIRECTION_NORMALIZED,48.0
11030,KSWD,5,16:12:00,16:12:00,1,DIRECTION_NORMALIZED,47.0
11030,PMP,6,16:16:00,16:16:00,1,DIRECTION_NORMALIZED,46.0
11030,CCH,7,16:20:00,16:22:00,1,DIRECTION_NORMALIZED,45.0
11030,AKRD,8,16:25:00,16:25:00,1,DIRECTION_NORMALIZED,44.0
11030,DEHR,9,16:29:00,16:29:00,1,DIRECTION_NORMALIZED,43.0
11030,GRWD,10,16:35:00,16:35:00,1,DIRECTION_NORMALIZED,42.0
11030,TGN,11,16:38:00,16:40:00,1,DIRECTION_NORMALIZED,41.0
11030,VDN,12,16:44:00,16:44:00,1,DIRECTION_NORMALIZED,40.0
11030,KNHE,13,16:50:00,16:50:00,1,DIRECTION_NORMALIZED,39.0
11030,KMST,14,16:55:00,16:55:00,1,DIRECTION_NORMALIZED,38.0
11030,MVL,15,17:05:00,17:05:00,1,DIRECTION_NORMALIZED,37.0
11030,LNL,16,17:13:00,17:15:00,1,DIRECTION_NORMALIZED,36.0
11030,KAD,17,17:23:00,17:25:00,1,DIRECTION_NORMALIZED,35.0
11030,PDI,18,18:01:00,18:01:00,1,DIRECTION_NORMALIZED,34.0
11030,KJT,19,18:08:00,18:10:00,1,DIRECTION_NORMALIZED,33.0
11030,BVS,20,18:16:00,18:16:00,1,DIRECTION_NORMALIZED,32.0
11030,NRL,21,18:23:00,18:23:00,1,DIRECTION_NORMALIZED,31.0
11030,SHLU,22,18:27:00,18:27:00,1,DIRECTION_NORMALIZED,30.0
11030,VGI,23,18:30:00,18:30:00,1,DIRECTION_NORMALIZED,29.0
11030,BUD,24,18:40:00,18:40:00,1,DIRECTION_NORMALIZED,28.0
11030,ABH,25,18:48:00,18:48:00,1,DIRECTION_NORMALIZED,27.0
11030,ULNR,26,18:50:00,18:50:00,1,DIRECTION_NORMALIZED,26.0
11030,VLDI,27,18:52:00,18:52:00,1,DIRECTION_NORMALIZED,25.0
11030,KYN,28,18:53:00,18:55:00,1,DIRECTION_NORMALIZED,24.0
11030,THK,29,18:59:00,18:59:00,1,DIRECTION_NORMALIZED,23.0
11030,DI,30,19:01:00,19:01:00,1,DIRECTION_NORMALIZED,22.0
11030,KOPR,31,19:02:00,19:02:00,1,DIRECTION_NORMALIZED,21.0
11030,DIVA,32,19:07:00,19:07:00,1,DIRECTION_NORMALIZED,20.0
11030,MBQ,33,19:10:00,19:10:00,1,DIRECTION_NORMALIZED,19.0
11030,KLVA,34,19:15:00,19:15:00,1,DIRECTION_NORMALIZED,18.0
11030,TNA,35,19:18:00,19:20:00,1,DIRECTION_NORMALIZED,17.0
11030,MLND,36,19:24:00,19:24:00,1,DIRECTION_NORMALIZED,16.0
11030,NHU,37,19:28:00,19:28:00,1,DIRECTION_NORMALIZED,15.0
11030,BND,38,19:30:00,19:30:00,1,DIRECTION_NORMALIZED,14.0
11030,VK,39,19:36:00,19:36:00,1,DIRECTION_NORMALIZED,13.0
11030,GC,40,19:42:00,19:42:00,1,DIRECTION_NORMALIZED,12.0
11030,VVH,41,19:44:00,19:44:00,1,DIRECTION_NORMALIZED,11.0
11030,CLA,42,19:48:00,19:48:00,1,DIRECTION_NORMALIZED,10.0
11030,SIN,43,19:52:00,19:52:00,1,DIRECTION_NORMALIZED,9.0
11030,MTN,44,19:56:00,19:56:00,1,DIRECTION_NORMALIZED,8.0
11030,DR,45,19:58:00,20:00:00,1,DIRECTION_NORMALIZED,7.0
11030,PR,46,20:02:00,20:02:00,1,DIRECTION_NORMALIZED,6.0
11030,CRD,47,20:07:00,20:07:00,1,DIRECTION_NORMALIZED,5.0
11030,BY,48,20:12:00,20:12:00,1,DIRECTION_NORMALIZED,4.0
11030,SNRD,49,20:16:00,20:16:00,1,DIRECTION_NORMALIZED,3.0
11030,MSD,50,20:19:00,20:19:00,1,DIRECTION_NORMALIZED,2.0
11030,CSMT,51,20:22:00,20:22:00,1,DIRECTION_NORMALIZED,1.0
11035,DR,1,21:30:00,21:30:00,1,SOURCE,1.0
11035,MTN,2,21:31:00,21:31:00,1,SOURCE,2.0
11035,SIN,3,21:34:00,21:34:00,1,SOURCE,3.0
11035,CLA,4,21:36:00,21:36:00,1,SOURCE,4.0
11035,VVH,5,21:39:00,21:39:00,1,SOURCE,5.0
11035,GC,6,21:40:00,21:40:00,1,SOURCE,6.0
11035,VK,7,21:43:00,21:43:00,1,SOURCE,7.0
11035,BND,8,21:47:00,21:47:00,1,SOURCE,8.0
11035,NHU,9,21:49:00,21:49:00,1,SOURCE,9.0
11035,MLND,10,21:51:00,21:51:00,1,SOURCE,10.0
11035,TNA,11,21:53:00,21:53:00,1,SOURCE,11.0
11035,KLVA,12,21:56:00,21:56:00,1,SOURCE,12.0
11035,MBQ,13,22:00:00,22:00:00,1,SOURCE,13.0
11035,DIVA,14,22:02:00,22:02:00,1,SOURCE,14.0
11035,KOPR,15,22:06:00,22:06:00,1,SOURCE,15.0
11035,DI,16,22:08:00,22:08:00,1,SOURCE,16.0
11035,THK,17,22:09:00,22:09:00,1,SOURCE,17.0
11035,KYN,18,22:13:00,22:15:00,1,SOURCE,18.0
11035,VLDI,19,22:18:00,22:18:00,1,SOURCE,19.0
11035,ULNR,20,22:20:00,22:20:00,1,SOURCE,20.0
11035,ABH,21,22:23:00,22:23:00,1,SOURCE,21.0
11035,BUD,22,22:32:00,22:32:00,1,SOURCE,22.0
11035,VGI,23,22:44:00,22:44:00,1,SOURCE,23.0
11035,SHLU,24,22:49:00,22:49:00,1,SOURCE,24.0
11035,NRL,25,22:53:00,22:53:00,1,SOURCE,25.0
11035,BVS,26,23:01:00,23:01:00,1,SOURCE,26.0
11035,KJT,27,23:08:00,23:10:00,1,SOURCE,27.0
11035,PDI,28,23:14:00,23:14:00,1,SOURCE,28.0
11035,KAD,29,23:47:00,23:47:00,1,SOURCE,29.0
11035,LNL,30,23:53:00,23:55:00,1,SOURCE,30.0
11035,MVL,31,00:02:00,00:02:00,2,SOURCE,1.0
11035,KMST,32,00:11:00,00:11:00,2,SOURCE,2.0
11035,KNHE,33,00:16:00,00:16:00,2,SOURCE,3.0
11035,VDN,34,00:21:00,00:21:00,2,SOURCE,4.0
11035,TGN,35,00:25:00,00:25:00,2,SOURCE,5.0
11035,GRWD,36,00:28:00,00:28:00,2,SOURCE,6.0
11035,DEHR,37,00:35:00,00:35:00,2,SOURCE,7.0
11035,AKRD,38,00:40:00,00:40:00,2,SOURCE,8.0
11035,CCH,39,00:43:00,00:43:00,2,SOURCE,9.0
11035,PMP,40,00:45:00,00:45:00,2,SOURCE,10.0
11035,KSWD,41,00:48:00,00:48:00,2,SOURCE,11.0
11035,DAPD,42,00:51:00,00:51:00,2,SOURCE,12.0
11035,KK,43,00:53:00,00:53:00,2,SOURCE,13.0
11035,SVJR,44,00:57:00,00:57:00,2,SOURCE,14.0
11035,PUNE,45,01:00:00,01:10:00,2,SOURCE,15.0
11036,PUNE,1,02:10:00,02:20:00,2,DIRECTION_NORMALIZED,45.0
11036,SVJR,2,02:22:00,02:22:00,2,DIRECTION_NORMALIZED,44.0
11036,KK,3,02:26:00,02:26:00,2,DIRECTION_NORMALIZED,43.0
11036,DAPD,4,02:28:00,02:28:00,2,DIRECTION_NORMALIZED,42.0
11036,KSWD,5,02:32:00,02:32:00,2,DIRECTION_NORMALIZED,41.0
11036,PMP,6,02:34:00,02:34:00,2,DIRECTION_NORMALIZED,40.0
11036,CCH,7,02:36:00,02:36:00,2,DIRECTION_NORMALIZED,39.0
11036,AKRD,8,02:40:00,02:40:00,2,DIRECTION_NORMALIZED,38.0
11036,DEHR,9,02:44:00,02:44:00,2,DIRECTION_NORMALIZED,37.0
11036,GRWD,10,02:51:00,02:51:00,2,DIRECTION_NORMALIZED,36.0
11036,TGN,11,02:54:00,02:54:00,2,DIRECTION_NORMALIZED,35.0
11036,VDN,12,02:58:00,02:58:00,2,DIRECTION_NORMALIZED,34.0
11036,KNHE,13,03:03:00,03:03:00,2,DIRECTION_NORMALIZED,33.0
11036,KMST,14,03:08:00,03:08:00,2,DIRECTION_NORMALIZED,32.0
11036,MVL,15,03:16:00,03:16:00,2,DIRECTION_NORMALIZED,31.0
11036,LNL,16,03:24:00,03:25:00,2,DIRECTION_NORMALIZED,30.0
11036,KAD,17,03:29:00,03:29:00,2,DIRECTION_NORMALIZED,29.0
11036,PDI,18,03:55:00,03:55:00,2,DIRECTION_NORMALIZED,28.0
11036,KJT,19,03:58:00,03:58:00,2,DIRECTION_NORMALIZED,27.0
11036,BVS,20,04:06:00,04:06:00,2,DIRECTION_NORMALIZED,26.0
11036,NRL,21,04:14:00,04:14:00,2,DIRECTION_NORMALIZED,25.0
11036,SHLU,22,04:19:00,04:19:00,2,DIRECTION_NORMALIZED,24.0
11036,VGI,23,04:24:00,04:24:00,2,DIRECTION_NORMALIZED,23.0
11036,BUD,24,04:37:00,04:37:00,2,DIRECTION_NORMALIZED,22.0
11036,ABH,25,04:46:00,04:46:00,2,DIRECTION_NORMALIZED,21.0
11036,ULNR,26,04:49:00,04:49:00,2,DIRECTION_NORMALIZED,20.0
11036,VLDI,27,04:52:00,04:52:00,2,DIRECTION_NORMALIZED,19.0
11036,KYN,28,04:54:00,04:55:00,2,DIRECTION_NORMALIZED,18.0
11036,THK,29,04:59:00,04:59:00,2,DIRECTION_NORMALIZED,17.0
11036,DI,30,05:01:00,05:01:00,2,DIRECTION_NORMALIZED,16.0
11036,KOPR,31,05:03:00,05:03:00,2,DIRECTION_NORMALIZED,15.0
11036,DIVA,32,05:08:00,05:08:00,2,DIRECTION_NORMALIZED,14.0
11036,MBQ,33,05:11:00,05:11:00,2,DIRECTION_NORMALIZED,13.0
11036,KLVA,34,05:17:00,05:17:00,2,DIRECTION_NORMALIZED,12.0
11036,TNA,35,05:20:00,05:20:00,2,DIRECTION_NORMALIZED,11.0
11036,MLND,36,05:23:00,05:23:00,2,DIRECTION_NORMALIZED,10.0
11036,NHU,37,05:26:00,05:26:00,2,DIRECTION_NORMALIZED,9.0
11036,BND,38,05:28:00,05:28:00,2,DIRECTION_NORMALIZED,8.0
11036,VK,39,05:32:00,05:32:00,2,DIRECTION_NORMALIZED,7.0
11036,GC,40,05:37:00,05:37:00,2,DIRECTION_NORMALIZED,6.0
11036,VVH,41,05:38:00,05:38:00,2,DIRECTION_NORMALIZED,5.0
11036,CLA,42,05:41:00,05:41:00,2,DIRECTION_NORMALIZED,4.0
11036,SIN,43,05:44:00,05:44:00,2,DIRECTION_NORMALIZED,3.0
11036,MTN,44,05:48:00,05:48:00,2,DIRECTION_NORMALIZED,2.0
11036,DR,45,05:50:00,05:50:00,2,DIRECTION_NORMALIZED,1.0
11041,CSMT,1,14:00:00,14:00:00,1,SOURCE,1.0
11041,MSD,2,14:01:00,14:01:00,1,SOURCE,2.0
11041,SNRD,3,14:03:00,14:03:00,1,SOURCE,3.0
11041,BY,4,14:05:00,14:05:00,1,SOURCE,4.0
11041,CRD,5,14:08:00,14:08:00,1,SOURCE,5.0
11041,PR,6,14:10:00,14:10:00,1,SOURCE,6.0
11041,DR,7,14:12:00,14:15:00,1,SOURCE,7.0
11041,MTN,8,14:16:00,14:16:00,1,SOURCE,8.0
11041,SIN,9,14:19:00,14:19:00,1,SOURCE,9.0
11041,CLA,10,14:21:00,14:21:00,1,SOURCE,10.0
11041,VVH,11,14:23:00,14:23:00,1,SOURCE,11.0
11041,GC,12,14:25:00,14:25:00,1,SOURCE,12.0
11041,VK,13,14:28:00,14:28:00,1,SOURCE,13.0
11041,BND,14,14:31:00,14:31:00,1,SOURCE,14.0
11041,NHU,15,14:33:00,14:33:00,1,SOURCE,15.0
11041,MLND,16,14:35:00,14:35:00,1,SOURCE,16.0
11041,TNA,17,14:38:00,14:40:00,1,SOURCE,17.0
11041,KLVA,18,14:43:00,14:43:00,1,SOURCE,18.0
11041,MBQ,19,14:47:00,14:47:00,1,SOURCE,19.0
11041,DIVA,20,14:50:00,14:50:00,1,SOURCE,20.0
11041,KOPR,21,14:54:00,14:54:00,1,SOURCE,21.0
11041,DI,22,14:55:00,14:55:00,1,SOURCE,22.0
11041,THK,23,14:57:00,14:57:00,1,SOURCE,23.0
11041,KYN,24,15:00:00,15:05:00,1,SOURCE,24.0
11041,VLDI,25,15:07:00,15:07:00,1,SOURCE,25.0
11041,ULNR,26,15:09:00,15:09:00,1,SOURCE,26.0
11041,ABH,27,15:11:00,15:11:00,1,SOURCE,27.0
11041,BUD,28,15:18:00,15:18:00,1,SOURCE,28.0
11041,VGI,29,15:29:00,15:29:00,1,SOURCE,29.0
11041,SHLU,30,15:32:00,15:32:00,1,SOURCE,30.0
11041,NRL,31,15:36:00,15:36:00,1,SOURCE,31.0
11041,BVS,32,15:42:00,15:42:00,1,SOURCE,32.0
11041,KJT,33,15:48:00,15:50:00,1,SOURCE,33.0
11041,PDI,34,15:55:00,15:55:00,1,SOURCE,34.0
11041,KAD,35,16:31:00,16:31:00,1,SOURCE,35.0
11041,LNL,36,16:38:00,16:40:00,1,SOURCE,36.0
11041,MVL,37,16:46:00,16:46:00,1,SOURCE,37.0
11041,KMST,38,16:53:00,16:53:00,1,SOURCE,38.0
11041,KNHE,39,16:56:00,16:56:00,1,SOURCE,39.0
11041,VDN,40,17:00:00,17:00:00,1,SOURCE,40.0
11041,TGN,41,17:03:00,17:03:00,1,SOURCE,41.0
11041,GRWD,42,17:06:00,17:06:00,1,SOURCE,42.0
11041,DEHR,43,17:11:00,17:11:00,1,SOURCE,43.0
11041,AKRD,44,17:15:00,17:15:00,1,SOURCE,44.0
11041,CCH,45,17:17:00,17:17:00,1,SOURCE,45.0
11041,PMP,46,17:19:00,17:19:00,1,SOURCE,46.0
11041,KSWD,47,17:21:00,17:21:00,1,SOURCE,47.0
11041,DAPD,48,17:24:00,17:24:00,1,SOURCE,48.0
11041,KK,49,17:26:00,17:28:00,1,SOURCE,49.0
11041,SVJR,50,17:47:00,17:47:00,1,SOURCE,50.0
11041,PUNE,51,18:00:00,18:10:00,1,SOURCE,51.0
11042,PUNE,1,09:30:00,09:35:00,2,DIRECTION_NORMALIZED,51.0
11042,SVJR,2,09:39:00,09:39:00,2,DIRECTION_NORMALIZED,50.0
11042,KK,3,09:44:00,09:45:00,2,DIRECTION_NORMALIZED,49.0
11042,DAPD,4,09:47:00,09:47:00,2,DIRECTION_NORMALIZED,48.0
11042,KSWD,5,09:51:00,09:51:00,2,DIRECTION_NORMALIZED,47.0
11042,PMP,6,09:53:00,09:53:00,2,DIRECTION_NORMALIZED,46.0
11042,CCH,7,09:56:00,09:56:00,2,DIRECTION_NORMALIZED,45.0
11042,AKRD,8,09:59:00,09:59:00,2,DIRECTION_NORMALIZED,44.0
11042,DEHR,9,10:04:00,10:04:00,2,DIRECTION_NORMALIZED,43.0
11042,GRWD,10,10:11:00,10:11:00,2,DIRECTION_NORMALIZED,42.0
11042,TGN,11,10:14:00,10:14:00,2,DIRECTION_NORMALIZED,41.0
11042,VDN,12,10:18:00,10:18:00,2,DIRECTION_NORMALIZED,40.0
11042,KNHE,13,10:23:00,10:23:00,2,DIRECTION_NORMALIZED,39.0
11042,KMST,14,10:28:00,10:28:00,2,DIRECTION_NORMALIZED,38.0
11042,MVL,15,10:37:00,10:37:00,2,DIRECTION_NORMALIZED,37.0
11042,LNL,16,10:44:00,10:45:00,2,DIRECTION_NORMALIZED,36.0
11042,KAD,17,10:50:00,10:50:00,2,DIRECTION_NORMALIZED,35.0
11042,PDI,18,11:18:00,11:18:00,2,DIRECTION_NORMALIZED,34.0
11042,KJT,19,11:22:00,11:22:00,2,DIRECTION_NORMALIZED,33.0
11042,BVS,20,11:32:00,11:32:00,2,DIRECTION_NORMALIZED,32.0
11042,NRL,21,11:41:00,11:41:00,2,DIRECTION_NORMALIZED,31.0
11042,SHLU,22,11:46:00,11:46:00,2,DIRECTION_NORMALIZED,30.0
11042,VGI,23,11:52:00,11:52:00,2,DIRECTION_NORMALIZED,29.0
11042,BUD,24,12:06:00,12:06:00,2,DIRECTION_NORMALIZED,28.0
11042,ABH,25,12:16:00,12:16:00,2,DIRECTION_NORMALIZED,27.0
11042,ULNR,26,12:20:00,12:20:00,2,DIRECTION_NORMALIZED,26.0
11042,VLDI,27,12:22:00,12:22:00,2,DIRECTION_NORMALIZED,25.0
11042,KYN,28,12:24:00,12:25:00,2,DIRECTION_NORMALIZED,24.0
11042,THK,29,12:28:00,12:28:00,2,DIRECTION_NORMALIZED,23.0
11042,DI,30,12:30:00,12:30:00,2,DIRECTION_NORMALIZED,22.0
11042,KOPR,31,12:31:00,12:31:00,2,DIRECTION_NORMALIZED,21.0
11042,DIVA,32,12:35:00,12:35:00,2,DIRECTION_NORMALIZED,20.0
11042,MBQ,33,12:37:00,12:37:00,2,DIRECTION_NORMALIZED,19.0
11042,KLVA,34,12:41:00,12:41:00,2,DIRECTION_NORMALIZED,18.0
11042,TNA,35,12:44:00,12:45:00,2,DIRECTION_NORMALIZED,17.0
11042,MLND,36,12:48:00,12:48:00,2,DIRECTION_NORMALIZED,16.0
11042,NHU,37,12:51:00,12:51:00,2,DIRECTION_NORMALIZED,15.0
11042,BND,38,12:53:00,12:53:00,2,DIRECTION_NORMALIZED,14.0
11042,VK,39,12:57:00,12:57:00,2,DIRECTION_NORMALIZED,13.0
11042,GC,40,13:02:00,13:02:00,2,DIRECTION_NORMALIZED,12.0
11042,VVH,41,13:03:00,13:03:00,2,DIRECTION_NORMALIZED,11.0
11042,CLA,42,13:06:00,13:06:00,2,DIRECTION_NORMALIZED,10.0
11042,SIN,43,13:10:00,13:10:00,2,DIRECTION_NORMALIZED,9.0
11042,MTN,44,13:13:00,13:13:00,2,DIRECTION_NORMALIZED,8.0
11042,DR,45,13:14:00,13:15:00,2,DIRECTION_NORMALIZED,7.0
11042,PR,46,13:18:00,13:18:00,2,DIRECTION_NORMALIZED,6.0
11042,CRD,47,13:25:00,13:25:00,2,DIRECTION_NORMALIZED,5.0
11042,BY,48,13:31:00,13:31:00,2,DIRECTION_NORMALIZED,4.0
11042,SNRD,49,13:37:00,13:37:00,2,DIRECTION_NORMALIZED,3.0
11042,MSD,50,13:41:00,13:41:00,2,DIRECTION_NORMALIZED,2.0
11042,CSMT,51,13:45:00,13:45:00,2,DIRECTION_NORMALIZED,1.0
11043,VVH,1,00:16:00,00:16:00,1,SOURCE,1.0
11043,GC,2,00:18:00,00:18:00,1,SOURCE,2.0
11043,VK,3,00:21:00,00:21:00,1,SOURCE,3.0
11043,BND,4,00:25:00,00:25:00,1,SOURCE,4.0
11043,NHU,5,00:27:00,00:27:00,1,SOURCE,5.0
11043,MLND,6,00:29:00,00:29:00,1,SOURCE,6.0
11043,TNA,7,00:33:00,00:35:00,1,SOURCE,7.0
11043,DIVA,8,00:46:00,00:46:00,1,SOURCE,8.0
11043,KOPR,9,00:51:00,00:51:00,1,SOURCE,9.0
11043,DI,10,00:53:00,00:53:00,1,SOURCE,10.0
11043,THK,11,00:54:00,00:54:00,1,SOURCE,11.0
11043,KYN,12,00:58:00,01:00:00,1,SOURCE,12.0
11043,VLDI,13,01:03:00,01:03:00,1,SOURCE,13.0
11043,ULNR,14,01:05:00,01:05:00,1,SOURCE,14.0
11043,ABH,15,01:09:00,01:09:00,1,SOURCE,15.0
11043,BUD,16,01:18:00,01:18:00,1,SOURCE,16.0
11043,VGI,17,01:32:00,01:32:00,1,SOURCE,17.0
11043,SHLU,18,01:37:00,01:37:00,1,SOURCE,18.0
11043,NRL,19,01:42:00,01:42:00,1,SOURCE,19.0
11043,BVS,20,01:51:00,01:51:00,1,SOURCE,20.0
11043,KJT,21,01:58:00,02:00:00,1,SOURCE,21.0
11043,PDI,22,02:05:00,02:05:00,1,SOURCE,22.0
11043,KAD,23,02:37:00,02:37:00,1,SOURCE,23.0
11043,LNL,24,02:43:00,02:45:00,1,SOURCE,24.0
11043,MVL,25,02:53:00,02:53:00,1,SOURCE,25.0
11043,KMST,26,03:03:00,03:03:00,1,SOURCE,26.0
11043,KNHE,27,03:08:00,03:08:00,1,SOURCE,27.0
11043,VDN,28,03:13:00,03:13:00,1,SOURCE,28.0
11043,TGN,29,03:18:00,03:18:00,1,SOURCE,29.0
11043,GRWD,30,03:21:00,03:21:00,1,SOURCE,30.0
11043,DEHR,31,03:28:00,03:28:00,1,SOURCE,31.0
11043,AKRD,32,03:34:00,03:34:00,1,SOURCE,32.0
11043,CCH,33,03:37:00,03:37:00,1,SOURCE,33.0
11043,PMP,34,03:40:00,03:40:00,1,SOURCE,34.0
11043,KSWD,35,03:42:00,03:42:00,1,SOURCE,35.0
11043,DAPD,36,03:46:00,03:46:00,1,SOURCE,36.0
11043,KK,37,03:49:00,03:49:00,1,SOURCE,37.0
11043,SVJR,38,03:53:00,03:53:00,1,SOURCE,38.0
11043,PUNE,39,03:55:00,04:00:00,1,SOURCE,39.0
11044,PUNE,1,02:00:00,02:05:00,3,DIRECTION_NORMALIZED,39.0
11044,SVJR,2,02:08:00,02:08:00,3,DIRECTION_NORMALIZED,38.0
11044,KK,3,02:12:00,02:12:00,3,DIRECTION_NORMALIZED,37.0
11044,DAPD,4,02:14:00,02:14:00,3,DIRECTION_NORMALIZED,36.0
11044,KSWD,5,02:18:00,02:18:00,3,DIRECTION_NORMALIZED,35.0
11044,PMP,6,02:20:00,02:20:00,3,DIRECTION_NORMALIZED,34.0
11044,CCH,7,02:23:00,02:23:00,3,DIRECTION_NORMALIZED,33.0
11044,AKRD,8,02:26:00,02:26:00,3,DIRECTION_NORMALIZED,32.0
11044,DEHR,9,02:32:00,02:32:00,3,DIRECTION_NORMALIZED,31.0
11044,GRWD,10,02:39:00,02:39:00,3,DIRECTION_NORMALIZED,30.0
11044,TGN,11,02:42:00,02:42:00,3,DIRECTION_NORMALIZED,29.0
11044,VDN,12,02:46:00,02:46:00,3,DIRECTION_NORMALIZED,28.0
11044,KNHE,13,02:52:00,02:52:00,3,DIRECTION_NORMALIZED,27.0
11044,KMST,14,02:57:00,02:57:00,3,DIRECTION_NORMALIZED,26.0
11044,MVL,15,03:06:00,03:06:00,3,DIRECTION_NORMALIZED,25.0
11044,LNL,16,03:14:00,03:15:00,3,DIRECTION_NORMALIZED,24.0
11044,KAD,17,03:20:00,03:20:00,3,DIRECTION_NORMALIZED,23.0
11044,PDI,18,03:47:00,03:47:00,3,DIRECTION_NORMALIZED,22.0
11044,KJT,19,03:50:00,03:50:00,3,DIRECTION_NORMALIZED,21.0
11044,BVS,20,03:59:00,03:59:00,3,DIRECTION_NORMALIZED,20.0
11044,NRL,21,04:08:00,04:08:00,3,DIRECTION_NORMALIZED,19.0
11044,SHLU,22,04:13:00,04:13:00,3,DIRECTION_NORMALIZED,18.0
11044,VGI,23,04:18:00,04:18:00,3,DIRECTION_NORMALIZED,17.0
11044,BUD,24,04:32:00,04:32:00,3,DIRECTION_NORMALIZED,16.0
11044,ABH,25,04:42:00,04:42:00,3,DIRECTION_NORMALIZED,15.0
11044,ULNR,26,04:45:00,04:45:00,3,DIRECTION_NORMALIZED,14.0
11044,VLDI,27,04:47:00,04:47:00,3,DIRECTION_NORMALIZED,13.0
11044,KYN,28,04:49:00,04:50:00,3,DIRECTION_NORMALIZED,12.0
11044,THK,29,04:52:00,04:52:00,3,DIRECTION_NORMALIZED,11.0
11044,DI,30,04:53:00,04:53:00,3,DIRECTION_NORMALIZED,10.0
11044,KOPR,31,04:54:00,04:54:00,3,DIRECTION_NORMALIZED,9.0
11044,DIVA,32,04:57:00,04:57:00,3,DIRECTION_NORMALIZED,8.0
11044,TNA,33,05:03:00,05:05:00,3,DIRECTION_NORMALIZED,7.0
11044,MLND,34,05:11:00,05:11:00,3,DIRECTION_NORMALIZED,6.0
11044,NHU,35,05:16:00,05:16:00,3,DIRECTION_NORMALIZED,5.0
11044,BND,36,05:19:00,05:19:00,3,DIRECTION_NORMALIZED,4.0
11044,VK,37,05:28:00,05:28:00,3,DIRECTION_NORMALIZED,3.0
11044,GC,38,05:36:00,05:36:00,3,DIRECTION_NORMALIZED,2.0
11044,VVH,39,05:39:00,05:39:00,3,DIRECTION_NORMALIZED,1.0
11049,KOPR,1,04:48:00,04:48:00,2,SOURCE,1.0
11049,DI,2,04:56:00,04:56:00,2,SOURCE,2.0
11049,THK,3,04:58:00,04:58:00,2,SOURCE,3.0
11049,KYN,4,05:15:00,05:20:00,2,SOURCE,4.0
11049,VLDI,5,05:22:00,05:22:00,2,SOURCE,5.0
11049,ULNR,6,05:24:00,05:24:00,2,SOURCE,6.0
11049,ABH,7,05:26:00,05:26:00,2,SOURCE,7.0
11049,BUD,8,05:33:00,05:33:00,2,SOURCE,8.0
11049,VGI,9,05:43:00,05:43:00,2,SOURCE,9.0
11049,SHLU,10,05:47:00,05:47:00,2,SOURCE,10.0
11049,NRL,11,05:51:00,05:51:00,2,SOURCE,11.0
11049,BVS,12,05:57:00,05:57:00,2,SOURCE,12.0
11049,KJT,13,06:03:00,06:05:00,2,SOURCE,13.0
11049,PDI,14,06:10:00,06:10:00,2,SOURCE,14.0
11049,KAD,15,06:46:00,06:46:00,2,SOURCE,15.0
11049,LNL,16,06:53:00,06:55:00,2,SOURCE,16.0
11049,MVL,17,07:02:00,07:02:00,2,SOURCE,17.0
11049,KMST,18,07:11:00,07:11:00,2,SOURCE,18.0
11049,KNHE,19,07:16:00,07:16:00,2,SOURCE,19.0
11049,VDN,20,07:21:00,07:21:00,2,SOURCE,20.0
11049,TGN,21,07:25:00,07:25:00,2,SOURCE,21.0
11049,GRWD,22,07:28:00,07:28:00,2,SOURCE,22.0
11049,DEHR,23,07:35:00,07:35:00,2,SOURCE,23.0
11049,AKRD,24,07:40:00,07:40:00,2,SOURCE,24.0
11049,CCH,25,07:43:00,07:43:00,2,SOURCE,25.0
11049,PMP,26,07:46:00,07:46:00,2,SOURCE,26.0
11049,KSWD,27,07:48:00,07:48:00,2,SOURCE,27.0
11049,DAPD,28,07:52:00,07:52:00,2,SOURCE,28.0
11049,KK,29,07:54:00,07:54:00,2,SOURCE,29.0
11049,SVJR,30,07:58:00,07:58:00,2,SOURCE,30.0
11049,PUNE,31,08:00:00,08:10:00,2,SOURCE,31.0
11050,PUNE,1,19:40:00,19:50:00,1,DIRECTION_NORMALIZED,31.0
11050,SVJR,2,19:52:00,19:52:00,1,DIRECTION_NORMALIZED,30.0
11050,KK,3,19:55:00,19:55:00,1,DIRECTION_NORMALIZED,29.0
11050,DAPD,4,19:57:00,19:57:00,1,DIRECTION_NORMALIZED,28.0
11050,KSWD,5,20:00:00,20:00:00,1,DIRECTION_NORMALIZED,27.0
11050,PMP,6,20:02:00,20:02:00,1,DIRECTION_NORMALIZED,26.0
11050,CCH,7,20:04:00,20:04:00,1,DIRECTION_NORMALIZED,25.0
11050,AKRD,8,20:06:00,20:06:00,1,DIRECTION_NORMALIZED,24.0
11050,DEHR,9,20:11:00,20:11:00,1,DIRECTION_NORMALIZED,23.0
11050,GRWD,10,20:16:00,20:16:00,1,DIRECTION_NORMALIZED,22.0
11050,TGN,11,20:19:00,20:19:00,1,DIRECTION_NORMALIZED,21.0
11050,VDN,12,20:22:00,20:22:00,1,DIRECTION_NORMALIZED,20.0
11050,KNHE,13,20:26:00,20:26:00,1,DIRECTION_NORMALIZED,19.0
11050,KMST,14,20:30:00,20:30:00,1,DIRECTION_NORMALIZED,18.0
11050,MVL,15,20:37:00,20:37:00,1,DIRECTION_NORMALIZED,17.0
11050,LNL,16,20:43:00,20:45:00,1,DIRECTION_NORMALIZED,16.0
11050,KAD,17,20:51:00,20:51:00,1,DIRECTION_NORMALIZED,15.0
11050,PDI,18,21:21:00,21:21:00,1,DIRECTION_NORMALIZED,14.0
11050,KJT,19,21:28:00,21:30:00,1,DIRECTION_NORMALIZED,13.0
11050,BVS,20,21:38:00,21:38:00,1,DIRECTION_NORMALIZED,12.0
11050,NRL,21,21:45:00,21:45:00,1,DIRECTION_NORMALIZED,11.0
11050,SHLU,22,21:49:00,21:49:00,1,DIRECTION_NORMALIZED,10.0
11050,VGI,23,21:54:00,21:54:00,1,DIRECTION_NORMALIZED,9.0
11050,BUD,24,22:05:00,22:05:00,1,DIRECTION_NORMALIZED,8.0
11050,ABH,25,22:14:00,22:14:00,1,DIRECTION_NORMALIZED,7.0
11050,ULNR,26,22:16:00,22:16:00,1,DIRECTION_NORMALIZED,6.0
11050,VLDI,27,22:18:00,22:18:00,1,DIRECTION_NORMALIZED,5.0
11050,KYN,28,22:20:00,22:25:00,1,DIRECTION_NORMALIZED,4.0
11050,THK,29,22:28:00,22:28:00,1,DIRECTION_NORMALIZED,3.0
11050,DI,30,22:30:00,22:30:00,1,DIRECTION_NORMALIZED,2.0
11050,KOPR,31,22:34:00,22:34:00,1,DIRECTION_NORMALIZED,1.0
11087,KOPR,1,01:11:00,01:11:00,2,SOURCE,1.0
11087,DI,2,01:21:00,01:21:00,2,SOURCE,2.0
11087,THK,3,01:24:00,01:24:00,2,SOURCE,3.0
11087,KYN,4,01:45:00,01:50:00,2,SOURCE,4.0
11087,VLDI,5,01:52:00,01:52:00,2,SOURCE,5.0
11087,ULNR,6,01:54:00,01:54:00,2,SOURCE,6.0
11087,ABH,7,01:56:00,01:56:00,2,SOURCE,7.0
11087,BUD,8,02:02:00,02:02:00,2,SOURCE,8.0
11087,VGI,9,02:11:00,02:11:00,2,SOURCE,9.0
11087,SHLU,10,02:14:00,02:14:00,2,SOURCE,10.0
11087,NRL,11,02:18:00,02:18:00,2,SOURCE,11.0
11087,BVS,12,02:23:00,02:23:00,2,SOURCE,12.0
11087,KJT,13,02:28:00,02:30:00,2,SOURCE,13.0
11087,PDI,14,02:36:00,02:36:00,2,SOURCE,14.0
11087,KAD,15,03:16:00,03:16:00,2,SOURCE,15.0
11087,LNL,16,03:23:00,03:25:00,2,SOURCE,16.0
11087,MVL,17,03:31:00,03:31:00,2,SOURCE,17.0
11087,KMST,18,03:39:00,03:39:00,2,SOURCE,18.0
11087,KNHE,19,03:43:00,03:43:00,2,SOURCE,19.0
11087,VDN,20,03:47:00,03:47:00,2,SOURCE,20.0
11087,TGN,21,03:50:00,03:50:00,2,SOURCE,21.0
11087,GRWD,22,03:53:00,03:53:00,2,SOURCE,22.0
11087,DEHR,23,03:59:00,03:59:00,2,SOURCE,23.0
11087,AKRD,24,04:03:00,04:03:00,2,SOURCE,24.0
11087,CCH,25,04:06:00,04:06:00,2,SOURCE,25.0
11087,PMP,26,04:08:00,04:08:00,2,SOURCE,26.0
11087,KSWD,27,04:10:00,04:10:00,2,SOURCE,27.0
11087,DAPD,28,04:13:00,04:13:00,2,SOURCE,28.0
11087,KK,29,04:15:00,04:15:00,2,SOURCE,29.0
11087,SVJR,30,04:18:00,04:20:00,2,SOURCE,30.0
11087,PUNE,31,04:45:00,04:45:00,2,SOURCE,31.0
11088,PUNE,1,19:50:00,19:50:00,1,DIRECTION_NORMALIZED,31.0
11088,SVJR,2,19:52:00,19:52:00,1,DIRECTION_NORMALIZED,30.0
11088,KK,3,19:55:00,19:55:00,1,DIRECTION_NORMALIZED,29.0
11088,DAPD,4,19:57:00,19:57:00,1,DIRECTION_NORMALIZED,28.0
11088,KSWD,5,20:00:00,20:00:00,1,DIRECTION_NORMALIZED,27.0
11088,PMP,6,20:02:00,20:02:00,1,DIRECTION_NORMALIZED,26.0
11088,CCH,7,20:04:00,20:04:00,1,DIRECTION_NORMALIZED,25.0
11088,AKRD,8,20:06:00,20:06:00,1,DIRECTION_NORMALIZED,24.0
11088,DEHR,9,20:10:00,20:10:00,1,DIRECTION_NORMALIZED,23.0
11088,GRWD,10,20:16:00,20:16:00,1,DIRECTION_NORMALIZED,22.0
11088,TGN,11,20:19:00,20:19:00,1,DIRECTION_NORMALIZED,21.0
11088,VDN,12,20:22:00,20:22:00,1,DIRECTION_NORMALIZED,20.0
11088,KNHE,13,20:26:00,20:26:00,1,DIRECTION_NORMALIZED,19.0
11088,KMST,14,20:30:00,20:30:00,1,DIRECTION_NORMALIZED,18.0
11088,MVL,15,20:37:00,20:37:00,1,DIRECTION_NORMALIZED,17.0
11088,LNL,16,20:43:00,20:45:00,1,DIRECTION_NORMALIZED,16.0
11088,KAD,17,20:51:00,20:51:00,1,DIRECTION_NORMALIZED,15.0
11088,PDI,18,21:23:00,21:23:00,1,DIRECTION_NORMALIZED,14.0
11088,KJT,19,21:28:00,21:30:00,1,DIRECTION_NORMALIZED,13.0
11088,BVS,20,21:37:00,21:37:00,1,DIRECTION_NORMALIZED,12.0
11088,NRL,21,21:45:00,21:45:00,1,DIRECTION_NORMALIZED,11.0
11088,SHLU,22,21:49:00,21:49:00,1,DIRECTION_NORMALIZED,10.0
11088,VGI,23,21:53:00,21:53:00,1,DIRECTION_NORMALIZED,9.0
11088,BUD,24,22:05:00,22:05:00,1,DIRECTION_NORMALIZED,8.0
11088,ABH,25,22:13:00,22:13:00,1,DIRECTION_NORMALIZED,7.0
11088,ULNR,26,22:16:00,22:16:00,1,DIRECTION_NORMALIZED,6.0
11088,VLDI,27,22:18:00,22:18:00,1,DIRECTION_NORMALIZED,5.0
11088,KYN,28,22:20:00,22:25:00,1,DIRECTION_NORMALIZED,4.0
11088,THK,29,22:28:00,22:28:00,1,DIRECTION_NORMALIZED,3.0
11088,DI,30,22:30:00,22:30:00,1,DIRECTION_NORMALIZED,2.0
11088,KOPR,31,22:34:00,22:34:00,1,DIRECTION_NORMALIZED,1.0
11089,CHG,1,12:09:00,12:09:00,1,SOURCE,1.0
11089,KOPR,2,01:11:00,01:11:00,2,SOURCE,1.0
11089,DI,3,01:21:00,01:21:00,2,SOURCE,2.0
11089,THK,4,01:24:00,01:24:00,2,SOURCE,3.0
11089,KYN,5,01:45:00,01:50:00,2,SOURCE,4.0
11089,VLDI,6,01:52:00,01:52:00,2,SOURCE,5.0
11089,ULNR,7,01:54:00,01:54:00,2,SOURCE,6.0
11089,ABH,8,01:56:00,01:56:00,2,SOURCE,7.0
11089,BUD,9,02:02:00,02:02:00,2,SOURCE,8.0
11089,VGI,10,02:11:00,02:11:00,2,SOURCE,9.0
11089,SHLU,11,02:14:00,02:14:00,2,SOURCE,10.0
11089,NRL,12,02:18:00,02:18:00,2,SOURCE,11.0
11089,BVS,13,02:23:00,02:23:00,2,SOURCE,12.0
11089,KJT,14,02:28:00,02:30:00,2,SOURCE,13.0
11089,PDI,15,02:36:00,02:36:00,2,SOURCE,14.0
11089,KAD,16,03:16:00,03:16:00,2,SOURCE,15.0
11089,LNL,17,03:23:00,03:25:00,2,SOURCE,16.0
11089,MVL,18,03:31:00,03:31:00,2,SOURCE,17.0
11089,KMST,19,03:39:00,03:39:00,2,SOURCE,18.0
11089,KNHE,20,03:43:00,03:43:00,2,SOURCE,19.0
11089,VDN,21,03:47:00,03:47:00,2,SOURCE,20.0
11089,TGN,22,03:50:00,03:50:00,2,SOURCE,21.0
11089,GRWD,23,03:53:00,03:53:00,2,SOURCE,22.0
11089,DEHR,24,03:59:00,03:59:00,2,SOURCE,23.0
11089,AKRD,25,04:03:00,04:03:00,2,SOURCE,24.0
11089,CCH,26,04:06:00,04:06:00,2,SOURCE,25.0
11089,PMP,27,04:08:00,04:08:00,2,SOURCE,26.0
11089,KSWD,28,04:10:00,04:10:00,2,SOURCE,27.0
11089,DAPD,29,04:13:00,04:13:00,2,SOURCE,28.0
11089,KK,30,04:15:00,04:15:00,2,SOURCE,29.0
11089,SVJR,31,04:18:00,04:20:00,2,SOURCE,30.0
11089,PUNE,32,04:45:00,04:45:00,2,SOURCE,31.0
11090,PUNE,1,19:50:00,19:50:00,1,DIRECTION_NORMALIZED,31.0
11090,SVJR,2,19:52:00,19:52:00,1,DIRECTION_NORMALIZED,30.0
11090,KK,3,19:55:00,19:55:00,1,DIRECTION_NORMALIZED,29.0
11090,DAPD,4,19:57:00,19:57:00,1,DIRECTION_NORMALIZED,28.0
11090,KSWD,5,20:00:00,20:00:00,1,DIRECTION_NORMALIZED,27.0
11090,PMP,6,20:02:00,20:02:00,1,DIRECTION_NORMALIZED,26.0
11090,CCH,7,20:04:00,20:04:00,1,DIRECTION_NORMALIZED,25.0
11090,AKRD,8,20:06:00,20:06:00,1,DIRECTION_NORMALIZED,24.0
11090,DEHR,9,20:10:00,20:10:00,1,DIRECTION_NORMALIZED,23.0
11090,GRWD,10,20:16:00,20:16:00,1,DIRECTION_NORMALIZED,22.0
11090,TGN,11,20:19:00,20:19:00,1,DIRECTION_NORMALIZED,21.0
11090,VDN,12,20:22:00,20:22:00,1,DIRECTION_NORMALIZED,20.0
11090,KNHE,13,20:26:00,20:26:00,1,DIRECTION_NORMALIZED,19.0
11090,KMST,14,20:30:00,20:30:00,1,DIRECTION_NORMALIZED,18.0
11090,MVL,15,20:37:00,20:37:00,1,DIRECTION_NORMALIZED,17.0
11090,LNL,16,20:43:00,20:45:00,1,DIRECTION_NORMALIZED,16.0
11090,KAD,17,20:51:00,20:51:00,1,DIRECTION_NORMALIZED,15.0
11090,PDI,18,21:23:00,21:23:00,1,DIRECTION_NORMALIZED,14.0
11090,KJT,19,21:28:00,21:30:00,1,DIRECTION_NORMALIZED,13.0
11090,BVS,20,21:37:00,21:37:00,1,DIRECTION_NORMALIZED,12.0
11090,NRL,21,21:45:00,21:45:00,1,DIRECTION_NORMALIZED,11.0
11090,SHLU,22,21:49:00,21:49:00,1,DIRECTION_NORMALIZED,10.0
11090,VGI,23,21:53:00,21:53:00,1,DIRECTION_NORMALIZED,9.0
11090,BUD,24,22:05:00,22:05:00,1,DIRECTION_NORMALIZED,8.0
11090,ABH,25,22:13:00,22:13:00,1,DIRECTION_NORMALIZED,7.0
11090,ULNR,26,22:16:00,22:16:00,1,DIRECTION_NORMALIZED,6.0
11090,VLDI,27,22:18:00,22:18:00,1,DIRECTION_NORMALIZED,5.0
11090,KYN,28,22:20:00,22:25:00,1,DIRECTION_NORMALIZED,4.0
11090,THK,29,22:28:00,22:28:00,1,DIRECTION_NORMALIZED,3.0
11090,DI,30,22:30:00,22:30:00,1,DIRECTION_NORMALIZED,2.0
11090,KOPR,31,22:34:00,22:34:00,1,DIRECTION_NORMALIZED,1.0
11090,CHG,32,10:55:00,10:55:00,2,DIRECTION_NORMALIZED,1.0
11091,KOPR,1,01:11:00,01:11:00,2,SOURCE,1.0
11091,DI,2,01:21:00,01:21:00,2,SOURCE,2.0
11091,THK,3,01:24:00,01:24:00,2,SOURCE,3.0
11091,KYN,4,01:45:00,01:50:00,2,SOURCE,4.0
11091,VLDI,5,01:52:00,01:52:00,2,SOURCE,5.0
11091,ULNR,6,01:54:00,01:54:00,2,SOURCE,6.0
11091,ABH,7,01:56:00,01:56:00,2,SOURCE,7.0
11091,BUD,8,02:02:00,02:02:00,2,SOURCE,8.0
11091,VGI,9,02:11:00,02:11:00,2,SOURCE,9.0
11091,SHLU,10,02:14:00,02:14:00,2,SOURCE,10.0
11091,NRL,11,02:18:00,02:18:00,2,SOURCE,11.0
11091,BVS,12,02:23:00,02:23:00,2,SOURCE,12.0
11091,KJT,13,02:28:00,02:30:00,2,SOURCE,13.0
11091,PDI,14,02:36:00,02:36:00,2,SOURCE,14.0
11091,KAD,15,03:16:00,03:16:00,2,SOURCE,15.0
11091,LNL,16,03:23:00,03:25:00,2,SOURCE,16.0
11091,MVL,17,03:31:00,03:31:00,2,SOURCE,17.0
11091,KMST,18,03:39:00,03:39:00,2,SOURCE,18.0
11091,KNHE,19,03:43:00,03:43:00,2,SOURCE,19.0
11091,VDN,20,03:47:00,03:47:00,2,SOURCE,20.0
11091,TGN,21,03:50:00,03:50:00,2,SOURCE,21.0
11091,GRWD,22,03:53:00,03:53:00,2,SOURCE,22.0
11091,DEHR,23,03:59:00,03:59:00,2,SOURCE,23.0
11091,AKRD,24,04:03:00,04:03:00,2,SOURCE,24.0
11091,CCH,25,04:06:00,04:06:00,2,SOURCE,25.0
11091,PMP,26,04:08:00,04:08:00,2,SOURCE,26.0
11091,KSWD,27,04:10:00,04:10:00,2,SOURCE,27.0
11091,DAPD,28,04:13:00,04:13:00,2,SOURCE,28.0
11091,KK,29,04:15:00,04:15:00,2,SOURCE,29.0
11091,SVJR,30,04:18:00,04:20:00,2,SOURCE,30.0
11091,PUNE,31,04:45:00,04:45:00,2,SOURCE,31.0
11092,PUNE,1,19:50:00,19:50:00,1,DIRECTION_NORMALIZED,31.0
11092,SVJR,2,19:52:00,19:52:00,1,DIRECTION_NORMALIZED,30.0
11092,KK,3,19:55:00,19:55:00,1,DIRECTION_NORMALIZED,29.0
11092,DAPD,4,19:57:00,19:57:00,1,DIRECTION_NORMALIZED,28.0
11092,KSWD,5,20:00:00,20:00:00,1,DIRECTION_NORMALIZED,27.0
11092,PMP,6,20:02:00,20:02:00,1,DIRECTION_NORMALIZED,26.0
11092,CCH,7,20:04:00,20:04:00,1,DIRECTION_NORMALIZED,25.0
11092,AKRD,8,20:06:00,20:06:00,1,DIRECTION_NORMALIZED,24.0
11092,DEHR,9,20:10:00,20:10:00,1,DIRECTION_NORMALIZED,23.0
11092,GRWD,10,20:16:00,20:16:00,1,DIRECTION_NORMALIZED,22.0
11092,TGN,11,20:19:00,20:19:00,1,DIRECTION_NORMALIZED,21.0
11092,VDN,12,20:22:00,20:22:00,1,DIRECTION_NORMALIZED,20.0
11092,KNHE,13,20:26:00,20:26:00,1,DIRECTION_NORMALIZED,19.0
11092,KMST,14,20:30:00,20:30:00,1,DIRECTION_NORMALIZED,18.0
11092,MVL,15,20:37:00,20:37:00,1,DIRECTION_NORMALIZED,17.0
11092,LNL,16,20:43:00,20:45:00,1,DIRECTION_NORMALIZED,16.0
11092,KAD,17,20:51:00,20:51:00,1,DIRECTION_NORMALIZED,15.0
11092,PDI,18,21:23:00,21:23:00,1,DIRECTION_NORMALIZED,14.0
11092,KJT,19,21:28:00,21:30:00,1,DIRECTION_NORMALIZED,13.0
11092,BVS,20,21:37:00,21:37:00,1,DIRECTION_NORMALIZED,12.0
11092,NRL,21,21:45:00,21:45:00,1,DIRECTION_NORMALIZED,11.0
11092,SHLU,22,21:49:00,21:49:00,1,DIRECTION_NORMALIZED,10.0
11092,VGI,23,21:53:00,21:53:00,1,DIRECTION_NORMALIZED,9.0
11092,BUD,24,22:05:00,22:05:00,1,DIRECTION_NORMALIZED,8.0
11092,ABH,25,22:13:00,22:13:00,1,DIRECTION_NORMALIZED,7.0
11092,ULNR,26,22:16:00,22:16:00,1,DIRECTION_NORMALIZED,6.0
11092,VLDI,27,22:18:00,22:18:00,1,DIRECTION_NORMALIZED,5.0
11092,KYN,28,22:20:00,22:25:00,1,DIRECTION_NORMALIZED,4.0
11092,THK,29,22:28:00,22:28:00,1,DIRECTION_NORMALIZED,3.0
11092,DI,30,22:30:00,22:30:00,1,DIRECTION_NORMALIZED,2.0
11092,KOPR,31,22:34:00,22:34:00,1,DIRECTION_NORMALIZED,1.0
11095,KOPR,1,01:11:00,01:11:00,2,SOURCE,1.0
11095,DI,2,01:21:00,01:21:00,2,SOURCE,2.0
11095,THK,3,01:24:00,01:24:00,2,SOURCE,3.0
11095,KYN,4,01:45:00,01:50:00,2,SOURCE,4.0
11095,VLDI,5,01:52:00,01:52:00,2,SOURCE,5.0
11095,ULNR,6,01:53:00,01:53:00,2,SOURCE,6.0
11095,ABH,7,01:55:00,01:55:00,2,SOURCE,7.0
11095,BUD,8,02:02:00,02:02:00,2,SOURCE,8.0
11095,VGI,9,02:11:00,02:11:00,2,SOURCE,9.0
11095,SHLU,10,02:14:00,02:14:00,2,SOURCE,10.0
11095,NRL,11,02:17:00,02:17:00,2,SOURCE,11.0
11095,BVS,12,02:23:00,02:23:00,2,SOURCE,12.0
11095,KJT,13,02:28:00,02:30:00,2,SOURCE,13.0
11095,PDI,14,02:36:00,02:36:00,2,SOURCE,14.0
11095,KAD,15,03:16:00,03:16:00,2,SOURCE,15.0
11095,LNL,16,03:23:00,03:25:00,2,SOURCE,16.0
11095,MVL,17,03:31:00,03:31:00,2,SOURCE,17.0
11095,KMST,18,03:39:00,03:39:00,2,SOURCE,18.0
11095,KNHE,19,03:43:00,03:43:00,2,SOURCE,19.0
11095,VDN,20,03:47:00,03:47:00,2,SOURCE,20.0
11095,TGN,21,03:51:00,03:51:00,2,SOURCE,21.0
11095,GRWD,22,03:54:00,03:54:00,2,SOURCE,22.0
11095,DEHR,23,03:59:00,03:59:00,2,SOURCE,23.0
11095,AKRD,24,04:04:00,04:04:00,2,SOURCE,24.0
11095,CCH,25,04:06:00,04:06:00,2,SOURCE,25.0
11095,PMP,26,04:08:00,04:08:00,2,SOURCE,26.0
11095,KSWD,27,04:10:00,04:10:00,2,SOURCE,27.0
11095,DAPD,28,04:14:00,04:14:00,2,SOURCE,28.0
11095,KK,29,04:16:00,04:16:00,2,SOURCE,29.0
11095,SVJR,30,04:18:00,04:20:00,2,SOURCE,30.0
11095,PUNE,31,04:45:00,04:45:00,2,SOURCE,31.0
11096,PUNE,1,19:50:00,19:50:00,1,DIRECTION_NORMALIZED,31.0
11096,SVJR,2,19:52:00,19:52:00,1,DIRECTION_NORMALIZED,30.0
11096,KK,3,19:55:00,19:55:00,1,DIRECTION_NORMALIZED,29.0
11096,DAPD,4,19:57:00,19:57:00,1,DIRECTION_NORMALIZED,28.0
11096,KSWD,5,20:00:00,20:00:00,1,DIRECTION_NORMALIZED,27.0
11096,PMP,6,20:02:00,20:02:00,1,DIRECTION_NORMALIZED,26.0
11096,CCH,7,20:04:00,20:04:00,1,DIRECTION_NORMALIZED,25.0
11096,AKRD,8,20:06:00,20:06:00,1,DIRECTION_NORMALIZED,24.0
11096,DEHR,9,20:10:00,20:10:00,1,DIRECTION_NORMALIZED,23.0
11096,GRWD,10,20:16:00,20:16:00,1,DIRECTION_NORMALIZED,22.0
11096,TGN,11,20:18:00,20:18:00,1,DIRECTION_NORMALIZED,21.0
11096,VDN,12,20:22:00,20:22:00,1,DIRECTION_NORMALIZED,20.0
11096,KNHE,13,20:26:00,20:26:00,1,DIRECTION_NORMALIZED,19.0
11096,KMST,14,20:30:00,20:30:00,1,DIRECTION_NORMALIZED,18.0
11096,MVL,15,20:37:00,20:37:00,1,DIRECTION_NORMALIZED,17.0
11096,LNL,16,20:43:00,20:45:00,1,DIRECTION_NORMALIZED,16.0
11096,KAD,17,20:51:00,20:51:00,1,DIRECTION_NORMALIZED,15.0
11096,PDI,18,21:23:00,21:23:00,1,DIRECTION_NORMALIZED,14.0
11096,KJT,19,21:28:00,21:30:00,1,DIRECTION_NORMALIZED,13.0
11096,BVS,20,21:37:00,21:37:00,1,DIRECTION_NORMALIZED,12.0
11096,NRL,21,21:44:00,21:44:00,1,DIRECTION_NORMALIZED,11.0
11096,SHLU,22,21:49:00,21:49:00,1,DIRECTION_NORMALIZED,10.0
11096,VGI,23,21:53:00,21:53:00,1,DIRECTION_NORMALIZED,9.0
11096,BUD,24,22:05:00,22:05:00,1,DIRECTION_NORMALIZED,8.0
11096,ABH,25,22:13:00,22:13:00,1,DIRECTION_NORMALIZED,7.0
11096,ULNR,26,22:15:00,22:15:00,1,DIRECTION_NORMALIZED,6.0
11096,VLDI,27,22:17:00,22:17:00,1,DIRECTION_NORMALIZED,5.0
11096,KYN,28,22:20:00,22:25:00,1,DIRECTION_NORMALIZED,4.0
11096,THK,29,22:28:00,22:28:00,1,DIRECTION_NORMALIZED,3.0
11096,DI,30,22:30:00,22:30:00,1,DIRECTION_NORMALIZED,2.0
11096,KOPR,31,22:34:00,22:34:00,1,DIRECTION_NORMALIZED,1.0
12115,CSMT,1,22:42:00,22:42:00,1,SOURCE,1.0
12115,MSD,2,22:43:00,22:43:00,1,SOURCE,2.0
12115,SNRD,3,22:45:00,22:45:00,1,SOURCE,3.0
12115,BY,4,22:47:00,22:47:00,1,SOURCE,4.0
12115,CRD,5,22:49:00,22:49:00,1,SOURCE,5.0
12115,PR,6,22:51:00,22:51:00,1,SOURCE,6.0
12115,DR,7,22:53:00,22:55:00,1,SOURCE,7.0
12115,MTN,8,22:56:00,22:56:00,1,SOURCE,8.0
12115,SIN,9,22:59:00,22:59:00,1,SOURCE,9.0
12115,CLA,10,23:01:00,23:01:00,1,SOURCE,10.0
12115,VVH,11,23:03:00,23:03:00,1,SOURCE,11.0
12115,GC,12,23:05:00,23:05:00,1,SOURCE,12.0
12115,VK,13,23:08:00,23:08:00,1,SOURCE,13.0
12115,BND,14,23:12:00,23:12:00,1,SOURCE,14.0
12115,NHU,15,23:13:00,23:13:00,1,SOURCE,15.0
12115,MLND,16,23:15:00,23:15:00,1,SOURCE,16.0
12115,TNA,17,23:18:00,23:20:00,1,SOURCE,17.0
12115,KLVA,18,23:22:00,23:22:00,1,SOURCE,18.0
12115,MBQ,19,23:26:00,23:26:00,1,SOURCE,19.0
12115,DIVA,20,23:29:00,23:29:00,1,SOURCE,20.0
12115,KOPR,21,23:33:00,23:33:00,1,SOURCE,21.0
12115,DI,22,23:34:00,23:34:00,1,SOURCE,22.0
12115,THK,23,23:35:00,23:35:00,1,SOURCE,23.0
12115,KYN,24,23:38:00,23:40:00,1,SOURCE,24.0
12115,VLDI,25,23:42:00,23:42:00,1,SOURCE,25.0
12115,ULNR,26,23:44:00,23:44:00,1,SOURCE,26.0
12115,ABH,27,23:46:00,23:46:00,1,SOURCE,27.0
12115,BUD,28,23:52:00,23:52:00,1,SOURCE,28.0
12115,VGI,29,00:01:00,00:01:00,2,SOURCE,1.0
12115,SHLU,30,00:04:00,00:04:00,2,SOURCE,2.0
12115,NRL,31,00:08:00,00:08:00,2,SOURCE,3.0
12115,BVS,32,00:13:00,00:13:00,2,SOURCE,4.0
12115,KJT,33,00:18:00,00:20:00,2,SOURCE,5.0
12115,PDI,34,00:25:00,00:25:00,2,SOURCE,6.0
12115,KAD,35,00:58:00,01:00:00,2,SOURCE,7.0
12115,LNL,36,01:08:00,01:10:00,2,SOURCE,8.0
12115,MVL,37,01:17:00,01:17:00,2,SOURCE,9.0
12115,KMST,38,01:26:00,01:26:00,2,SOURCE,10.0
12115,KNHE,39,01:31:00,01:31:00,2,SOURCE,11.0
12115,VDN,40,01:36:00,01:36:00,2,SOURCE,12.0
12115,TGN,41,01:40:00,01:40:00,2,SOURCE,13.0
12115,GRWD,42,01:43:00,01:43:00,2,SOURCE,14.0
12115,DEHR,43,01:50:00,01:50:00,2,SOURCE,15.0
12115,AKRD,44,01:55:00,01:55:00,2,SOURCE,16.0
12115,CCH,45,01:58:00,01:58:00,2,SOURCE,17.0
12115,PMP,46,02:01:00,02:01:00,2,SOURCE,18.0
12115,KSWD,47,02:03:00,02:03:00,2,SOURCE,19.0
12115,DAPD,48,02:07:00,02:07:00,2,SOURCE,20.0
12115,KK,49,02:09:00,02:09:00,2,SOURCE,21.0
12115,SVJR,50,02:13:00,02:13:00,2,SOURCE,22.0
12115,PUNE,51,02:15:00,02:25:00,2,SOURCE,23.0
12116,PUNE,1,03:05:00,03:15:00,2,DIRECTION_NORMALIZED,51.0
12116,SVJR,2,03:17:00,03:17:00,2,DIRECTION_NORMALIZED,50.0
12116,KK,3,03:20:00,03:20:00,2,DIRECTION_NORMALIZED,49.0
12116,DAPD,4,03:22:00,03:22:00,2,DIRECTION_NORMALIZED,48.0
12116,KSWD,5,03:26:00,03:26:00,2,DIRECTION_NORMALIZED,47.0
12116,PMP,6,03:28:00,03:28:00,2,DIRECTION_NORMALIZED,46.0
12116,CCH,7,03:30:00,03:30:00,2,DIRECTION_NORMALIZED,45.0
12116,AKRD,8,03:33:00,03:33:00,2,DIRECTION_NORMALIZED,44.0
12116,DEHR,9,03:37:00,03:37:00,2,DIRECTION_NORMALIZED,43.0
12116,GRWD,10,03:43:00,03:43:00,2,DIRECTION_NORMALIZED,42.0
12116,TGN,11,03:46:00,03:46:00,2,DIRECTION_NORMALIZED,41.0
12116,VDN,12,03:49:00,03:49:00,2,DIRECTION_NORMALIZED,40.0
12116,KNHE,13,03:54:00,03:54:00,2,DIRECTION_NORMALIZED,39.0
12116,KMST,14,03:58:00,03:58:00,2,DIRECTION_NORMALIZED,38.0
12116,MVL,15,04:06:00,04:06:00,2,DIRECTION_NORMALIZED,37.0
12116,LNL,16,04:13:00,04:15:00,2,DIRECTION_NORMALIZED,36.0
12116,KAD,17,04:18:00,04:20:00,2,DIRECTION_NORMALIZED,35.0
12116,PDI,18,04:48:00,04:48:00,2,DIRECTION_NORMALIZED,34.0
12116,KJT,19,04:53:00,04:55:00,2,DIRECTION_NORMALIZED,33.0
12116,BVS,20,05:02:00,05:02:00,2,DIRECTION_NORMALIZED,32.0
12116,NRL,21,05:09:00,05:09:00,2,DIRECTION_NORMALIZED,31.0
12116,SHLU,22,05:14:00,05:14:00,2,DIRECTION_NORMALIZED,30.0
12116,VGI,23,05:18:00,05:18:00,2,DIRECTION_NORMALIZED,29.0
12116,BUD,24,05:29:00,05:29:00,2,DIRECTION_NORMALIZED,28.0
12116,ABH,25,05:37:00,05:37:00,2,DIRECTION_NORMALIZED,27.0
12116,ULNR,26,05:39:00,05:39:00,2,DIRECTION_NORMALIZED,26.0
12116,VLDI,27,05:41:00,05:41:00,2,DIRECTION_NORMALIZED,25.0
12116,KYN,28,05:43:00,05:45:00,2,DIRECTION_NORMALIZED,24.0
12116,THK,29,05:48:00,05:48:00,2,DIRECTION_NORMALIZED,23.0
12116,DI,30,05:49:00,05:49:00,2,DIRECTION_NORMALIZED,22.0
12116,KOPR,31,05:51:00,05:51:00,2,DIRECTION_NORMALIZED,21.0
12116,DIVA,32,05:55:00,05:55:00,2,DIRECTION_NORMALIZED,20.0
12116,MBQ,33,05:57:00,05:57:00,2,DIRECTION_NORMALIZED,19.0
12116,KLVA,34,06:01:00,06:01:00,2,DIRECTION_NORMALIZED,18.0
12116,TNA,35,06:03:00,06:05:00,2,DIRECTION_NORMALIZED,17.0
12116,MLND,36,06:07:00,06:07:00,2,DIRECTION_NORMALIZED,16.0
12116,NHU,37,06:09:00,06:09:00,2,DIRECTION_NORMALIZED,15.0
12116,BND,38,06:11:00,06:11:00,2,DIRECTION_NORMALIZED,14.0
12116,VK,39,06:14:00,06:14:00,2,DIRECTION_NORMALIZED,13.0
12116,GC,40,06:18:00,06:18:00,2,DIRECTION_NORMALIZED,12.0
12116,VVH,41,06:19:00,06:19:00,2,DIRECTION_NORMALIZED,11.0
12116,CLA,42,06:21:00,06:21:00,2,DIRECTION_NORMALIZED,10.0
12116,SIN,43,06:24:00,06:24:00,2,DIRECTION_NORMALIZED,9.0
12116,MTN,44,06:26:00,06:26:00,2,DIRECTION_NORMALIZED,8.0
12116,DR,45,06:28:00,06:30:00,2,DIRECTION_NORMALIZED,7.0
12116,PR,46,06:34:00,06:34:00,2,DIRECTION_NORMALIZED,6.0
12116,CRD,47,06:41:00,06:41:00,2,DIRECTION_NORMALIZED,5.0
12116,BY,48,06:48:00,06:48:00,2,DIRECTION_NORMALIZED,4.0
12116,SNRD,49,06:55:00,06:55:00,2,DIRECTION_NORMALIZED,3.0
12116,MSD,50,06:59:00,06:59:00,2,DIRECTION_NORMALIZED,2.0
12116,CSMT,51,07:00:00,07:00:00,2,DIRECTION_NORMALIZED,1.0
12123,CSMT,1,17:10:00,17:10:00,1,SOURCE,1.0
12123,MSD,2,17:11:00,17:11:00,1,SOURCE,2.0
12123,SNRD,3,17:12:00,17:12:00,1,SOURCE,3.0
12123,BY,4,17:13:00,17:13:00,1,SOURCE,4.0
12123,CRD,5,17:15:00,17:15:00,1,SOURCE,5.0
12123,PR,6,17:16:00,17:16:00,1,SOURCE,6.0
12123,DR,7,17:17:00,17:17:00,1,SOURCE,7.0
12123,MTN,8,17:18:00,17:18:00,1,SOURCE,8.0
12123,SIN,9,17:21:00,17:21:00,1,SOURCE,9.0
12123,CLA,10,17:23:00,17:23:00,1,SOURCE,10.0
12123,VVH,11,17:25:00,17:25:00,1,SOURCE,11.0
12123,GC,12,17:26:00,17:26:00,1,SOURCE,12.0
12123,VK,13,17:29:00,17:29:00,1,SOURCE,13.0
12123,BND,14,17:32:00,17:32:00,1,SOURCE,14.0
12123,NHU,15,17:34:00,17:34:00,1,SOURCE,15.0
12123,MLND,16,17:35:00,17:35:00,1,SOURCE,16.0
12123,TNA,17,17:38:00,17:38:00,1,SOURCE,17.0
12123,KLVA,18,17:40:00,17:40:00,1,SOURCE,18.0
12123,MBQ,19,17:43:00,17:43:00,1,SOURCE,19.0
12123,DIVA,20,17:46:00,17:46:00,1,SOURCE,20.0
12123,KOPR,21,17:49:00,17:49:00,1,SOURCE,21.0
12123,DI,22,17:50:00,17:50:00,1,SOURCE,22.0
12123,THK,23,17:51:00,17:51:00,1,SOURCE,23.0
12123,KYN,24,17:55:00,17:55:00,1,SOURCE,24.0
12123,VLDI,25,17:57:00,17:57:00,1,SOURCE,25.0
12123,ULNR,26,17:58:00,17:58:00,1,SOURCE,26.0
12123,ABH,27,18:00:00,18:00:00,1,SOURCE,27.0
12123,BUD,28,18:07:00,18:07:00,1,SOURCE,28.0
12123,VGI,29,18:16:00,18:16:00,1,SOURCE,29.0
12123,SHLU,30,18:19:00,18:19:00,1,SOURCE,30.0
12123,NRL,31,18:22:00,18:22:00,1,SOURCE,31.0
12123,BVS,32,18:28:00,18:28:00,1,SOURCE,32.0
12123,KJT,33,18:33:00,18:35:00,1,SOURCE,33.0
12123,PDI,34,18:40:00,18:40:00,1,SOURCE,34.0
12123,KAD,35,19:12:00,19:12:00,1,SOURCE,35.0
12123,LNL,36,19:18:00,19:20:00,1,SOURCE,36.0
12123,MVL,37,19:26:00,19:26:00,1,SOURCE,37.0
12123,KMST,38,19:32:00,19:32:00,1,SOURCE,38.0
12123,KNHE,39,19:36:00,19:36:00,1,SOURCE,39.0
12123,VDN,40,19:40:00,19:40:00,1,SOURCE,40.0
12123,TGN,41,19:43:00,19:43:00,1,SOURCE,41.0
12123,GRWD,42,19:45:00,19:45:00,1,SOURCE,42.0
12123,DEHR,43,19:51:00,19:51:00,1,SOURCE,43.0
12123,AKRD,44,19:54:00,19:54:00,1,SOURCE,44.0
12123,CCH,45,19:57:00,19:57:00,1,SOURCE,45.0
12123,PMP,46,19:59:00,19:59:00,1,SOURCE,46.0
12123,KSWD,47,20:00:00,20:00:00,1,SOURCE,47.0
12123,DAPD,48,20:03:00,20:03:00,1,SOURCE,48.0
12123,KK,49,20:05:00,20:05:00,1,SOURCE,49.0
12123,SVJR,50,20:08:00,20:10:00,1,SOURCE,50.0
12123,PUNE,51,20:25:00,20:25:00,1,SOURCE,51.0
12124,PUNE,1,07:15:00,07:15:00,1,DIRECTION_NORMALIZED,51.0
12124,SVJR,2,07:17:00,07:17:00,1,DIRECTION_NORMALIZED,50.0
12124,KK,3,07:20:00,07:20:00,1,DIRECTION_NORMALIZED,49.0
12124,DAPD,4,07:22:00,07:22:00,1,DIRECTION_NORMALIZED,48.0
12124,KSWD,5,07:25:00,07:25:00,1,DIRECTION_NORMALIZED,47.0
12124,PMP,6,07:27:00,07:27:00,1,DIRECTION_NORMALIZED,46.0
12124,CCH,7,07:29:00,07:29:00,1,DIRECTION_NORMALIZED,45.0
12124,AKRD,8,07:31:00,07:31:00,1,DIRECTION_NORMALIZED,44.0
12124,DEHR,9,07:35:00,07:35:00,1,DIRECTION_NORMALIZED,43.0
12124,GRWD,10,07:41:00,07:41:00,1,DIRECTION_NORMALIZED,42.0
12124,TGN,11,07:44:00,07:44:00,1,DIRECTION_NORMALIZED,41.0
12124,VDN,12,07:47:00,07:47:00,1,DIRECTION_NORMALIZED,40.0
12124,KNHE,13,07:51:00,07:51:00,1,DIRECTION_NORMALIZED,39.0
12124,KMST,14,07:55:00,07:55:00,1,DIRECTION_NORMALIZED,38.0
12124,MVL,15,08:02:00,08:02:00,1,DIRECTION_NORMALIZED,37.0
12124,LNL,16,08:08:00,08:10:00,1,DIRECTION_NORMALIZED,36.0
12124,KAD,17,08:14:00,08:14:00,1,DIRECTION_NORMALIZED,35.0
12124,PDI,18,08:34:00,08:34:00,1,DIRECTION_NORMALIZED,34.0
12124,KJT,19,08:36:00,08:36:00,1,DIRECTION_NORMALIZED,33.0
12124,BVS,20,08:43:00,08:43:00,1,DIRECTION_NORMALIZED,32.0
12124,NRL,21,08:49:00,08:49:00,1,DIRECTION_NORMALIZED,31.0
12124,SHLU,22,08:53:00,08:53:00,1,DIRECTION_NORMALIZED,30.0
12124,VGI,23,08:57:00,08:57:00,1,DIRECTION_NORMALIZED,29.0
12124,BUD,24,09:08:00,09:08:00,1,DIRECTION_NORMALIZED,28.0
12124,ABH,25,09:15:00,09:15:00,1,DIRECTION_NORMALIZED,27.0
12124,ULNR,26,09:17:00,09:17:00,1,DIRECTION_NORMALIZED,26.0
12124,VLDI,27,09:19:00,09:19:00,1,DIRECTION_NORMALIZED,25.0
12124,KYN,28,09:21:00,09:21:00,1,DIRECTION_NORMALIZED,24.0
12124,THK,29,09:25:00,09:25:00,1,DIRECTION_NORMALIZED,23.0
12124,DI,30,09:26:00,09:26:00,1,DIRECTION_NORMALIZED,22.0
12124,KOPR,31,09:27:00,09:27:00,1,DIRECTION_NORMALIZED,21.0
12124,DIVA,32,09:32:00,09:32:00,1,DIRECTION_NORMALIZED,20.0
12124,MBQ,33,09:34:00,09:34:00,1,DIRECTION_NORMALIZED,19.0
12124,KLVA,34,09:38:00,09:38:00,1,DIRECTION_NORMALIZED,18.0
12124,TNA,35,09:41:00,09:41:00,1,DIRECTION_NORMALIZED,17.0
12124,MLND,36,09:43:00,09:43:00,1,DIRECTION_NORMALIZED,16.0
12124,NHU,37,09:45:00,09:45:00,1,DIRECTION_NORMALIZED,15.0
12124,BND,38,09:47:00,09:47:00,1,DIRECTION_NORMALIZED,14.0
12124,VK,39,09:50:00,09:50:00,1,DIRECTION_NORMALIZED,13.0
12124,GC,40,09:54:00,09:54:00,1,DIRECTION_NORMALIZED,12.0
12124,VVH,41,09:55:00,09:55:00,1,DIRECTION_NORMALIZED,11.0
12124,CLA,42,09:58:00,09:58:00,1,DIRECTION_NORMALIZED,10.0
12124,SIN,43,10:00:00,10:00:00,1,DIRECTION_NORMALIZED,9.0
12124,MTN,44,10:03:00,10:03:00,1,DIRECTION_NORMALIZED,8.0
12124,DR,45,10:03:00,10:05:00,1,DIRECTION_NORMALIZED,7.0
12124,PR,46,10:07:00,10:07:00,1,DIRECTION_NORMALIZED,6.0
12124,CRD,47,10:11:00,10:11:00,1,DIRECTION_NORMALIZED,5.0
12124,BY,48,10:16:00,10:16:00,1,DIRECTION_NORMALIZED,4.0
12124,SNRD,49,10:20:00,10:20:00,1,DIRECTION_NORMALIZED,3.0
12124,MSD,50,10:22:00,10:22:00,1,DIRECTION_NORMALIZED,2.0
12124,CSMT,51,10:25:00,10:25:00,1,DIRECTION_NORMALIZED,1.0
12125,CSMT,1,16:25:00,16:25:00,1,SOURCE,1.0
12125,MSD,2,16:26:00,16:26:00,1,SOURCE,2.0
12125,SNRD,3,16:28:00,16:28:00,1,SOURCE,3.0
12125,BY,4,16:30:00,16:30:00,1,SOURCE,4.0
12125,CRD,5,16:33:00,16:33:00,1,SOURCE,5.0
12125,PR,6,16:35:00,16:35:00,1,SOURCE,6.0
12125,DR,7,16:37:00,16:39:00,1,SOURCE,7.0
12125,MTN,8,16:40:00,16:40:00,1,SOURCE,8.0
12125,SIN,9,16:42:00,16:42:00,1,SOURCE,9.0
12125,CLA,10,16:44:00,16:44:00,1,SOURCE,10.0
12125,VVH,11,16:46:00,16:46:00,1,SOURCE,11.0
12125,GC,12,16:48:00,16:48:00,1,SOURCE,12.0
12125,VK,13,16:51:00,16:51:00,1,SOURCE,13.0
12125,BND,14,16:54:00,16:54:00,1,SOURCE,14.0
12125,NHU,15,16:55:00,16:55:00,1,SOURCE,15.0
12125,MLND,16,16:57:00,16:57:00,1,SOURCE,16.0
12125,TNA,17,16:59:00,16:59:00,1,SOURCE,17.0
12125,KLVA,18,17:01:00,17:01:00,1,SOURCE,18.0
12125,MBQ,19,17:05:00,17:05:00,1,SOURCE,19.0
12125,DIVA,20,17:07:00,17:07:00,1,SOURCE,20.0
12125,KOPR,21,17:10:00,17:10:00,1,SOURCE,21.0
12125,DI,22,17:11:00,17:11:00,1,SOURCE,22.0
12125,THK,23,17:13:00,17:13:00,1,SOURCE,23.0
12125,KYN,24,17:16:00,17:16:00,1,SOURCE,24.0
12125,VLDI,25,17:17:00,17:17:00,1,SOURCE,25.0
12125,ULNR,26,17:19:00,17:19:00,1,SOURCE,26.0
12125,ABH,27,17:21:00,17:21:00,1,SOURCE,27.0
12125,BUD,28,17:27:00,17:27:00,1,SOURCE,28.0
12125,VGI,29,17:36:00,17:36:00,1,SOURCE,29.0
12125,SHLU,30,17:39:00,17:39:00,1,SOURCE,30.0
12125,NRL,31,17:43:00,17:43:00,1,SOURCE,31.0
12125,BVS,32,17:48:00,17:48:00,1,SOURCE,32.0
12125,KJT,33,17:53:00,17:55:00,1,SOURCE,33.0
12125,PDI,34,18:00:00,18:00:00,1,SOURCE,34.0
12125,KAD,35,18:34:00,18:34:00,1,SOURCE,35.0
12125,LNL,36,18:40:00,18:42:00,1,SOURCE,36.0
12125,MVL,37,18:48:00,18:48:00,1,SOURCE,37.0
12125,KMST,38,18:56:00,18:56:00,1,SOURCE,38.0
12125,KNHE,39,19:00:00,19:00:00,1,SOURCE,39.0
12125,VDN,40,19:04:00,19:04:00,1,SOURCE,40.0
12125,TGN,41,19:08:00,19:08:00,1,SOURCE,41.0
12125,GRWD,42,19:11:00,19:11:00,1,SOURCE,42.0
12125,DEHR,43,19:16:00,19:16:00,1,SOURCE,43.0
12125,AKRD,44,19:21:00,19:21:00,1,SOURCE,44.0
12125,CCH,45,19:24:00,19:24:00,1,SOURCE,45.0
12125,PMP,46,19:26:00,19:26:00,1,SOURCE,46.0
12125,KSWD,47,19:28:00,19:28:00,1,SOURCE,47.0
12125,DAPD,48,19:31:00,19:31:00,1,SOURCE,48.0
12125,KK,49,19:33:00,19:33:00,1,SOURCE,49.0
12125,SVJR,50,19:36:00,19:38:00,1,SOURCE,50.0
12125,PUNE,51,19:53:00,19:53:00,1,SOURCE,51.0
12126,PUNE,1,07:50:00,07:50:00,1,DIRECTION_NORMALIZED,51.0
12126,SVJR,2,07:52:00,07:52:00,1,DIRECTION_NORMALIZED,50.0
12126,KK,3,07:55:00,07:55:00,1,DIRECTION_NORMALIZED,49.0
12126,DAPD,4,07:57:00,07:57:00,1,DIRECTION_NORMALIZED,48.0
12126,KSWD,5,08:00:00,08:00:00,1,DIRECTION_NORMALIZED,47.0
12126,PMP,6,08:02:00,08:02:00,1,DIRECTION_NORMALIZED,46.0
12126,CCH,7,08:04:00,08:04:00,1,DIRECTION_NORMALIZED,45.0
12126,AKRD,8,08:06:00,08:06:00,1,DIRECTION_NORMALIZED,44.0
12126,DEHR,9,08:10:00,08:10:00,1,DIRECTION_NORMALIZED,43.0
12126,GRWD,10,08:16:00,08:16:00,1,DIRECTION_NORMALIZED,42.0
12126,TGN,11,08:18:00,08:18:00,1,DIRECTION_NORMALIZED,41.0
12126,VDN,12,08:22:00,08:22:00,1,DIRECTION_NORMALIZED,40.0
12126,KNHE,13,08:26:00,08:26:00,1,DIRECTION_NORMALIZED,39.0
12126,KMST,14,08:30:00,08:30:00,1,DIRECTION_NORMALIZED,38.0
12126,MVL,15,08:37:00,08:37:00,1,DIRECTION_NORMALIZED,37.0
12126,LNL,16,08:43:00,08:45:00,1,DIRECTION_NORMALIZED,36.0
12126,KAD,17,08:49:00,08:49:00,1,DIRECTION_NORMALIZED,35.0
12126,PDI,18,09:10:00,09:10:00,1,DIRECTION_NORMALIZED,34.0
12126,KJT,19,09:13:00,09:13:00,1,DIRECTION_NORMALIZED,33.0
12126,BVS,20,09:21:00,09:21:00,1,DIRECTION_NORMALIZED,32.0
12126,NRL,21,09:27:00,09:27:00,1,DIRECTION_NORMALIZED,31.0
12126,SHLU,22,09:32:00,09:32:00,1,DIRECTION_NORMALIZED,30.0
12126,VGI,23,09:36:00,09:36:00,1,DIRECTION_NORMALIZED,29.0
12126,BUD,24,09:47:00,09:47:00,1,DIRECTION_NORMALIZED,28.0
12126,ABH,25,09:55:00,09:55:00,1,DIRECTION_NORMALIZED,27.0
12126,ULNR,26,09:57:00,09:57:00,1,DIRECTION_NORMALIZED,26.0
12126,VLDI,27,09:59:00,09:59:00,1,DIRECTION_NORMALIZED,25.0
12126,KYN,28,10:02:00,10:02:00,1,DIRECTION_NORMALIZED,24.0
12126,THK,29,10:06:00,10:06:00,1,DIRECTION_NORMALIZED,23.0
12126,DI,30,10:07:00,10:07:00,1,DIRECTION_NORMALIZED,22.0
12126,KOPR,31,10:08:00,10:08:00,1,DIRECTION_NORMALIZED,21.0
12126,DIVA,32,10:13:00,10:13:00,1,DIRECTION_NORMALIZED,20.0
12126,MBQ,33,10:16:00,10:16:00,1,DIRECTION_NORMALIZED,19.0
12126,KLVA,34,10:20:00,10:20:00,1,DIRECTION_NORMALIZED,18.0
12126,TNA,35,10:23:00,10:23:00,1,DIRECTION_NORMALIZED,17.0
12126,MLND,36,10:25:00,10:25:00,1,DIRECTION_NORMALIZED,16.0
12126,NHU,37,10:28:00,10:28:00,1,DIRECTION_NORMALIZED,15.0
12126,BND,38,10:29:00,10:29:00,1,DIRECTION_NORMALIZED,14.0
12126,VK,39,10:33:00,10:33:00,1,DIRECTION_NORMALIZED,13.0
12126,GC,40,10:37:00,10:37:00,1,DIRECTION_NORMALIZED,12.0
12126,VVH,41,10:38:00,10:38:00,1,DIRECTION_NORMALIZED,11.0
12126,CLA,42,10:41:00,10:41:00,1,DIRECTION_NORMALIZED,10.0
12126,SIN,43,10:44:00,10:44:00,1,DIRECTION_NORMALIZED,9.0
12126,MTN,44,10:46:00,10:46:00,1,DIRECTION_NORMALIZED,8.0
12126,DR,45,10:48:00,10:50:00,1,DIRECTION_NORMALIZED,7.0
12126,PR,46,10:52:00,10:52:00,1,DIRECTION_NORMALIZED,6.0
12126,CRD,47,10:56:00,10:56:00,1,DIRECTION_NORMALIZED,5.0
12126,BY,48,11:01:00,11:01:00,1,DIRECTION_NORMALIZED,4.0
12126,SNRD,49,11:05:00,11:05:00,1,DIRECTION_NORMALIZED,3.0
12126,MSD,50,11:07:00,11:07:00,1,DIRECTION_NORMALIZED,2.0
12126,CSMT,51,11:10:00,11:10:00,1,DIRECTION_NORMALIZED,1.0
12127,CSMT,1,06:45:00,06:45:00,1,SOURCE,1.0
12127,MSD,2,06:46:00,06:46:00,1,SOURCE,2.0
12127,SNRD,3,06:48:00,06:48:00,1,SOURCE,3.0
12127,BY,4,06:50:00,06:50:00,1,SOURCE,4.0
12127,CRD,5,06:52:00,06:52:00,1,SOURCE,5.0
12127,PR,6,06:54:00,06:54:00,1,SOURCE,6.0
12127,DR,7,06:56:00,06:58:00,1,SOURCE,7.0
12127,MTN,8,06:59:00,06:59:00,1,SOURCE,8.0
12127,SIN,9,07:01:00,07:01:00,1,SOURCE,9.0
12127,CLA,10,07:03:00,07:03:00,1,SOURCE,10.0
12127,VVH,11,07:04:00,07:04:00,1,SOURCE,11.0
12127,GC,12,07:05:00,07:05:00,1,SOURCE,12.0
12127,VK,13,07:08:00,07:08:00,1,SOURCE,13.0
12127,BND,14,07:10:00,07:10:00,1,SOURCE,14.0
12127,NHU,15,07:11:00,07:11:00,1,SOURCE,15.0
12127,MLND,16,07:13:00,07:13:00,1,SOURCE,16.0
12127,TNA,17,07:15:00,07:17:00,1,SOURCE,17.0
12127,KLVA,18,07:20:00,07:20:00,1,SOURCE,18.0
12127,MBQ,19,07:24:00,07:24:00,1,SOURCE,19.0
12127,DIVA,20,07:27:00,07:27:00,1,SOURCE,20.0
12127,KOPR,21,07:31:00,07:31:00,1,SOURCE,21.0
12127,DI,22,07:32:00,07:32:00,1,SOURCE,22.0
12127,THK,23,07:34:00,07:34:00,1,SOURCE,23.0
12127,KYN,24,07:37:00,07:37:00,1,SOURCE,24.0
12127,VLDI,25,07:40:00,07:40:00,1,SOURCE,25.0
12127,ULNR,26,07:41:00,07:41:00,1,SOURCE,26.0
12127,ABH,27,07:44:00,07:44:00,1,SOURCE,27.0
12127,BUD,28,07:52:00,07:52:00,1,SOURCE,28.0
12127,VGI,29,08:02:00,08:02:00,1,SOURCE,29.0
12127,SHLU,30,08:06:00,08:06:00,1,SOURCE,30.0
12127,NRL,31,08:10:00,08:10:00,1,SOURCE,31.0
12127,BVS,32,08:17:00,08:17:00,1,SOURCE,32.0
12127,KJT,33,08:24:00,08:24:00,1,SOURCE,33.0
12127,PDI,34,08:27:00,08:27:00,1,SOURCE,34.0
12127,KAD,35,08:48:00,08:48:00,1,SOURCE,35.0
12127,LNL,36,08:50:00,08:52:00,1,SOURCE,36.0
12127,MVL,37,08:59:00,08:59:00,1,SOURCE,37.0
12127,KMST,38,09:07:00,09:07:00,1,SOURCE,38.0
12127,KNHE,39,09:11:00,09:11:00,1,SOURCE,39.0
12127,VDN,40,09:16:00,09:16:00,1,SOURCE,40.0
12127,TGN,41,09:20:00,09:20:00,1,SOURCE,41.0
12127,GRWD,42,09:23:00,09:23:00,1,SOURCE,42.0
12127,DEHR,43,09:29:00,09:29:00,1,SOURCE,43.0
12127,AKRD,44,09:34:00,09:34:00,1,SOURCE,44.0
12127,CCH,45,09:37:00,09:37:00,1,SOURCE,45.0
12127,PMP,46,09:39:00,09:39:00,1,SOURCE,46.0
12127,KSWD,47,09:41:00,09:41:00,1,SOURCE,47.0
12127,DAPD,48,09:44:00,09:44:00,1,SOURCE,48.0
12127,KK,49,09:47:00,09:47:00,1,SOURCE,49.0
12127,SVJR,50,09:50:00,09:50:00,1,SOURCE,50.0
12127,PUNE,51,09:52:00,09:52:00,1,SOURCE,51.0
12128,PUNE,1,17:55:00,17:55:00,1,DIRECTION_NORMALIZED,51.0
12128,SVJR,2,17:57:00,17:57:00,1,DIRECTION_NORMALIZED,50.0
12128,KK,3,18:00:00,18:00:00,1,DIRECTION_NORMALIZED,49.0
12128,DAPD,4,18:02:00,18:02:00,1,DIRECTION_NORMALIZED,48.0
12128,KSWD,5,18:05:00,18:05:00,1,DIRECTION_NORMALIZED,47.0
12128,PMP,6,18:06:00,18:06:00,1,DIRECTION_NORMALIZED,46.0
12128,CCH,7,18:08:00,18:08:00,1,DIRECTION_NORMALIZED,45.0
12128,AKRD,8,18:11:00,18:11:00,1,DIRECTION_NORMALIZED,44.0
12128,DEHR,9,18:15:00,18:15:00,1,DIRECTION_NORMALIZED,43.0
12128,GRWD,10,18:20:00,18:20:00,1,DIRECTION_NORMALIZED,42.0
12128,TGN,11,18:22:00,18:22:00,1,DIRECTION_NORMALIZED,41.0
12128,VDN,12,18:26:00,18:26:00,1,DIRECTION_NORMALIZED,40.0
12128,KNHE,13,18:30:00,18:30:00,1,DIRECTION_NORMALIZED,39.0
12128,KMST,14,18:33:00,18:33:00,1,DIRECTION_NORMALIZED,38.0
12128,MVL,15,18:40:00,18:40:00,1,DIRECTION_NORMALIZED,37.0
12128,LNL,16,18:46:00,18:48:00,1,DIRECTION_NORMALIZED,36.0
12128,KAD,17,18:52:00,18:52:00,1,DIRECTION_NORMALIZED,35.0
12128,PDI,18,19:12:00,19:12:00,1,DIRECTION_NORMALIZED,34.0
12128,KJT,19,19:14:00,19:14:00,1,DIRECTION_NORMALIZED,33.0
12128,BVS,20,19:21:00,19:21:00,1,DIRECTION_NORMALIZED,32.0
12128,NRL,21,19:27:00,19:27:00,1,DIRECTION_NORMALIZED,31.0
12128,SHLU,22,19:31:00,19:31:00,1,DIRECTION_NORMALIZED,30.0
12128,VGI,23,19:35:00,19:35:00,1,DIRECTION_NORMALIZED,29.0
12128,BUD,24,19:45:00,19:45:00,1,DIRECTION_NORMALIZED,28.0
12128,ABH,25,19:53:00,19:53:00,1,DIRECTION_NORMALIZED,27.0
12128,ULNR,26,19:55:00,19:55:00,1,DIRECTION_NORMALIZED,26.0
12128,VLDI,27,19:57:00,19:57:00,1,DIRECTION_NORMALIZED,25.0
12128,KYN,28,19:59:00,19:59:00,1,DIRECTION_NORMALIZED,24.0
12128,THK,29,20:03:00,20:03:00,1,DIRECTION_NORMALIZED,23.0
12128,DI,30,20:04:00,20:04:00,1,DIRECTION_NORMALIZED,22.0
12128,KOPR,31,20:05:00,20:05:00,1,DIRECTION_NORMALIZED,21.0
12128,DIVA,32,20:09:00,20:09:00,1,DIRECTION_NORMALIZED,20.0
12128,MBQ,33,20:12:00,20:12:00,1,DIRECTION_NORMALIZED,19.0
12128,KLVA,34,20:16:00,20:16:00,1,DIRECTION_NORMALIZED,18.0
12128,TNA,35,20:18:00,20:20:00,1,DIRECTION_NORMALIZED,17.0
12128,MLND,36,20:22:00,20:22:00,1,DIRECTION_NORMALIZED,16.0
12128,NHU,37,20:23:00,20:23:00,1,DIRECTION_NORMALIZED,15.0
12128,BND,38,20:25:00,20:25:00,1,DIRECTION_NORMALIZED,14.0
12128,VK,39,20:27:00,20:27:00,1,DIRECTION_NORMALIZED,13.0
12128,GC,40,20:30:00,20:30:00,1,DIRECTION_NORMALIZED,12.0
12128,VVH,41,20:31:00,20:31:00,1,DIRECTION_NORMALIZED,11.0
12128,CLA,42,20:33:00,20:33:00,1,DIRECTION_NORMALIZED,10.0
12128,SIN,43,20:34:00,20:34:00,1,DIRECTION_NORMALIZED,9.0
12128,MTN,44,20:36:00,20:36:00,1,DIRECTION_NORMALIZED,8.0
12128,DR,45,20:37:00,20:39:00,1,DIRECTION_NORMALIZED,7.0
12128,PR,46,20:41:00,20:41:00,1,DIRECTION_NORMALIZED,6.0
12128,CRD,47,20:46:00,20:46:00,1,DIRECTION_NORMALIZED,5.0
12128,BY,48,20:50:00,20:50:00,1,DIRECTION_NORMALIZED,4.0
12128,SNRD,49,20:55:00,20:55:00,1,DIRECTION_NORMALIZED,3.0
12128,MSD,50,20:57:00,20:57:00,1,DIRECTION_NORMALIZED,2.0
12128,CSMT,51,21:00:00,21:00:00,1,DIRECTION_NORMALIZED,1.0
12163,DR,1,20:30:00,20:30:00,1,SOURCE,1.0
12163,MTN,2,20:31:00,20:31:00,1,SOURCE,2.0
12163,SIN,3,20:34:00,20:34:00,1,SOURCE,3.0
12163,CLA,4,20:36:00,20:36:00,1,SOURCE,4.0
12163,VVH,5,20:38:00,20:38:00,1,SOURCE,5.0
12163,GC,6,20:39:00,20:39:00,1,SOURCE,6.0
12163,VK,7,20:43:00,20:43:00,1,SOURCE,7.0
12163,BND,8,20:46:00,20:46:00,1,SOURCE,8.0
12163,NHU,9,20:48:00,20:48:00,1,SOURCE,9.0
12163,MLND,10,20:49:00,20:49:00,1,SOURCE,10.0
12163,TNA,11,20:52:00,20:52:00,1,SOURCE,11.0
12163,KLVA,12,20:54:00,20:54:00,1,SOURCE,12.0
12163,MBQ,13,20:58:00,20:58:00,1,SOURCE,13.0
12163,DIVA,14,21:00:00,21:00:00,1,SOURCE,14.0
12163,KOPR,15,21:04:00,21:04:00,1,SOURCE,15.0
12163,DI,16,21:05:00,21:05:00,1,SOURCE,16.0
12163,THK,17,21:07:00,21:07:00,1,SOURCE,17.0
12163,KYN,18,21:10:00,21:15:00,1,SOURCE,18.0
12163,VLDI,19,21:18:00,21:18:00,1,SOURCE,19.0
12163,ULNR,20,21:20:00,21:20:00,1,SOURCE,20.0
12163,ABH,21,21:23:00,21:23:00,1,SOURCE,21.0
12163,BUD,22,21:33:00,21:33:00,1,SOURCE,22.0
12163,VGI,23,21:47:00,21:47:00,1,SOURCE,23.0
12163,SHLU,24,21:52:00,21:52:00,1,SOURCE,24.0
12163,NRL,25,21:57:00,21:57:00,1,SOURCE,25.0
12163,BVS,26,22:06:00,22:06:00,1,SOURCE,26.0
12163,KJT,27,22:14:00,22:14:00,1,SOURCE,27.0
12163,PDI,28,22:18:00,22:18:00,1,SOURCE,28.0
12163,KAD,29,22:45:00,22:45:00,1,SOURCE,29.0
12163,LNL,30,22:48:00,22:50:00,1,SOURCE,30.0
12163,MVL,31,22:58:00,22:58:00,1,SOURCE,31.0
12163,KMST,32,23:09:00,23:09:00,1,SOURCE,32.0
12163,KNHE,33,23:14:00,23:14:00,1,SOURCE,33.0
12163,VDN,34,23:20:00,23:20:00,1,SOURCE,34.0
12163,TGN,35,23:25:00,23:25:00,1,SOURCE,35.0
12163,GRWD,36,23:28:00,23:28:00,1,SOURCE,36.0
12163,DEHR,37,23:36:00,23:36:00,1,SOURCE,37.0
12163,AKRD,38,23:42:00,23:42:00,1,SOURCE,38.0
12163,CCH,39,23:46:00,23:46:00,1,SOURCE,39.0
12163,PMP,40,23:49:00,23:49:00,1,SOURCE,40.0
12163,KSWD,41,23:51:00,23:51:00,1,SOURCE,41.0
12163,DAPD,42,23:56:00,23:56:00,1,SOURCE,42.0
12163,KK,43,23:58:00,23:58:00,1,SOURCE,43.0
12163,SVJR,44,00:02:00,00:02:00,2,SOURCE,1.0
12163,PUNE,45,00:05:00,00:10:00,2,SOURCE,2.0
12164,PUNE,1,02:25:00,02:35:00,2,DIRECTION_NORMALIZED,45.0
12164,SVJR,2,02:37:00,02:37:00,2,DIRECTION_NORMALIZED,44.0
12164,KK,3,02:41:00,02:41:00,2,DIRECTION_NORMALIZED,43.0
12164,DAPD,4,02:43:00,02:43:00,2,DIRECTION_NORMALIZED,42.0
12164,KSWD,5,02:46:00,02:46:00,2,DIRECTION_NORMALIZED,41.0
12164,PMP,6,02:48:00,02:48:00,2,DIRECTION_NORMALIZED,40.0
12164,CCH,7,02:50:00,02:50:00,2,DIRECTION_NORMALIZED,39.0
12164,AKRD,8,02:53:00,02:53:00,2,DIRECTION_NORMALIZED,38.0
12164,DEHR,9,02:58:00,02:58:00,2,DIRECTION_NORMALIZED,37.0
12164,GRWD,10,03:04:00,03:04:00,2,DIRECTION_NORMALIZED,36.0
12164,TGN,11,03:07:00,03:07:00,2,DIRECTION_NORMALIZED,35.0
12164,VDN,12,03:10:00,03:10:00,2,DIRECTION_NORMALIZED,34.0
12164,KNHE,13,03:15:00,03:15:00,2,DIRECTION_NORMALIZED,33.0
12164,KMST,14,03:19:00,03:19:00,2,DIRECTION_NORMALIZED,32.0
12164,MVL,15,03:28:00,03:28:00,2,DIRECTION_NORMALIZED,31.0
12164,LNL,16,03:34:00,03:35:00,2,DIRECTION_NORMALIZED,30.0
12164,KAD,17,03:40:00,03:40:00,2,DIRECTION_NORMALIZED,29.0
12164,PDI,18,04:05:00,04:05:00,2,DIRECTION_NORMALIZED,28.0
12164,KJT,19,04:08:00,04:08:00,2,DIRECTION_NORMALIZED,27.0
12164,BVS,20,04:17:00,04:17:00,2,DIRECTION_NORMALIZED,26.0
12164,NRL,21,04:25:00,04:25:00,2,DIRECTION_NORMALIZED,25.0
12164,SHLU,22,04:30:00,04:30:00,2,DIRECTION_NORMALIZED,24.0
12164,VGI,23,04:35:00,04:35:00,2,DIRECTION_NORMALIZED,23.0
12164,BUD,24,04:48:00,04:48:00,2,DIRECTION_NORMALIZED,22.0
12164,ABH,25,04:57:00,04:57:00,2,DIRECTION_NORMALIZED,21.0
12164,ULNR,26,05:00:00,05:00:00,2,DIRECTION_NORMALIZED,20.0
12164,VLDI,27,05:02:00,05:02:00,2,DIRECTION_NORMALIZED,19.0
12164,KYN,28,05:04:00,05:05:00,2,DIRECTION_NORMALIZED,18.0
12164,THK,29,05:10:00,05:10:00,2,DIRECTION_NORMALIZED,17.0
12164,DI,30,05:11:00,05:11:00,2,DIRECTION_NORMALIZED,16.0
12164,KOPR,31,05:13:00,05:13:00,2,DIRECTION_NORMALIZED,15.0
12164,DIVA,32,05:18:00,05:18:00,2,DIRECTION_NORMALIZED,14.0
12164,MBQ,33,05:22:00,05:22:00,2,DIRECTION_NORMALIZED,13.0
12164,KLVA,34,05:27:00,05:27:00,2,DIRECTION_NORMALIZED,12.0
12164,TNA,35,05:31:00,05:31:00,2,DIRECTION_NORMALIZED,11.0
12164,MLND,36,05:34:00,05:34:00,2,DIRECTION_NORMALIZED,10.0
12164,NHU,37,05:37:00,05:37:00,2,DIRECTION_NORMALIZED,9.0
12164,BND,38,05:39:00,05:39:00,2,DIRECTION_NORMALIZED,8.0
12164,VK,39,05:43:00,05:43:00,2,DIRECTION_NORMALIZED,7.0
12164,GC,40,05:48:00,05:48:00,2,DIRECTION_NORMALIZED,6.0
12164,VVH,41,05:50:00,05:50:00,2,DIRECTION_NORMALIZED,5.0
12164,CLA,42,05:53:00,05:53:00,2,DIRECTION_NORMALIZED,4.0
12164,SIN,43,05:56:00,05:56:00,2,DIRECTION_NORMALIZED,3.0
12164,MTN,44,05:59:00,05:59:00,2,DIRECTION_NORMALIZED,2.0
12164,DR,45,06:00:00,06:00:00,2,DIRECTION_NORMALIZED,1.0
12219,VVH,1,23:06:00,23:06:00,1,SOURCE,1.0
12219,GC,2,23:08:00,23:08:00,1,SOURCE,2.0
12219,VK,3,23:11:00,23:11:00,1,SOURCE,3.0
12219,BND,4,23:14:00,23:14:00,1,SOURCE,4.0
12219,NHU,5,23:16:00,23:16:00,1,SOURCE,5.0
12219,MLND,6,23:18:00,23:18:00,1,SOURCE,6.0
12219,TNA,7,23:21:00,23:21:00,1,SOURCE,7.0
12219,KLVA,8,23:23:00,23:23:00,1,SOURCE,8.0
12219,MBQ,9,23:27:00,23:27:00,1,SOURCE,9.0
12219,DIVA,10,23:30:00,23:30:00,1,SOURCE,10.0
12219,KOPR,11,23:34:00,23:34:00,1,SOURCE,11.0
12219,DI,12,23:35:00,23:35:00,1,SOURCE,12.0
12219,THK,13,23:36:00,23:36:00,1,SOURCE,13.0
12219,KYN,14,23:40:00,23:40:00,1,SOURCE,14.0
12219,VLDI,15,23:42:00,23:42:00,1,SOURCE,15.0
12219,ULNR,16,23:44:00,23:44:00,1,SOURCE,16.0
12219,ABH,17,23:46:00,23:46:00,1,SOURCE,17.0
12219,BUD,18,23:53:00,23:53:00,1,SOURCE,18.0
12219,VGI,19,00:03:00,00:03:00,2,SOURCE,1.0
12219,SHLU,20,00:07:00,00:07:00,2,SOURCE,2.0
12219,NRL,21,00:11:00,00:11:00,2,SOURCE,3.0
12219,BVS,22,00:17:00,00:17:00,2,SOURCE,4.0
12219,KJT,23,00:24:00,00:24:00,2,SOURCE,5.0
12219,PDI,24,00:26:00,00:26:00,2,SOURCE,6.0
12219,KAD,25,00:46:00,00:46:00,2,SOURCE,7.0
12219,LNL,26,00:49:00,00:49:00,2,SOURCE,8.0
12219,MVL,27,00:56:00,00:56:00,2,SOURCE,9.0
12219,KMST,28,01:04:00,01:04:00,2,SOURCE,10.0
12219,KNHE,29,01:09:00,01:09:00,2,SOURCE,11.0
12219,VDN,30,01:14:00,01:14:00,2,SOURCE,12.0
12219,TGN,31,01:17:00,01:17:00,2,SOURCE,13.0
12219,GRWD,32,01:20:00,01:20:00,2,SOURCE,14.0
12219,DEHR,33,01:26:00,01:26:00,2,SOURCE,15.0
12219,AKRD,34,01:31:00,01:31:00,2,SOURCE,16.0
12219,CCH,35,01:34:00,01:34:00,2,SOURCE,17.0
12219,PMP,36,01:36:00,01:36:00,2,SOURCE,18.0
12219,KSWD,37,01:38:00,01:38:00,2,SOURCE,19.0
12219,DAPD,38,01:42:00,01:42:00,2,SOURCE,20.0
12219,KK,39,01:44:00,01:44:00,2,SOURCE,21.0
12219,SVJR,40,01:47:00,01:47:00,2,SOURCE,22.0
12219,PUNE,41,01:49:00,01:49:00,2,SOURCE,23.0
12220,PUNE,1,08:27:00,08:27:00,2,DIRECTION_NORMALIZED,41.0
12220,SVJR,2,08:29:00,08:29:00,2,DIRECTION_NORMALIZED,40.0
12220,KK,3,08:33:00,08:33:00,2,DIRECTION_NORMALIZED,39.0
12220,DAPD,4,08:35:00,08:35:00,2,DIRECTION_NORMALIZED,38.0
12220,KSWD,5,08:38:00,08:38:00,2,DIRECTION_NORMALIZED,37.0
12220,PMP,6,08:40:00,08:40:00,2,DIRECTION_NORMALIZED,36.0
12220,CCH,7,08:42:00,08:42:00,2,DIRECTION_NORMALIZED,35.0
12220,AKRD,8,08:45:00,08:45:00,2,DIRECTION_NORMALIZED,34.0
12220,DEHR,9,08:50:00,08:50:00,2,DIRECTION_NORMALIZED,33.0
12220,GRWD,10,08:56:00,08:56:00,2,DIRECTION_NORMALIZED,32.0
12220,TGN,11,08:59:00,08:59:00,2,DIRECTION_NORMALIZED,31.0
12220,VDN,12,09:03:00,09:03:00,2,DIRECTION_NORMALIZED,30.0
12220,KNHE,13,09:08:00,09:08:00,2,DIRECTION_NORMALIZED,29.0
12220,KMST,14,09:12:00,09:12:00,2,DIRECTION_NORMALIZED,28.0
12220,MVL,15,09:20:00,09:20:00,2,DIRECTION_NORMALIZED,27.0
12220,LNL,16,09:27:00,09:27:00,2,DIRECTION_NORMALIZED,26.0
12220,KAD,17,09:30:00,09:30:00,2,DIRECTION_NORMALIZED,25.0
12220,PDI,18,09:50:00,09:50:00,2,DIRECTION_NORMALIZED,24.0
12220,KJT,19,09:53:00,09:53:00,2,DIRECTION_NORMALIZED,23.0
12220,BVS,20,09:59:00,09:59:00,2,DIRECTION_NORMALIZED,22.0
12220,NRL,21,10:05:00,10:05:00,2,DIRECTION_NORMALIZED,21.0
12220,SHLU,22,10:09:00,10:09:00,2,DIRECTION_NORMALIZED,20.0
12220,VGI,23,10:13:00,10:13:00,2,DIRECTION_NORMALIZED,19.0
12220,BUD,24,10:23:00,10:23:00,2,DIRECTION_NORMALIZED,18.0
12220,ABH,25,10:30:00,10:30:00,2,DIRECTION_NORMALIZED,17.0
12220,ULNR,26,10:33:00,10:33:00,2,DIRECTION_NORMALIZED,16.0
12220,VLDI,27,10:35:00,10:35:00,2,DIRECTION_NORMALIZED,15.0
12220,KYN,28,10:37:00,10:37:00,2,DIRECTION_NORMALIZED,14.0
12220,THK,29,10:40:00,10:40:00,2,DIRECTION_NORMALIZED,13.0
12220,DI,30,10:41:00,10:41:00,2,DIRECTION_NORMALIZED,12.0
12220,KOPR,31,10:43:00,10:43:00,2,DIRECTION_NORMALIZED,11.0
12220,DIVA,32,10:47:00,10:47:00,2,DIRECTION_NORMALIZED,10.0
12220,MBQ,33,10:49:00,10:49:00,2,DIRECTION_NORMALIZED,9.0
12220,KLVA,34,10:53:00,10:53:00,2,DIRECTION_NORMALIZED,8.0
12220,TNA,35,10:56:00,10:56:00,2,DIRECTION_NORMALIZED,7.0
12220,MLND,36,10:58:00,10:58:00,2,DIRECTION_NORMALIZED,6.0
12220,NHU,37,11:00:00,11:00:00,2,DIRECTION_NORMALIZED,5.0
12220,BND,38,11:02:00,11:02:00,2,DIRECTION_NORMALIZED,4.0
12220,VVH,39,11:05:00,11:05:00,2,DIRECTION_NORMALIZED,1.0
12220,GC,40,11:05:00,11:05:00,2,DIRECTION_NORMALIZED,2.0
12220,VK,41,11:05:00,11:05:00,2,DIRECTION_NORMALIZED,3.0
12263,PUNE,1,11:10:00,11:10:00,1,DIRECTION_NORMALIZED,31.0
12263,SVJR,2,11:12:00,11:12:00,1,DIRECTION_NORMALIZED,30.0
12263,KK,3,11:15:00,11:15:00,1,DIRECTION_NORMALIZED,29.0
12263,DAPD,4,11:17:00,11:17:00,1,DIRECTION_NORMALIZED,28.0
12263,KSWD,5,11:19:00,11:19:00,1,DIRECTION_NORMALIZED,27.0
12263,PMP,6,11:21:00,11:21:00,1,DIRECTION_NORMALIZED,26.0
12263,CCH,7,11:23:00,11:23:00,1,DIRECTION_NORMALIZED,25.0
12263,AKRD,8,11:26:00,11:26:00,1,DIRECTION_NORMALIZED,24.0
12263,DEHR,9,11:30:00,11:30:00,1,DIRECTION_NORMALIZED,23.0
12263,GRWD,10,11:35:00,11:35:00,1,DIRECTION_NORMALIZED,22.0
12263,TGN,11,11:37:00,11:37:00,1,DIRECTION_NORMALIZED,21.0
12263,VDN,12,11:40:00,11:40:00,1,DIRECTION_NORMALIZED,20.0
12263,KNHE,13,11:45:00,11:45:00,1,DIRECTION_NORMALIZED,19.0
12263,KMST,14,11:48:00,11:48:00,1,DIRECTION_NORMALIZED,18.0
12263,MVL,15,11:55:00,11:55:00,1,DIRECTION_NORMALIZED,17.0
12263,LNL,16,12:01:00,12:01:00,1,DIRECTION_NORMALIZED,16.0
12263,KAD,17,12:04:00,12:04:00,1,DIRECTION_NORMALIZED,15.0
12263,PDI,18,12:21:00,12:21:00,1,DIRECTION_NORMALIZED,14.0
12263,KJT,19,12:23:00,12:23:00,1,DIRECTION_NORMALIZED,13.0
12263,BVS,20,12:28:00,12:28:00,1,DIRECTION_NORMALIZED,12.0
12263,NRL,21,12:34:00,12:34:00,1,DIRECTION_NORMALIZED,11.0
12263,SHLU,22,12:37:00,12:37:00,1,DIRECTION_NORMALIZED,10.0
12263,VGI,23,12:40:00,12:40:00,1,DIRECTION_NORMALIZED,9.0
12263,BUD,24,12:49:00,12:49:00,1,DIRECTION_NORMALIZED,8.0
12263,ABH,25,12:55:00,12:55:00,1,DIRECTION_NORMALIZED,7.0
12263,ULNR,26,12:57:00,12:57:00,1,DIRECTION_NORMALIZED,6.0
12263,VLDI,27,12:59:00,12:59:00,1,DIRECTION_NORMALIZED,5.0
12263,KYN,28,13:00:00,13:00:00,1,DIRECTION_NORMALIZED,4.0
12263,THK,29,13:03:00,13:03:00,1,DIRECTION_NORMALIZED,3.0
12263,DI,30,13:04:00,13:04:00,1,DIRECTION_NORMALIZED,2.0
12263,KOPR,31,13:08:00,13:08:00,1,DIRECTION_NORMALIZED,1.0
12264,KOPR,1,05:06:00,05:06:00,2,SOURCE,1.0
12264,DI,2,05:10:00,05:10:00,2,SOURCE,2.0
12264,THK,3,05:11:00,05:11:00,2,SOURCE,3.0
12264,KYN,4,05:14:00,05:14:00,2,SOURCE,4.0
12264,VLDI,5,05:16:00,05:16:00,2,SOURCE,5.0
12264,ULNR,6,05:17:00,05:17:00,2,SOURCE,6.0
12264,ABH,7,05:19:00,05:19:00,2,SOURCE,7.0
12264,BUD,8,05:25:00,05:25:00,2,SOURCE,8.0
12264,VGI,9,05:34:00,05:34:00,2,SOURCE,9.0
12264,SHLU,10,05:37:00,05:37:00,2,SOURCE,10.0
12264,NRL,11,05:40:00,05:40:00,2,SOURCE,11.0
12264,BVS,12,05:46:00,05:46:00,2,SOURCE,12.0
12264,KJT,13,05:51:00,05:51:00,2,SOURCE,13.0
12264,PDI,14,05:54:00,05:54:00,2,SOURCE,14.0
12264,KAD,15,06:10:00,06:10:00,2,SOURCE,15.0
12264,LNL,16,06:13:00,06:13:00,2,SOURCE,16.0
12264,MVL,17,06:19:00,06:19:00,2,SOURCE,17.0
12264,KMST,18,06:26:00,06:26:00,2,SOURCE,18.0
12264,KNHE,19,06:29:00,06:29:00,2,SOURCE,19.0
12264,VDN,20,06:33:00,06:33:00,2,SOURCE,20.0
12264,TGN,21,06:37:00,06:37:00,2,SOURCE,21.0
12264,GRWD,22,06:39:00,06:39:00,2,SOURCE,22.0
12264,DEHR,23,06:44:00,06:44:00,2,SOURCE,23.0
12264,AKRD,24,06:48:00,06:48:00,2,SOURCE,24.0
12264,CCH,25,06:51:00,06:51:00,2,SOURCE,25.0
12264,PMP,26,06:53:00,06:53:00,2,SOURCE,26.0
12264,KSWD,27,06:54:00,06:54:00,2,SOURCE,27.0
12264,DAPD,28,06:57:00,06:57:00,2,SOURCE,28.0
12264,KK,29,06:59:00,06:59:00,2,SOURCE,29.0
12264,SVJR,30,07:00:00,07:00:00,2,SOURCE,30.0
12264,PUNE,31,07:00:00,07:00:00,2,SOURCE,31.0
12525,CSMT,1,05:40:00,05:40:00,1,SOURCE,1.0
12525,MSD,2,05:41:00,05:41:00,1,SOURCE,2.0
12525,SNRD,3,05:43:00,05:43:00,1,SOURCE,3.0
12525,BY,4,05:45:00,05:45:00,1,SOURCE,4.0
12525,CRD,5,05:47:00,05:47:00,1,SOURCE,5.0
12525,PR,6,05:49:00,05:49:00,1,SOURCE,6.0
12525,DR,7,05:51:00,05:53:00,1,SOURCE,7.0
12525,MTN,8,05:54:00,05:54:00,1,SOURCE,8.0
12525,SIN,9,05:56:00,05:56:00,1,SOURCE,9.0
12525,CLA,10,05:59:00,05:59:00,1,SOURCE,10.0
12525,VVH,11,06:01:00,06:01:00,1,SOURCE,11.0
12525,GC,12,06:02:00,06:02:00,1,SOURCE,12.0
12525,VK,13,06:05:00,06:05:00,1,SOURCE,13.0
12525,BND,14,06:08:00,06:08:00,1,SOURCE,14.0
12525,NHU,15,06:10:00,06:10:00,1,SOURCE,15.0
12525,MLND,16,06:11:00,06:11:00,1,SOURCE,16.0
12525,TNA,17,06:14:00,06:16:00,1,SOURCE,17.0
12525,KLVA,18,06:18:00,06:18:00,1,SOURCE,18.0
12525,MBQ,19,06:23:00,06:23:00,1,SOURCE,19.0
12525,DIVA,20,06:25:00,06:25:00,1,SOURCE,20.0
12525,KOPR,21,06:29:00,06:29:00,1,SOURCE,21.0
12525,DI,22,06:31:00,06:31:00,1,SOURCE,22.0
12525,THK,23,06:32:00,06:32:00,1,SOURCE,23.0
12525,KYN,24,06:35:00,06:37:00,1,SOURCE,24.0
12525,VLDI,25,06:39:00,06:39:00,1,SOURCE,25.0
12525,ULNR,26,06:41:00,06:41:00,1,SOURCE,26.0
12525,ABH,27,06:43:00,06:43:00,1,SOURCE,27.0
12525,BUD,28,06:49:00,06:49:00,1,SOURCE,28.0
12525,VGI,29,06:58:00,06:58:00,1,SOURCE,29.0
12525,SHLU,30,07:01:00,07:01:00,1,SOURCE,30.0
12525,NRL,31,07:05:00,07:05:00,1,SOURCE,31.0
12525,BVS,32,07:10:00,07:10:00,1,SOURCE,32.0
12525,KJT,33,07:15:00,07:17:00,1,SOURCE,33.0
12525,PDI,34,07:22:00,07:22:00,1,SOURCE,34.0
12525,KAD,35,07:54:00,07:54:00,1,SOURCE,35.0
12525,LNL,36,08:00:00,08:02:00,1,SOURCE,36.0
12525,MVL,37,08:08:00,08:08:00,1,SOURCE,37.0
12525,KMST,38,08:14:00,08:14:00,1,SOURCE,38.0
12525,KNHE,39,08:18:00,08:18:00,1,SOURCE,39.0
12525,VDN,40,08:22:00,08:22:00,1,SOURCE,40.0
12525,TGN,41,08:25:00,08:25:00,1,SOURCE,41.0
12525,GRWD,42,08:27:00,08:27:00,1,SOURCE,42.0
12525,DEHR,43,08:33:00,08:33:00,1,SOURCE,43.0
12525,AKRD,44,08:36:00,08:36:00,1,SOURCE,44.0
12525,CCH,45,08:39:00,08:39:00,1,SOURCE,45.0
12525,PMP,46,08:41:00,08:41:00,1,SOURCE,46.0
12525,KSWD,47,08:42:00,08:42:00,1,SOURCE,47.0
12525,DAPD,48,08:45:00,08:45:00,1,SOURCE,48.0
12525,KK,49,08:47:00,08:47:00,1,SOURCE,49.0
12525,SVJR,50,08:50:00,08:52:00,1,SOURCE,50.0
12525,PUNE,51,09:08:00,09:08:00,1,SOURCE,51.0
12526,PUNE,1,18:35:00,18:35:00,1,DIRECTION_NORMALIZED,51.0
12526,SVJR,2,18:37:00,18:37:00,1,DIRECTION_NORMALIZED,50.0
12526,KK,3,18:40:00,18:40:00,1,DIRECTION_NORMALIZED,49.0
12526,DAPD,4,18:41:00,18:41:00,1,DIRECTION_NORMALIZED,48.0
12526,KSWD,5,18:44:00,18:44:00,1,DIRECTION_NORMALIZED,47.0
12526,PMP,6,18:46:00,18:46:00,1,DIRECTION_NORMALIZED,46.0
12526,CCH,7,18:47:00,18:47:00,1,DIRECTION_NORMALIZED,45.0
12526,AKRD,8,18:50:00,18:50:00,1,DIRECTION_NORMALIZED,44.0
12526,DEHR,9,18:53:00,18:53:00,1,DIRECTION_NORMALIZED,43.0
12526,GRWD,10,18:58:00,18:58:00,1,DIRECTION_NORMALIZED,42.0
12526,TGN,11,19:01:00,19:01:00,1,DIRECTION_NORMALIZED,41.0
12526,VDN,12,19:04:00,19:04:00,1,DIRECTION_NORMALIZED,40.0
12526,KNHE,13,19:07:00,19:07:00,1,DIRECTION_NORMALIZED,39.0
12526,KMST,14,19:11:00,19:11:00,1,DIRECTION_NORMALIZED,38.0
12526,MVL,15,19:17:00,19:17:00,1,DIRECTION_NORMALIZED,37.0
12526,LNL,16,19:23:00,19:25:00,1,DIRECTION_NORMALIZED,36.0
12526,KAD,17,19:31:00,19:31:00,1,DIRECTION_NORMALIZED,35.0
12526,PDI,18,20:03:00,20:03:00,1,DIRECTION_NORMALIZED,34.0
12526,KJT,19,20:08:00,20:10:00,1,DIRECTION_NORMALIZED,33.0
12526,BVS,20,20:16:00,20:16:00,1,DIRECTION_NORMALIZED,32.0
12526,NRL,21,20:22:00,20:22:00,1,DIRECTION_NORMALIZED,31.0
12526,SHLU,22,20:25:00,20:25:00,1,DIRECTION_NORMALIZED,30.0
12526,VGI,23,20:28:00,20:28:00,1,DIRECTION_NORMALIZED,29.0
12526,BUD,24,20:38:00,20:38:00,1,DIRECTION_NORMALIZED,28.0
12526,ABH,25,20:44:00,20:44:00,1,DIRECTION_NORMALIZED,27.0
12526,ULNR,26,20:46:00,20:46:00,1,DIRECTION_NORMALIZED,26.0
12526,VLDI,27,20:48:00,20:48:00,1,DIRECTION_NORMALIZED,25.0
12526,KYN,28,20:50:00,20:52:00,1,DIRECTION_NORMALIZED,24.0
12526,THK,29,20:55:00,20:55:00,1,DIRECTION_NORMALIZED,23.0
12526,DI,30,20:56:00,20:56:00,1,DIRECTION_NORMALIZED,22.0
12526,KOPR,31,20:57:00,20:57:00,1,DIRECTION_NORMALIZED,21.0
12526,DIVA,32,21:00:00,21:00:00,1,DIRECTION_NORMALIZED,20.0
12526,MBQ,33,21:03:00,21:03:00,1,DIRECTION_NORMALIZED,19.0
12526,KLVA,34,21:06:00,21:06:00,1,DIRECTION_NORMALIZED,18.0
12526,TNA,35,21:08:00,21:10:00,1,DIRECTION_NORMALIZED,17.0
12526,MLND,36,21:12:00,21:12:00,1,DIRECTION_NORMALIZED,16.0
12526,NHU,37,21:15:00,21:15:00,1,DIRECTION_NORMALIZED,15.0
12526,BND,38,21:16:00,21:16:00,1,DIRECTION_NORMALIZED,14.0
12526,VK,39,21:20:00,21:20:00,1,DIRECTION_NORMALIZED,13.0
12526,GC,40,21:23:00,21:23:00,1,DIRECTION_NORMALIZED,12.0
12526,VVH,41,21:25:00,21:25:00,1,DIRECTION_NORMALIZED,11.0
12526,CLA,42,21:27:00,21:27:00,1,DIRECTION_NORMALIZED,10.0
12526,SIN,43,21:29:00,21:29:00,1,DIRECTION_NORMALIZED,9.0
12526,MTN,44,21:32:00,21:32:00,1,DIRECTION_NORMALIZED,8.0
12526,DR,45,21:33:00,21:35:00,1,DIRECTION_NORMALIZED,7.0
12526,PR,46,21:37:00,21:37:00,1,DIRECTION_NORMALIZED,6.0
12526,CRD,47,21:41:00,21:41:00,1,DIRECTION_NORMALIZED,5.0
12526,BY,48,21:46:00,21:46:00,1,DIRECTION_NORMALIZED,4.0
12526,SNRD,49,21:50:00,21:50:00,1,DIRECTION_NORMALIZED,3.0
12526,MSD,50,21:52:00,21:52:00,1,DIRECTION_NORMALIZED,2.0
12526,CSMT,51,21:55:00,21:55:00,1,DIRECTION_NORMALIZED,1.0
12527,CSMT,1,21:00:00,21:00:00,1,SOURCE,1.0
12527,MSD,2,21:01:00,21:01:00,1,SOURCE,2.0
12527,SNRD,3,21:03:00,21:03:00,1,SOURCE,3.0
12527,BY,4,21:06:00,21:06:00,1,SOURCE,4.0
12527,CRD,5,21:08:00,21:08:00,1,SOURCE,5.0
12527,PR,6,21:11:00,21:11:00,1,SOURCE,6.0
12527,DR,7,21:13:00,21:15:00,1,SOURCE,7.0
12527,MTN,8,21:16:00,21:16:00,1,SOURCE,8.0
12527,SIN,9,21:18:00,21:18:00,1,SOURCE,9.0
12527,CLA,10,21:20:00,21:20:00,1,SOURCE,10.0
12527,VVH,11,21:22:00,21:22:00,1,SOURCE,11.0
12527,GC,12,21:23:00,21:23:00,1,SOURCE,12.0
12527,VK,13,21:26:00,21:26:00,1,SOURCE,13.0
12527,BND,14,21:29:00,21:29:00,1,SOURCE,14.0
12527,NHU,15,21:31:00,21:31:00,1,SOURCE,15.0
12527,MLND,16,21:33:00,21:33:00,1,SOURCE,16.0
12527,TNA,17,21:35:00,21:35:00,1,SOURCE,17.0
12527,KLVA,18,21:37:00,21:37:00,1,SOURCE,18.0
12527,MBQ,19,21:40:00,21:40:00,1,SOURCE,19.0
12527,DIVA,20,21:42:00,21:42:00,1,SOURCE,20.0
12527,KOPR,21,21:46:00,21:46:00,1,SOURCE,21.0
12527,DI,22,21:47:00,21:47:00,1,SOURCE,22.0
12527,THK,23,21:48:00,21:48:00,1,SOURCE,23.0
12527,KYN,24,21:51:00,21:53:00,1,SOURCE,24.0
12527,VLDI,25,21:55:00,21:55:00,1,SOURCE,25.0
12527,ULNR,26,21:57:00,21:57:00,1,SOURCE,26.0
12527,ABH,27,22:00:00,22:00:00,1,SOURCE,27.0
12527,BUD,28,22:07:00,22:07:00,1,SOURCE,28.0
12527,VGI,29,22:18:00,22:18:00,1,SOURCE,29.0
12527,SHLU,30,22:22:00,22:22:00,1,SOURCE,30.0
12527,NRL,31,22:26:00,22:26:00,1,SOURCE,31.0
12527,BVS,32,22:32:00,22:32:00,1,SOURCE,32.0
12527,KJT,33,22:38:00,22:40:00,1,SOURCE,33.0
12527,PDI,34,22:45:00,22:45:00,1,SOURCE,34.0
12527,KAD,35,23:21:00,23:21:00,1,SOURCE,35.0
12527,LNL,36,23:28:00,23:30:00,1,SOURCE,36.0
12527,MVL,37,23:37:00,23:37:00,1,SOURCE,37.0
12527,KMST,38,23:45:00,23:45:00,1,SOURCE,38.0
12527,KNHE,39,23:49:00,23:49:00,1,SOURCE,39.0
12527,VDN,40,23:54:00,23:54:00,1,SOURCE,40.0
12527,TGN,41,23:58:00,23:58:00,1,SOURCE,41.0
12527,GRWD,42,00:01:00,00:01:00,2,SOURCE,1.0
12527,DEHR,43,00:07:00,00:07:00,2,SOURCE,2.0
12527,AKRD,44,00:12:00,00:12:00,2,SOURCE,3.0
12527,CCH,45,00:15:00,00:15:00,2,SOURCE,4.0
12527,PMP,46,00:17:00,00:17:00,2,SOURCE,5.0
12527,KSWD,47,00:19:00,00:19:00,2,SOURCE,6.0
12527,DAPD,48,00:22:00,00:22:00,2,SOURCE,7.0
12527,KK,49,00:25:00,00:25:00,2,SOURCE,8.0
12527,SVJR,50,00:28:00,00:28:00,2,SOURCE,9.0
12527,PUNE,51,00:30:00,00:35:00,2,SOURCE,10.0
12528,PUNE,1,04:10:00,04:15:00,2,DIRECTION_NORMALIZED,51.0
12528,SVJR,2,04:17:00,04:17:00,2,DIRECTION_NORMALIZED,50.0
12528,KK,3,04:21:00,04:21:00,2,DIRECTION_NORMALIZED,49.0
12528,DAPD,4,04:22:00,04:22:00,2,DIRECTION_NORMALIZED,48.0
12528,KSWD,5,04:26:00,04:26:00,2,DIRECTION_NORMALIZED,47.0
12528,PMP,6,04:28:00,04:28:00,2,DIRECTION_NORMALIZED,46.0
12528,CCH,7,04:30:00,04:30:00,2,DIRECTION_NORMALIZED,45.0
12528,AKRD,8,04:33:00,04:33:00,2,DIRECTION_NORMALIZED,44.0
12528,DEHR,9,04:37:00,04:37:00,2,DIRECTION_NORMALIZED,43.0
12528,GRWD,10,04:43:00,04:43:00,2,DIRECTION_NORMALIZED,42.0
12528,TGN,11,04:46:00,04:46:00,2,DIRECTION_NORMALIZED,41.0
12528,VDN,12,04:50:00,04:50:00,2,DIRECTION_NORMALIZED,40.0
12528,KNHE,13,04:55:00,04:55:00,2,DIRECTION_NORMALIZED,39.0
12528,KMST,14,04:59:00,04:59:00,2,DIRECTION_NORMALIZED,38.0
12528,MVL,15,05:07:00,05:07:00,2,DIRECTION_NORMALIZED,37.0
12528,LNL,16,05:13:00,05:15:00,2,DIRECTION_NORMALIZED,36.0
12528,KAD,17,05:21:00,05:21:00,2,DIRECTION_NORMALIZED,35.0
12528,PDI,18,05:53:00,05:53:00,2,DIRECTION_NORMALIZED,34.0
12528,KJT,19,05:58:00,06:00:00,2,DIRECTION_NORMALIZED,33.0
12528,BVS,20,06:06:00,06:06:00,2,DIRECTION_NORMALIZED,32.0
12528,NRL,21,06:13:00,06:13:00,2,DIRECTION_NORMALIZED,31.0
12528,SHLU,22,06:16:00,06:16:00,2,DIRECTION_NORMALIZED,30.0
12528,VGI,23,06:20:00,06:20:00,2,DIRECTION_NORMALIZED,29.0
12528,BUD,24,06:30:00,06:30:00,2,DIRECTION_NORMALIZED,28.0
12528,ABH,25,06:37:00,06:37:00,2,DIRECTION_NORMALIZED,27.0
12528,ULNR,26,06:39:00,06:39:00,2,DIRECTION_NORMALIZED,26.0
12528,VLDI,27,06:41:00,06:41:00,2,DIRECTION_NORMALIZED,25.0
12528,KYN,28,06:43:00,06:45:00,2,DIRECTION_NORMALIZED,24.0
12528,THK,29,06:49:00,06:49:00,2,DIRECTION_NORMALIZED,23.0
12528,DI,30,06:51:00,06:51:00,2,DIRECTION_NORMALIZED,22.0
12528,KOPR,31,06:52:00,06:52:00,2,DIRECTION_NORMALIZED,21.0
12528,DIVA,32,06:57:00,06:57:00,2,DIRECTION_NORMALIZED,20.0
12528,MBQ,33,07:00:00,07:00:00,2,DIRECTION_NORMALIZED,19.0
12528,KLVA,34,07:04:00,07:04:00,2,DIRECTION_NORMALIZED,18.0
12528,TNA,35,07:07:00,07:07:00,2,DIRECTION_NORMALIZED,17.0
12528,MLND,36,07:10:00,07:10:00,2,DIRECTION_NORMALIZED,16.0
12528,NHU,37,07:13:00,07:13:00,2,DIRECTION_NORMALIZED,15.0
12528,BND,38,07:14:00,07:14:00,2,DIRECTION_NORMALIZED,14.0
12528,VK,39,07:18:00,07:18:00,2,DIRECTION_NORMALIZED,13.0
12528,GC,40,07:22:00,07:22:00,2,DIRECTION_NORMALIZED,12.0
12528,VVH,41,07:24:00,07:24:00,2,DIRECTION_NORMALIZED,11.0
12528,CLA,42,07:27:00,07:27:00,2,DIRECTION_NORMALIZED,10.0
12528,SIN,43,07:30:00,07:30:00,2,DIRECTION_NORMALIZED,9.0
12528,MTN,44,07:32:00,07:32:00,2,DIRECTION_NORMALIZED,8.0
12528,DR,45,07:33:00,07:35:00,2,DIRECTION_NORMALIZED,7.0
12528,PR,46,07:38:00,07:38:00,2,DIRECTION_NORMALIZED,6.0
12528,CRD,47,07:43:00,07:43:00,2,DIRECTION_NORMALIZED,5.0
12528,BY,48,07:48:00,07:48:00,2,DIRECTION_NORMALIZED,4.0
12528,SNRD,49,07:54:00,07:54:00,2,DIRECTION_NORMALIZED,3.0
12528,MSD,50,07:57:00,07:57:00,2,DIRECTION_NORMALIZED,2.0
12528,CSMT,51,08:00:00,08:00:00,2,DIRECTION_NORMALIZED,1.0
12701,CSMT,1,21:50:00,21:50:00,1,SOURCE,1.0
12701,MSD,2,21:51:00,21:51:00,1,SOURCE,2.0
12701,SNRD,3,21:52:00,21:52:00,1,SOURCE,3.0
12701,BY,4,21:54:00,21:54:00,1,SOURCE,4.0
12701,CRD,5,21:56:00,21:56:00,1,SOURCE,5.0
12701,PR,6,21:58:00,21:58:00,1,SOURCE,6.0
12701,DR,7,21:59:00,21:59:00,1,SOURCE,7.0
12701,MTN,8,22:00:00,22:00:00,1,SOURCE,8.0
12701,SIN,9,22:03:00,22:03:00,1,SOURCE,9.0
12701,CLA,10,22:05:00,22:05:00,1,SOURCE,10.0
12701,VVH,11,22:08:00,22:08:00,1,SOURCE,11.0
12701,GC,12,22:09:00,22:09:00,1,SOURCE,12.0
12701,VK,13,22:13:00,22:13:00,1,SOURCE,13.0
12701,BND,14,22:16:00,22:16:00,1,SOURCE,14.0
12701,NHU,15,22:18:00,22:18:00,1,SOURCE,15.0
12701,MLND,16,22:20:00,22:20:00,1,SOURCE,16.0
12701,TNA,17,22:23:00,22:23:00,1,SOURCE,17.0
12701,KLVA,18,22:25:00,22:25:00,1,SOURCE,18.0
12701,MBQ,19,22:30:00,22:30:00,1,SOURCE,19.0
12701,DIVA,20,22:32:00,22:32:00,1,SOURCE,20.0
12701,KOPR,21,22:36:00,22:36:00,1,SOURCE,21.0
12701,DI,22,22:38:00,22:38:00,1,SOURCE,22.0
12701,THK,23,22:39:00,22:39:00,1,SOURCE,23.0
12701,KYN,24,22:43:00,22:45:00,1,SOURCE,24.0
12701,VLDI,25,22:48:00,22:48:00,1,SOURCE,25.0
12701,ULNR,26,22:50:00,22:50:00,1,SOURCE,26.0
12701,ABH,27,22:53:00,22:53:00,1,SOURCE,27.0
12701,BUD,28,23:01:00,23:01:00,1,SOURCE,28.0
12701,VGI,29,23:14:00,23:14:00,1,SOURCE,29.0
12701,SHLU,30,23:18:00,23:18:00,1,SOURCE,30.0
12701,NRL,31,23:23:00,23:23:00,1,SOURCE,31.0
12701,BVS,32,23:30:00,23:30:00,1,SOURCE,32.0
12701,KJT,33,23:38:00,23:38:00,1,SOURCE,33.0
12701,PDI,34,23:41:00,23:41:00,1,SOURCE,34.0
12701,KAD,35,00:05:00,00:05:00,2,SOURCE,1.0
12701,LNL,36,00:09:00,00:09:00,2,SOURCE,2.0
12701,MVL,37,00:17:00,00:17:00,2,SOURCE,3.0
12701,KMST,38,00:27:00,00:27:00,2,SOURCE,4.0
12701,KNHE,39,00:33:00,00:33:00,2,SOURCE,5.0
12701,VDN,40,00:38:00,00:38:00,2,SOURCE,6.0
12701,TGN,41,00:43:00,00:43:00,2,SOURCE,7.0
12701,GRWD,42,00:46:00,00:46:00,2,SOURCE,8.0
12701,DEHR,43,00:54:00,00:54:00,2,SOURCE,9.0
12701,AKRD,44,00:59:00,00:59:00,2,SOURCE,10.0
12701,CCH,45,01:03:00,01:03:00,2,SOURCE,11.0
12701,PMP,46,01:06:00,01:06:00,2,SOURCE,12.0
12701,KSWD,47,01:08:00,01:08:00,2,SOURCE,13.0
12701,DAPD,48,01:12:00,01:12:00,2,SOURCE,14.0
12701,KK,49,01:15:00,01:15:00,2,SOURCE,15.0
12701,SVJR,50,01:19:00,01:19:00,2,SOURCE,16.0
12701,PUNE,51,01:20:00,01:25:00,2,SOURCE,17.0
12702,PUNE,1,01:10:00,01:15:00,2,DIRECTION_NORMALIZED,51.0
12702,SVJR,2,01:18:00,01:18:00,2,DIRECTION_NORMALIZED,50.0
12702,KK,3,01:22:00,01:22:00,2,DIRECTION_NORMALIZED,49.0
12702,DAPD,4,01:24:00,01:24:00,2,DIRECTION_NORMALIZED,48.0
12702,KSWD,5,01:29:00,01:29:00,2,DIRECTION_NORMALIZED,47.0
12702,PMP,6,01:31:00,01:31:00,2,DIRECTION_NORMALIZED,46.0
12702,CCH,7,01:34:00,01:34:00,2,DIRECTION_NORMALIZED,45.0
12702,AKRD,8,01:37:00,01:37:00,2,DIRECTION_NORMALIZED,44.0
12702,DEHR,9,01:43:00,01:43:00,2,DIRECTION_NORMALIZED,43.0
12702,GRWD,10,01:51:00,01:51:00,2,DIRECTION_NORMALIZED,42.0
12702,TGN,11,01:54:00,01:54:00,2,DIRECTION_NORMALIZED,41.0
12702,VDN,12,01:59:00,01:59:00,2,DIRECTION_NORMALIZED,40.0
12702,KNHE,13,02:05:00,02:05:00,2,DIRECTION_NORMALIZED,39.0
12702,KMST,14,02:10:00,02:10:00,2,DIRECTION_NORMALIZED,38.0
12702,MVL,15,02:20:00,02:20:00,2,DIRECTION_NORMALIZED,37.0
12702,LNL,16,02:28:00,02:28:00,2,DIRECTION_NORMALIZED,36.0
12702,KAD,17,02:32:00,02:32:00,2,DIRECTION_NORMALIZED,35.0
12702,PDI,18,02:56:00,02:56:00,2,DIRECTION_NORMALIZED,34.0
12702,KJT,19,03:00:00,03:00:00,2,DIRECTION_NORMALIZED,33.0
12702,BVS,20,03:08:00,03:08:00,2,DIRECTION_NORMALIZED,32.0
12702,NRL,21,03:15:00,03:15:00,2,DIRECTION_NORMALIZED,31.0
12702,SHLU,22,03:20:00,03:20:00,2,DIRECTION_NORMALIZED,30.0
12702,VGI,23,03:25:00,03:25:00,2,DIRECTION_NORMALIZED,29.0
12702,BUD,24,03:37:00,03:37:00,2,DIRECTION_NORMALIZED,28.0
12702,ABH,25,03:46:00,03:46:00,2,DIRECTION_NORMALIZED,27.0
12702,ULNR,26,03:49:00,03:49:00,2,DIRECTION_NORMALIZED,26.0
12702,VLDI,27,03:51:00,03:51:00,2,DIRECTION_NORMALIZED,25.0
12702,KYN,28,03:53:00,03:55:00,2,DIRECTION_NORMALIZED,24.0
12702,THK,29,03:58:00,03:58:00,2,DIRECTION_NORMALIZED,23.0
12702,DI,30,03:59:00,03:59:00,2,DIRECTION_NORMALIZED,22.0
12702,KOPR,31,04:00:00,04:00:00,2,DIRECTION_NORMALIZED,21.0
12702,DIVA,32,04:04:00,04:04:00,2,DIRECTION_NORMALIZED,20.0
12702,MBQ,33,04:07:00,04:07:00,2,DIRECTION_NORMALIZED,19.0
12702,KLVA,34,04:10:00,04:10:00,2,DIRECTION_NORMALIZED,18.0
12702,TNA,35,04:13:00,04:13:00,2,DIRECTION_NORMALIZED,17.0
12702,MLND,36,04:15:00,04:15:00,2,DIRECTION_NORMALIZED,16.0
12702,NHU,37,04:17:00,04:17:00,2,DIRECTION_NORMALIZED,15.0
12702,BND,38,04:18:00,04:18:00,2,DIRECTION_NORMALIZED,14.0
12702,VK,39,04:21:00,04:21:00,2,DIRECTION_NORMALIZED,13.0
12702,GC,40,04:25:00,04:25:00,2,DIRECTION_NORMALIZED,12.0
12702,VVH,41,04:26:00,04:26:00,2,DIRECTION_NORMALIZED,11.0
12702,CLA,42,04:28:00,04:28:00,2,DIRECTION_NORMALIZED,10.0
12702,SIN,43,04:30:00,04:30:00,2,DIRECTION_NORMALIZED,9.0
12702,MTN,44,04:33:00,04:33:00,2,DIRECTION_NORMALIZED,8.0
12702,DR,45,04:33:00,04:35:00,2,DIRECTION_NORMALIZED,7.0
12702,PR,46,04:38:00,04:38:00,2,DIRECTION_NORMALIZED,6.0
12702,CRD,47,04:45:00,04:45:00,2,DIRECTION_NORMALIZED,5.0
12702,BY,48,04:51:00,04:51:00,2,DIRECTION_NORMALIZED,4.0
12702,SNRD,49,04:57:00,04:57:00,2,DIRECTION_NORMALIZED,3.0
12702,MSD,50,05:01:00,05:01:00,2,DIRECTION_NORMALIZED,2.0
12702,CSMT,51,05:05:00,05:05:00,2,DIRECTION_NORMALIZED,1.0
12750,VVH,1,12:26:00,12:26:00,1,SOURCE,1.0
12750,GC,2,12:28:00,12:28:00,1,SOURCE,2.0
12750,VK,3,12:32:00,12:32:00,1,SOURCE,3.0
12750,BND,4,12:36:00,12:36:00,1,SOURCE,4.0
12750,NHU,5,12:37:00,12:37:00,1,SOURCE,5.0
12750,MLND,6,12:40:00,12:40:00,1,SOURCE,6.0
12750,TNA,7,12:43:00,12:43:00,1,SOURCE,7.0
12750,KLVA,8,12:45:00,12:45:00,1,SOURCE,8.0
12750,MBQ,9,12:50:00,12:50:00,1,SOURCE,9.0
12750,DIVA,10,12:53:00,12:53:00,1,SOURCE,10.0
12750,KOPR,11,12:57:00,12:57:00,1,SOURCE,11.0
12750,DI,12,12:59:00,12:59:00,1,SOURCE,12.0
12750,THK,13,13:00:00,13:00:00,1,SOURCE,13.0
12750,KYN,14,13:04:00,13:04:00,1,SOURCE,14.0
12750,VLDI,15,13:06:00,13:06:00,1,SOURCE,15.0
12750,ULNR,16,13:08:00,13:08:00,1,SOURCE,16.0
12750,ABH,17,13:11:00,13:11:00,1,SOURCE,17.0
12750,BUD,18,13:19:00,13:19:00,1,SOURCE,18.0
12750,VGI,19,13:31:00,13:31:00,1,SOURCE,19.0
12750,SHLU,20,13:35:00,13:35:00,1,SOURCE,20.0
12750,NRL,21,13:39:00,13:39:00,1,SOURCE,21.0
12750,BVS,22,13:46:00,13:46:00,1,SOURCE,22.0
12750,KJT,23,13:54:00,13:54:00,1,SOURCE,23.0
12750,PDI,24,13:57:00,13:57:00,1,SOURCE,24.0
12750,KAD,25,14:19:00,14:19:00,1,SOURCE,25.0
12750,LNL,26,14:23:00,14:23:00,1,SOURCE,26.0
12750,MVL,27,14:30:00,14:30:00,1,SOURCE,27.0
12750,KMST,28,14:40:00,14:40:00,1,SOURCE,28.0
12750,KNHE,29,14:45:00,14:45:00,1,SOURCE,29.0
12750,VDN,30,14:50:00,14:50:00,1,SOURCE,30.0
12750,TGN,31,14:54:00,14:54:00,1,SOURCE,31.0
12750,GRWD,32,14:57:00,14:57:00,1,SOURCE,32.0
12750,DEHR,33,15:04:00,15:04:00,1,SOURCE,33.0
12750,AKRD,34,15:10:00,15:10:00,1,SOURCE,34.0
12750,CCH,35,15:13:00,15:13:00,1,SOURCE,35.0
12750,PMP,36,15:15:00,15:15:00,1,SOURCE,36.0
12750,KSWD,37,15:18:00,15:18:00,1,SOURCE,37.0
12750,DAPD,38,15:22:00,15:22:00,1,SOURCE,38.0
12750,KK,39,15:24:00,15:24:00,1,SOURCE,39.0
12750,SVJR,40,15:28:00,15:28:00,1,SOURCE,40.0
12750,PUNE,41,15:30:00,15:35:00,1,SOURCE,41.0
12939,PUNE,1,15:20:00,15:20:00,1,DIRECTION_NORMALIZED,31.0
12939,SVJR,2,15:23:00,15:23:00,1,DIRECTION_NORMALIZED,30.0
12939,KK,3,15:26:00,15:26:00,1,DIRECTION_NORMALIZED,29.0
12939,DAPD,4,15:28:00,15:28:00,1,DIRECTION_NORMALIZED,28.0
12939,KSWD,5,15:32:00,15:32:00,1,DIRECTION_NORMALIZED,27.0
12939,PMP,6,15:35:00,15:35:00,1,DIRECTION_NORMALIZED,26.0
12939,CCH,7,15:37:00,15:37:00,1,DIRECTION_NORMALIZED,25.0
12939,AKRD,8,15:40:00,15:40:00,1,DIRECTION_NORMALIZED,24.0
12939,DEHR,9,15:45:00,15:45:00,1,DIRECTION_NORMALIZED,23.0
12939,GRWD,10,15:52:00,15:52:00,1,DIRECTION_NORMALIZED,22.0
12939,TGN,11,15:55:00,15:55:00,1,DIRECTION_NORMALIZED,21.0
12939,VDN,12,16:00:00,16:00:00,1,DIRECTION_NORMALIZED,20.0
12939,KNHE,13,16:05:00,16:05:00,1,DIRECTION_NORMALIZED,19.0
12939,KMST,14,16:10:00,16:10:00,1,DIRECTION_NORMALIZED,18.0
12939,MVL,15,16:19:00,16:19:00,1,DIRECTION_NORMALIZED,17.0
12939,LNL,16,16:26:00,16:26:00,1,DIRECTION_NORMALIZED,16.0
12939,KAD,17,16:30:00,16:30:00,1,DIRECTION_NORMALIZED,15.0
12939,PDI,18,16:52:00,16:52:00,1,DIRECTION_NORMALIZED,14.0
12939,KJT,19,16:55:00,16:55:00,1,DIRECTION_NORMALIZED,13.0
12939,BVS,20,17:02:00,17:02:00,1,DIRECTION_NORMALIZED,12.0
12939,NRL,21,17:09:00,17:09:00,1,DIRECTION_NORMALIZED,11.0
12939,SHLU,22,17:13:00,17:13:00,1,DIRECTION_NORMALIZED,10.0
12939,VGI,23,17:17:00,17:17:00,1,DIRECTION_NORMALIZED,9.0
12939,BUD,24,17:28:00,17:28:00,1,DIRECTION_NORMALIZED,8.0
12939,ABH,25,17:36:00,17:36:00,1,DIRECTION_NORMALIZED,7.0
12939,ULNR,26,17:39:00,17:39:00,1,DIRECTION_NORMALIZED,6.0
12939,VLDI,27,17:41:00,17:41:00,1,DIRECTION_NORMALIZED,5.0
12939,KYN,28,17:43:00,17:45:00,1,DIRECTION_NORMALIZED,4.0
12939,THK,29,17:50:00,17:50:00,1,DIRECTION_NORMALIZED,3.0
12939,DI,30,17:51:00,17:51:00,1,DIRECTION_NORMALIZED,2.0
12939,KOPR,31,17:58:00,17:58:00,1,DIRECTION_NORMALIZED,1.0
12940,KOPR,1,04:59:00,04:59:00,2,SOURCE,1.0
12940,DI,2,05:05:00,05:05:00,2,SOURCE,2.0
12940,THK,3,05:07:00,05:07:00,2,SOURCE,3.0
12940,KYN,4,05:15:00,05:20:00,2,SOURCE,4.0
12940,VLDI,5,05:23:00,05:23:00,2,SOURCE,5.0
12940,ULNR,6,05:25:00,05:25:00,2,SOURCE,6.0
12940,ABH,7,05:28:00,05:28:00,2,SOURCE,7.0
12940,BUD,8,05:37:00,05:37:00,2,SOURCE,8.0
12940,VGI,9,05:50:00,05:50:00,2,SOURCE,9.0
12940,SHLU,10,05:55:00,05:55:00,2,SOURCE,10.0
12940,NRL,11,06:00:00,06:00:00,2,SOURCE,11.0
12940,BVS,12,06:08:00,06:08:00,2,SOURCE,12.0
12940,KJT,13,06:17:00,06:17:00,2,SOURCE,13.0
12940,PDI,14,06:20:00,06:20:00,2,SOURCE,14.0
12940,KAD,15,06:45:00,06:45:00,2,SOURCE,15.0
12940,LNL,16,06:50:00,06:50:00,2,SOURCE,16.0
12940,MVL,17,06:58:00,06:58:00,2,SOURCE,17.0
12940,KMST,18,07:09:00,07:09:00,2,SOURCE,18.0
12940,KNHE,19,07:14:00,07:14:00,2,SOURCE,19.0
12940,VDN,20,07:21:00,07:21:00,2,SOURCE,20.0
12940,TGN,21,07:25:00,07:25:00,2,SOURCE,21.0
12940,GRWD,22,07:29:00,07:29:00,2,SOURCE,22.0
12940,DEHR,23,07:37:00,07:37:00,2,SOURCE,23.0
12940,AKRD,24,07:43:00,07:43:00,2,SOURCE,24.0
12940,CCH,25,07:47:00,07:47:00,2,SOURCE,25.0
12940,PMP,26,07:50:00,07:50:00,2,SOURCE,26.0
12940,KSWD,27,07:52:00,07:52:00,2,SOURCE,27.0
12940,DAPD,28,07:57:00,07:57:00,2,SOURCE,28.0
12940,KK,29,07:59:00,07:59:00,2,SOURCE,29.0
12940,SVJR,30,08:04:00,08:04:00,2,SOURCE,30.0
12940,PUNE,31,08:05:00,08:05:00,2,SOURCE,31.0
16209,CHG,1,12:09:00,12:09:00,1,SOURCE,1.0
16209,KOPR,2,00:30:00,00:30:00,2,SOURCE,1.0
16209,DI,3,00:40:00,00:40:00,2,SOURCE,2.0
16209,THK,4,00:43:00,00:43:00,2,SOURCE,3.0
16209,KYN,5,01:05:00,01:10:00,2,SOURCE,4.0
16209,VLDI,6,01:13:00,01:13:00,2,SOURCE,5.0
16209,ULNR,7,01:15:00,01:15:00,2,SOURCE,6.0
16209,ABH,8,01:18:00,01:18:00,2,SOURCE,7.0
16209,BUD,9,01:28:00,01:28:00,2,SOURCE,8.0
16209,VGI,10,01:41:00,01:41:00,2,SOURCE,9.0
16209,SHLU,11,01:46:00,01:46:00,2,SOURCE,10.0
16209,NRL,12,01:51:00,01:51:00,2,SOURCE,11.0
16209,BVS,13,02:00:00,02:00:00,2,SOURCE,12.0
16209,KJT,14,02:08:00,02:10:00,2,SOURCE,13.0
16209,PDI,15,02:15:00,02:15:00,2,SOURCE,14.0
16209,KAD,16,02:51:00,02:51:00,2,SOURCE,15.0
16209,LNL,17,02:58:00,03:00:00,2,SOURCE,16.0
16209,MVL,18,03:08:00,03:08:00,2,SOURCE,17.0
16209,KMST,19,03:18:00,03:18:00,2,SOURCE,18.0
16209,KNHE,20,03:23:00,03:23:00,2,SOURCE,19.0
16209,VDN,21,03:29:00,03:29:00,2,SOURCE,20.0
16209,TGN,22,03:33:00,03:33:00,2,SOURCE,21.0
16209,GRWD,23,03:37:00,03:37:00,2,SOURCE,22.0
16209,DEHR,24,03:44:00,03:44:00,2,SOURCE,23.0
16209,AKRD,25,03:49:00,03:49:00,2,SOURCE,24.0
16209,CCH,26,03:53:00,03:53:00,2,SOURCE,25.0
16209,PMP,27,03:56:00,03:56:00,2,SOURCE,26.0
16209,KSWD,28,03:58:00,03:58:00,2,SOURCE,27.0
16209,DAPD,29,04:02:00,04:02:00,2,SOURCE,28.0
16209,KK,30,04:05:00,04:05:00,2,SOURCE,29.0
16209,SVJR,31,04:09:00,04:09:00,2,SOURCE,30.0
16209,PUNE,32,04:10:00,04:20:00,2,SOURCE,31.0
16210,PUNE,1,18:40:00,18:50:00,2,DIRECTION_NORMALIZED,31.0
16210,SVJR,2,18:53:00,18:53:00,2,DIRECTION_NORMALIZED,30.0
16210,KK,3,18:57:00,18:57:00,2,DIRECTION_NORMALIZED,29.0
16210,DAPD,4,18:59:00,18:59:00,2,DIRECTION_NORMALIZED,28.0
16210,KSWD,5,19:03:00,19:03:00,2,DIRECTION_NORMALIZED,27.0
16210,PMP,6,19:05:00,19:05:00,2,DIRECTION_NORMALIZED,26.0
16210,CCH,7,19:08:00,19:08:00,2,DIRECTION_NORMALIZED,25.0
16210,AKRD,8,19:11:00,19:11:00,2,DIRECTION_NORMALIZED,24.0
16210,DEHR,9,19:17:00,19:17:00,2,DIRECTION_NORMALIZED,23.0
16210,GRWD,10,19:24:00,19:24:00,2,DIRECTION_NORMALIZED,22.0
16210,TGN,11,19:27:00,19:27:00,2,DIRECTION_NORMALIZED,21.0
16210,VDN,12,19:31:00,19:31:00,2,DIRECTION_NORMALIZED,20.0
16210,KNHE,13,19:37:00,19:37:00,2,DIRECTION_NORMALIZED,19.0
16210,KMST,14,19:42:00,19:42:00,2,DIRECTION_NORMALIZED,18.0
16210,MVL,15,19:51:00,19:51:00,2,DIRECTION_NORMALIZED,17.0
16210,LNL,16,19:59:00,20:00:00,2,DIRECTION_NORMALIZED,16.0
16210,KAD,17,20:07:00,20:07:00,2,DIRECTION_NORMALIZED,15.0
16210,PDI,18,20:43:00,20:43:00,2,DIRECTION_NORMALIZED,14.0
16210,KJT,19,20:49:00,20:50:00,2,DIRECTION_NORMALIZED,13.0
16210,BVS,20,20:57:00,20:57:00,2,DIRECTION_NORMALIZED,12.0
16210,NRL,21,21:05:00,21:05:00,2,DIRECTION_NORMALIZED,11.0
16210,SHLU,22,21:09:00,21:09:00,2,DIRECTION_NORMALIZED,10.0
16210,VGI,23,21:13:00,21:13:00,2,DIRECTION_NORMALIZED,9.0
16210,BUD,24,21:25:00,21:25:00,2,DIRECTION_NORMALIZED,8.0
16210,ABH,25,21:33:00,21:33:00,2,DIRECTION_NORMALIZED,7.0
16210,ULNR,26,21:36:00,21:36:00,2,DIRECTION_NORMALIZED,6.0
16210,VLDI,27,21:38:00,21:38:00,2,DIRECTION_NORMALIZED,5.0
16210,KYN,28,21:40:00,21:45:00,2,DIRECTION_NORMALIZED,4.0
16210,THK,29,21:50:00,21:50:00,2,DIRECTION_NORMALIZED,3.0
16210,DI,30,21:52:00,21:52:00,2,DIRECTION_NORMALIZED,2.0
16210,KOPR,31,21:59:00,21:59:00,2,DIRECTION_NORMALIZED,1.0
16210,CHG,32,10:27:00,10:27:00,3,DIRECTION_NORMALIZED,1.0
16331,CSMT,1,12:05:00,12:05:00,1,SOURCE,1.0
16331,MSD,2,12:06:00,12:06:00,1,SOURCE,2.0
16331,SNRD,3,12:08:00,12:08:00,1,SOURCE,3.0
16331,BY,4,12:11:00,12:11:00,1,SOURCE,4.0
16331,CRD,5,12:13:00,12:13:00,1,SOURCE,5.0
16331,PR,6,12:16:00,12:16:00,1,SOURCE,6.0
16331,DR,7,12:18:00,12:20:00,1,SOURCE,7.0
16331,MTN,8,12:21:00,12:21:00,1,SOURCE,8.0
16331,SIN,9,12:24:00,12:24:00,1,SOURCE,9.0
16331,CLA,10,12:26:00,12:26:00,1,SOURCE,10.0
16331,VVH,11,12:28:00,12:28:00,1,SOURCE,11.0
16331,GC,12,12:29:00,12:29:00,1,SOURCE,12.0
16331,VK,13,12:33:00,12:33:00,1,SOURCE,13.0
16331,BND,14,12:36:00,12:36:00,1,SOURCE,14.0
16331,NHU,15,12:37:00,12:37:00,1,SOURCE,15.0
16331,MLND,16,12:39:00,12:39:00,1,SOURCE,16.0
16331,TNA,17,12:42:00,12:45:00,1,SOURCE,17.0
16331,DIVA,18,12:55:00,12:55:00,1,SOURCE,18.0
16331,KOPR,19,12:59:00,12:59:00,1,SOURCE,19.0
16331,DI,20,13:00:00,13:00:00,1,SOURCE,20.0
16331,THK,21,13:02:00,13:02:00,1,SOURCE,21.0
16331,KYN,22,13:05:00,13:10:00,1,SOURCE,22.0
16331,VLDI,23,13:12:00,13:12:00,1,SOURCE,23.0
16331,ULNR,24,13:14:00,13:14:00,1,SOURCE,24.0
16331,ABH,25,13:16:00,13:16:00,1,SOURCE,25.0
16331,BUD,26,13:22:00,13:22:00,1,SOURCE,26.0
16331,VGI,27,13:31:00,13:31:00,1,SOURCE,27.0
16331,SHLU,28,13:34:00,13:34:00,1,SOURCE,28.0
16331,NRL,29,13:38:00,13:38:00,1,SOURCE,29.0
16331,BVS,30,13:43:00,13:43:00,1,SOURCE,30.0
16331,KJT,31,13:48:00,13:50:00,1,SOURCE,31.0
16331,PDI,32,13:55:00,13:55:00,1,SOURCE,32.0
16331,KAD,33,14:31:00,14:31:00,1,SOURCE,33.0
16331,LNL,34,14:38:00,14:40:00,1,SOURCE,34.0
16331,MVL,35,14:47:00,14:47:00,1,SOURCE,35.0
16331,KMST,36,14:56:00,14:56:00,1,SOURCE,36.0
16331,KNHE,37,15:01:00,15:01:00,1,SOURCE,37.0
16331,VDN,38,15:06:00,15:06:00,1,SOURCE,38.0
16331,TGN,39,15:10:00,15:10:00,1,SOURCE,39.0
16331,GRWD,40,15:13:00,15:13:00,1,SOURCE,40.0
16331,DEHR,41,15:20:00,15:20:00,1,SOURCE,41.0
16331,AKRD,42,15:25:00,15:25:00,1,SOURCE,42.0
16331,CCH,43,15:28:00,15:28:00,1,SOURCE,43.0
16331,PMP,44,15:31:00,15:31:00,1,SOURCE,44.0
16331,KSWD,45,15:33:00,15:33:00,1,SOURCE,45.0
16331,DAPD,46,15:37:00,15:37:00,1,SOURCE,46.0
16331,KK,47,15:39:00,15:39:00,1,SOURCE,47.0
16331,SVJR,48,15:43:00,15:43:00,1,SOURCE,48.0
16331,PUNE,49,15:45:00,15:50:00,1,SOURCE,49.0
16332,PUNE,1,16:30:00,16:40:00,2,DIRECTION_NORMALIZED,49.0
16332,SVJR,2,16:43:00,16:43:00,2,DIRECTION_NORMALIZED,48.0
16332,KK,3,16:47:00,16:47:00,2,DIRECTION_NORMALIZED,47.0
16332,DAPD,4,16:50:00,16:50:00,2,DIRECTION_NORMALIZED,46.0
16332,KSWD,5,16:55:00,16:55:00,2,DIRECTION_NORMALIZED,45.0
16332,PMP,6,16:58:00,16:58:00,2,DIRECTION_NORMALIZED,44.0
16332,CCH,7,17:00:00,17:00:00,2,DIRECTION_NORMALIZED,43.0
16332,AKRD,8,17:04:00,17:04:00,2,DIRECTION_NORMALIZED,42.0
16332,DEHR,9,17:11:00,17:11:00,2,DIRECTION_NORMALIZED,41.0
16332,GRWD,10,17:19:00,17:19:00,2,DIRECTION_NORMALIZED,40.0
16332,TGN,11,17:23:00,17:23:00,2,DIRECTION_NORMALIZED,39.0
16332,VDN,12,17:27:00,17:27:00,2,DIRECTION_NORMALIZED,38.0
16332,KNHE,13,17:34:00,17:34:00,2,DIRECTION_NORMALIZED,37.0
16332,KMST,14,17:39:00,17:39:00,2,DIRECTION_NORMALIZED,36.0
16332,MVL,15,17:50:00,17:50:00,2,DIRECTION_NORMALIZED,35.0
16332,LNL,16,17:59:00,18:00:00,2,DIRECTION_NORMALIZED,34.0
16332,KAD,17,18:05:00,18:05:00,2,DIRECTION_NORMALIZED,33.0
16332,PDI,18,18:33:00,18:33:00,2,DIRECTION_NORMALIZED,32.0
16332,KJT,19,18:37:00,18:37:00,2,DIRECTION_NORMALIZED,31.0
16332,BVS,20,18:47:00,18:47:00,2,DIRECTION_NORMALIZED,30.0
16332,NRL,21,18:56:00,18:56:00,2,DIRECTION_NORMALIZED,29.0
16332,SHLU,22,19:01:00,19:01:00,2,DIRECTION_NORMALIZED,28.0
16332,VGI,23,19:07:00,19:07:00,2,DIRECTION_NORMALIZED,27.0
16332,BUD,24,19:21:00,19:21:00,2,DIRECTION_NORMALIZED,26.0
16332,ABH,25,19:31:00,19:31:00,2,DIRECTION_NORMALIZED,25.0
16332,ULNR,26,19:35:00,19:35:00,2,DIRECTION_NORMALIZED,24.0
16332,VLDI,27,19:37:00,19:37:00,2,DIRECTION_NORMALIZED,23.0
16332,KYN,28,19:39:00,19:40:00,2,DIRECTION_NORMALIZED,22.0
16332,THK,29,19:43:00,19:43:00,2,DIRECTION_NORMALIZED,21.0
16332,DI,30,19:45:00,19:45:00,2,DIRECTION_NORMALIZED,20.0
16332,KOPR,31,19:46:00,19:46:00,2,DIRECTION_NORMALIZED,19.0
16332,DIVA,32,19:50:00,19:50:00,2,DIRECTION_NORMALIZED,18.0
16332,TNA,33,19:59:00,20:00:00,2,DIRECTION_NORMALIZED,17.0
16332,MLND,34,20:03:00,20:03:00,2,DIRECTION_NORMALIZED,16.0
16332,NHU,35,20:06:00,20:06:00,2,DIRECTION_NORMALIZED,15.0
16332,BND,36,20:08:00,20:08:00,2,DIRECTION_NORMALIZED,14.0
16332,VK,37,20:12:00,20:12:00,2,DIRECTION_NORMALIZED,13.0
16332,GC,38,20:17:00,20:17:00,2,DIRECTION_NORMALIZED,12.0
16332,VVH,39,20:18:00,20:18:00,2,DIRECTION_NORMALIZED,11.0
16332,CLA,40,20:21:00,20:21:00,2,DIRECTION_NORMALIZED,10.0
16332,SIN,41,20:25:00,20:25:00,2,DIRECTION_NORMALIZED,9.0
16332,MTN,42,20:28:00,20:28:00,2,DIRECTION_NORMALIZED,8.0
16332,DR,43,20:29:00,20:30:00,2,DIRECTION_NORMALIZED,7.0
16332,PR,44,20:32:00,20:32:00,2,DIRECTION_NORMALIZED,6.0
16332,CRD,45,20:36:00,20:36:00,2,DIRECTION_NORMALIZED,5.0
16332,BY,46,20:41:00,20:41:00,2,DIRECTION_NORMALIZED,4.0
16332,SNRD,47,20:45:00,20:45:00,2,DIRECTION_NORMALIZED,3.0
16332,MSD,48,20:47:00,20:47:00,2,DIRECTION_NORMALIZED,2.0
16332,CSMT,49,20:50:00,20:50:00,2,DIRECTION_NORMALIZED,1.0
16339,CSMT,1,12:05:00,12:05:00,1,SOURCE,1.0
16339,MSD,2,12:06:00,12:06:00,1,SOURCE,2.0
16339,SNRD,3,12:08:00,12:08:00,1,SOURCE,3.0
16339,BY,4,12:11:00,12:11:00,1,SOURCE,4.0
16339,CRD,5,12:13:00,12:13:00,1,SOURCE,5.0
16339,PR,6,12:16:00,12:16:00,1,SOURCE,6.0
16339,DR,7,12:18:00,12:20:00,1,SOURCE,7.0
16339,MTN,8,12:21:00,12:21:00,1,SOURCE,8.0
16339,SIN,9,12:24:00,12:24:00,1,SOURCE,9.0
16339,CLA,10,12:26:00,12:26:00,1,SOURCE,10.0
16339,VVH,11,12:28:00,12:28:00,1,SOURCE,11.0
16339,GC,12,12:30:00,12:30:00,1,SOURCE,12.0
16339,VK,13,12:33:00,12:33:00,1,SOURCE,13.0
16339,BND,14,12:36:00,12:36:00,1,SOURCE,14.0
16339,NHU,15,12:38:00,12:38:00,1,SOURCE,15.0
16339,MLND,16,12:40:00,12:40:00,1,SOURCE,16.0
16339,TNA,17,12:43:00,12:45:00,1,SOURCE,17.0
16339,DIVA,18,12:55:00,12:55:00,1,SOURCE,18.0
16339,KOPR,19,12:59:00,12:59:00,1,SOURCE,19.0
16339,DI,20,13:00:00,13:00:00,1,SOURCE,20.0
16339,THK,21,13:02:00,13:02:00,1,SOURCE,21.0
16339,KYN,22,13:05:00,13:10:00,1,SOURCE,22.0
16339,VLDI,23,13:12:00,13:12:00,1,SOURCE,23.0
16339,ULNR,24,13:13:00,13:13:00,1,SOURCE,24.0
16339,ABH,25,13:16:00,13:16:00,1,SOURCE,25.0
16339,BUD,26,13:22:00,13:22:00,1,SOURCE,26.0
16339,VGI,27,13:31:00,13:31:00,1,SOURCE,27.0
16339,SHLU,28,13:34:00,13:34:00,1,SOURCE,28.0
16339,NRL,29,13:37:00,13:37:00,1,SOURCE,29.0
16339,BVS,30,13:43:00,13:43:00,1,SOURCE,30.0
16339,KJT,31,13:48:00,13:50:00,1,SOURCE,31.0
16339,PDI,32,13:55:00,13:55:00,1,SOURCE,32.0
16339,KAD,33,14:31:00,14:31:00,1,SOURCE,33.0
16339,LNL,34,14:38:00,14:40:00,1,SOURCE,34.0
16339,MVL,35,14:47:00,14:47:00,1,SOURCE,35.0
16339,KMST,36,14:56:00,14:56:00,1,SOURCE,36.0
16339,KNHE,37,15:01:00,15:01:00,1,SOURCE,37.0
16339,VDN,38,15:06:00,15:06:00,1,SOURCE,38.0
16339,TGN,39,15:10:00,15:10:00,1,SOURCE,39.0
16339,GRWD,40,15:13:00,15:13:00,1,SOURCE,40.0
16339,DEHR,41,15:20:00,15:20:00,1,SOURCE,41.0
16339,AKRD,42,15:25:00,15:25:00,1,SOURCE,42.0
16339,CCH,43,15:28:00,15:28:00,1,SOURCE,43.0
16339,PMP,44,15:30:00,15:30:00,1,SOURCE,44.0
16339,KSWD,45,15:33:00,15:33:00,1,SOURCE,45.0
16339,DAPD,46,15:36:00,15:36:00,1,SOURCE,46.0
16339,KK,47,15:38:00,15:38:00,1,SOURCE,47.0
16339,SVJR,48,15:42:00,15:42:00,1,SOURCE,48.0
16339,PUNE,49,15:45:00,15:50:00,1,SOURCE,49.0
16340,PUNE,1,16:30:00,16:40:00,2,DIRECTION_NORMALIZED,49.0
16340,SVJR,2,16:43:00,16:43:00,2,DIRECTION_NORMALIZED,48.0
16340,KK,3,16:48:00,16:48:00,2,DIRECTION_NORMALIZED,47.0
16340,DAPD,4,16:50:00,16:50:00,2,DIRECTION_NORMALIZED,46.0
16340,KSWD,5,16:55:00,16:55:00,2,DIRECTION_NORMALIZED,45.0
16340,PMP,6,16:58:00,16:58:00,2,DIRECTION_NORMALIZED,44.0
16340,CCH,7,17:00:00,17:00:00,2,DIRECTION_NORMALIZED,43.0
16340,AKRD,8,17:04:00,17:04:00,2,DIRECTION_NORMALIZED,42.0
16340,DEHR,9,17:11:00,17:11:00,2,DIRECTION_NORMALIZED,41.0
16340,GRWD,10,17:19:00,17:19:00,2,DIRECTION_NORMALIZED,40.0
16340,TGN,11,17:23:00,17:23:00,2,DIRECTION_NORMALIZED,39.0
16340,VDN,12,17:28:00,17:28:00,2,DIRECTION_NORMALIZED,38.0
16340,KNHE,13,17:34:00,17:34:00,2,DIRECTION_NORMALIZED,37.0
16340,KMST,14,17:40:00,17:40:00,2,DIRECTION_NORMALIZED,36.0
16340,MVL,15,17:51:00,17:51:00,2,DIRECTION_NORMALIZED,35.0
16340,LNL,16,17:58:00,18:00:00,2,DIRECTION_NORMALIZED,34.0
16340,KAD,17,18:05:00,18:05:00,2,DIRECTION_NORMALIZED,33.0
16340,PDI,18,18:32:00,18:32:00,2,DIRECTION_NORMALIZED,32.0
16340,KJT,19,18:36:00,18:36:00,2,DIRECTION_NORMALIZED,31.0
16340,BVS,20,18:45:00,18:45:00,2,DIRECTION_NORMALIZED,30.0
16340,NRL,21,18:54:00,18:54:00,2,DIRECTION_NORMALIZED,29.0
16340,SHLU,22,19:00:00,19:00:00,2,DIRECTION_NORMALIZED,28.0
16340,VGI,23,19:05:00,19:05:00,2,DIRECTION_NORMALIZED,27.0
16340,BUD,24,19:19:00,19:19:00,2,DIRECTION_NORMALIZED,26.0
16340,ABH,25,19:29:00,19:29:00,2,DIRECTION_NORMALIZED,25.0
16340,ULNR,26,19:33:00,19:33:00,2,DIRECTION_NORMALIZED,24.0
16340,VLDI,27,19:35:00,19:35:00,2,DIRECTION_NORMALIZED,23.0
16340,KYN,28,19:38:00,19:40:00,2,DIRECTION_NORMALIZED,22.0
16340,THK,29,19:43:00,19:43:00,2,DIRECTION_NORMALIZED,21.0
16340,DI,30,19:45:00,19:45:00,2,DIRECTION_NORMALIZED,20.0
16340,KOPR,31,19:46:00,19:46:00,2,DIRECTION_NORMALIZED,19.0
16340,DIVA,32,19:50:00,19:50:00,2,DIRECTION_NORMALIZED,18.0
16340,TNA,33,19:58:00,20:00:00,2,DIRECTION_NORMALIZED,17.0
16340,MLND,34,20:03:00,20:03:00,2,DIRECTION_NORMALIZED,16.0
16340,NHU,35,20:05:00,20:05:00,2,DIRECTION_NORMALIZED,15.0
16340,BND,36,20:07:00,20:07:00,2,DIRECTION_NORMALIZED,14.0
16340,VK,37,20:11:00,20:11:00,2,DIRECTION_NORMALIZED,13.0
16340,GC,38,20:16:00,20:16:00,2,DIRECTION_NORMALIZED,12.0
16340,VVH,39,20:17:00,20:17:00,2,DIRECTION_NORMALIZED,11.0
16340,CLA,40,20:20:00,20:20:00,2,DIRECTION_NORMALIZED,10.0
16340,SIN,41,20:23:00,20:23:00,2,DIRECTION_NORMALIZED,9.0
16340,MTN,42,20:26:00,20:26:00,2,DIRECTION_NORMALIZED,8.0
16340,DR,43,20:28:00,20:30:00,2,DIRECTION_NORMALIZED,7.0
16340,PR,44,20:33:00,20:33:00,2,DIRECTION_NORMALIZED,6.0
16340,CRD,45,20:37:00,20:37:00,2,DIRECTION_NORMALIZED,5.0
16340,BY,46,20:42:00,20:42:00,2,DIRECTION_NORMALIZED,4.0
16340,SNRD,47,20:47:00,20:47:00,2,DIRECTION_NORMALIZED,3.0
16340,CSMT,48,20:50:00,20:50:00,2,DIRECTION_NORMALIZED,1.0
16340,MSD,49,20:50:00,20:50:00,2,DIRECTION_NORMALIZED,2.0
16351,CSMT,1,12:05:00,12:05:00,1,SOURCE,1.0
16351,MSD,2,12:06:00,12:06:00,1,SOURCE,2.0
16351,SNRD,3,12:08:00,12:08:00,1,SOURCE,3.0
16351,BY,4,12:11:00,12:11:00,1,SOURCE,4.0
16351,CRD,5,12:13:00,12:13:00,1,SOURCE,5.0
16351,PR,6,12:16:00,12:16:00,1,SOURCE,6.0
16351,DR,7,12:18:00,12:20:00,1,SOURCE,7.0
16351,MTN,8,12:21:00,12:21:00,1,SOURCE,8.0
16351,SIN,9,12:24:00,12:24:00,1,SOURCE,9.0
16351,CLA,10,12:26:00,12:26:00,1,SOURCE,10.0
16351,VVH,11,12:28:00,12:28:00,1,SOURCE,11.0
16351,GC,12,12:29:00,12:29:00,1,SOURCE,12.0
16351,VK,13,12:32:00,12:32:00,1,SOURCE,13.0
16351,BND,14,12:36:00,12:36:00,1,SOURCE,14.0
16351,NHU,15,12:37:00,12:37:00,1,SOURCE,15.0
16351,MLND,16,12:39:00,12:39:00,1,SOURCE,16.0
16351,TNA,17,12:42:00,12:45:00,1,SOURCE,17.0
16351,DIVA,18,12:55:00,12:55:00,1,SOURCE,18.0
16351,KOPR,19,12:59:00,12:59:00,1,SOURCE,19.0
16351,DI,20,13:00:00,13:00:00,1,SOURCE,20.0
16351,THK,21,13:02:00,13:02:00,1,SOURCE,21.0
16351,KYN,22,13:05:00,13:10:00,1,SOURCE,22.0
16351,VLDI,23,13:12:00,13:12:00,1,SOURCE,23.0
16351,ULNR,24,13:13:00,13:13:00,1,SOURCE,24.0
16351,ABH,25,13:16:00,13:16:00,1,SOURCE,25.0
16351,BUD,26,13:22:00,13:22:00,1,SOURCE,26.0
16351,VGI,27,13:31:00,13:31:00,1,SOURCE,27.0
16351,SHLU,28,13:34:00,13:34:00,1,SOURCE,28.0
16351,NRL,29,13:37:00,13:37:00,1,SOURCE,29.0
16351,BVS,30,13:43:00,13:43:00,1,SOURCE,30.0
16351,KJT,31,13:48:00,13:50:00,1,SOURCE,31.0
16351,PDI,32,13:55:00,13:55:00,1,SOURCE,32.0
16351,KAD,33,14:31:00,14:31:00,1,SOURCE,33.0
16351,LNL,34,14:38:00,14:40:00,1,SOURCE,34.0
16351,MVL,35,14:47:00,14:47:00,1,SOURCE,35.0
16351,KMST,36,14:56:00,14:56:00,1,SOURCE,36.0
16351,KNHE,37,15:01:00,15:01:00,1,SOURCE,37.0
16351,VDN,38,15:06:00,15:06:00,1,SOURCE,38.0
16351,TGN,39,15:10:00,15:10:00,1,SOURCE,39.0
16351,GRWD,40,15:13:00,15:13:00,1,SOURCE,40.0
16351,DEHR,41,15:20:00,15:20:00,1,SOURCE,41.0
16351,AKRD,42,15:25:00,15:25:00,1,SOURCE,42.0
16351,CCH,43,15:28:00,15:28:00,1,SOURCE,43.0
16351,PMP,44,15:30:00,15:30:00,1,SOURCE,44.0
16351,KSWD,45,15:33:00,15:33:00,1,SOURCE,45.0
16351,DAPD,46,15:36:00,15:36:00,1,SOURCE,46.0
16351,KK,47,15:38:00,15:38:00,1,SOURCE,47.0
16351,SVJR,48,15:42:00,15:42:00,1,SOURCE,48.0
16351,PUNE,49,15:45:00,15:50:00,1,SOURCE,49.0
16352,PUNE,1,16:30:00,16:40:00,2,DIRECTION_NORMALIZED,49.0
16352,SVJR,2,16:43:00,16:43:00,2,DIRECTION_NORMALIZED,48.0
16352,KK,3,16:47:00,16:47:00,2,DIRECTION_NORMALIZED,47.0
16352,DAPD,4,16:50:00,16:50:00,2,DIRECTION_NORMALIZED,46.0
16352,KSWD,5,16:55:00,16:55:00,2,DIRECTION_NORMALIZED,45.0
16352,PMP,6,16:58:00,16:58:00,2,DIRECTION_NORMALIZED,44.0
16352,CCH,7,17:00:00,17:00:00,2,DIRECTION_NORMALIZED,43.0
16352,AKRD,8,17:04:00,17:04:00,2,DIRECTION_NORMALIZED,42.0
16352,DEHR,9,17:11:00,17:11:00,2,DIRECTION_NORMALIZED,41.0
16352,GRWD,10,17:19:00,17:19:00,2,DIRECTION_NORMALIZED,40.0
16352,TGN,11,17:23:00,17:23:00,2,DIRECTION_NORMALIZED,39.0
16352,VDN,12,17:27:00,17:27:00,2,DIRECTION_NORMALIZED,38.0
16352,KNHE,13,17:34:00,17:34:00,2,DIRECTION_NORMALIZED,37.0
16352,KMST,14,17:39:00,17:39:00,2,DIRECTION_NORMALIZED,36.0
16352,MVL,15,17:50:00,17:50:00,2,DIRECTION_NORMALIZED,35.0
16352,LNL,16,17:59:00,18:00:00,2,DIRECTION_NORMALIZED,34.0
16352,KAD,17,18:05:00,18:05:00,2,DIRECTION_NORMALIZED,33.0
16352,PDI,18,18:33:00,18:33:00,2,DIRECTION_NORMALIZED,32.0
16352,KJT,19,18:37:00,18:37:00,2,DIRECTION_NORMALIZED,31.0
16352,BVS,20,18:46:00,18:46:00,2,DIRECTION_NORMALIZED,30.0
16352,NRL,21,18:55:00,18:55:00,2,DIRECTION_NORMALIZED,29.0
16352,SHLU,22,19:00:00,19:00:00,2,DIRECTION_NORMALIZED,28.0
16352,VGI,23,19:06:00,19:06:00,2,DIRECTION_NORMALIZED,27.0
16352,BUD,24,19:20:00,19:20:00,2,DIRECTION_NORMALIZED,26.0
16352,ABH,25,19:30:00,19:30:00,2,DIRECTION_NORMALIZED,25.0
16352,ULNR,26,19:33:00,19:33:00,2,DIRECTION_NORMALIZED,24.0
16352,VLDI,27,19:36:00,19:36:00,2,DIRECTION_NORMALIZED,23.0
16352,KYN,28,19:39:00,19:40:00,2,DIRECTION_NORMALIZED,22.0
16352,THK,29,19:43:00,19:43:00,2,DIRECTION_NORMALIZED,21.0
16352,DI,30,19:45:00,19:45:00,2,DIRECTION_NORMALIZED,20.0
16352,KOPR,31,19:46:00,19:46:00,2,DIRECTION_NORMALIZED,19.0
16352,DIVA,32,19:50:00,19:50:00,2,DIRECTION_NORMALIZED,18.0
16352,TNA,33,19:59:00,20:00:00,2,DIRECTION_NORMALIZED,17.0
16352,MLND,34,20:03:00,20:03:00,2,DIRECTION_NORMALIZED,16.0
16352,NHU,35,20:06:00,20:06:00,2,DIRECTION_NORMALIZED,15.0
16352,BND,36,20:08:00,20:08:00,2,DIRECTION_NORMALIZED,14.0
16352,VK,37,20:12:00,20:12:00,2,DIRECTION_NORMALIZED,13.0
16352,GC,38,20:17:00,20:17:00,2,DIRECTION_NORMALIZED,12.0
16352,VVH,39,20:18:00,20:18:00,2,DIRECTION_NORMALIZED,11.0
16352,CLA,40,20:21:00,20:21:00,2,DIRECTION_NORMALIZED,10.0
16352,SIN,41,20:25:00,20:25:00,2,DIRECTION_NORMALIZED,9.0
16352,MTN,42,20:28:00,20:28:00,2,DIRECTION_NORMALIZED,8.0
16352,DR,43,20:29:00,20:30:00,2,DIRECTION_NORMALIZED,7.0
16352,PR,44,20:32:00,20:32:00,2,DIRECTION_NORMALIZED,6.0
16352,CRD,45,20:36:00,20:36:00,2,DIRECTION_NORMALIZED,5.0
16352,BY,46,20:41:00,20:41:00,2,DIRECTION_NORMALIZED,4.0
16352,SNRD,47,20:45:00,20:45:00,2,DIRECTION_NORMALIZED,3.0
16352,MSD,48,20:47:00,20:47:00,2,DIRECTION_NORMALIZED,2.0
16352,CSMT,49,20:50:00,20:50:00,2,DIRECTION_NORMALIZED,1.0
16381,CSMT,1,15:45:00,15:45:00,1,SOURCE,1.0
16381,MSD,2,15:46:00,15:46:00,1,SOURCE,2.0
16381,SNRD,3,15:48:00,15:48:00,1,SOURCE,3.0
16381,BY,4,15:51:00,15:51:00,1,SOURCE,4.0
16381,CRD,5,15:53:00,15:53:00,1,SOURCE,5.0
16381,PR,6,15:56:00,15:56:00,1,SOURCE,6.0
16381,DR,7,15:58:00,16:00:00,1,SOURCE,7.0
16381,MTN,8,16:01:00,16:01:00,1,SOURCE,8.0
16381,SIN,9,16:03:00,16:03:00,1,SOURCE,9.0
16381,CLA,10,16:06:00,16:06:00,1,SOURCE,10.0
16381,VVH,11,16:08:00,16:08:00,1,SOURCE,11.0
16381,GC,12,16:09:00,16:09:00,1,SOURCE,12.0
16381,VK,13,16:12:00,16:12:00,1,SOURCE,13.0
16381,BND,14,16:15:00,16:15:00,1,SOURCE,14.0
16381,NHU,15,16:17:00,16:17:00,1,SOURCE,15.0
16381,MLND,16,16:19:00,16:19:00,1,SOURCE,16.0
16381,TNA,17,16:21:00,16:21:00,1,SOURCE,17.0
16381,KLVA,18,16:23:00,16:23:00,1,SOURCE,18.0
16381,MBQ,19,16:27:00,16:27:00,1,SOURCE,19.0
16381,DIVA,20,16:29:00,16:29:00,1,SOURCE,20.0
16381,KOPR,21,16:33:00,16:33:00,1,SOURCE,21.0
16381,DI,22,16:34:00,16:34:00,1,SOURCE,22.0
16381,THK,23,16:35:00,16:35:00,1,SOURCE,23.0
16381,KYN,24,16:38:00,16:40:00,1,SOURCE,24.0
16381,VLDI,25,16:42:00,16:42:00,1,SOURCE,25.0
16381,ULNR,26,16:44:00,16:44:00,1,SOURCE,26.0
16381,ABH,27,16:46:00,16:46:00,1,SOURCE,27.0
16381,BUD,28,16:52:00,16:52:00,1,SOURCE,28.0
16381,VGI,29,17:01:00,17:01:00,1,SOURCE,29.0
16381,SHLU,30,17:04:00,17:04:00,1,SOURCE,30.0
16381,NRL,31,17:08:00,17:08:00,1,SOURCE,31.0
16381,BVS,32,17:13:00,17:13:00,1,SOURCE,32.0
16381,KJT,33,17:18:00,17:20:00,1,SOURCE,33.0
16381,PDI,34,17:25:00,17:25:00,1,SOURCE,34.0
16381,KAD,35,18:01:00,18:01:00,1,SOURCE,35.0
16381,LNL,36,18:08:00,18:10:00,1,SOURCE,36.0
16381,MVL,37,18:17:00,18:17:00,1,SOURCE,37.0
16381,KMST,38,18:26:00,18:26:00,1,SOURCE,38.0
16381,KNHE,39,18:31:00,18:31:00,1,SOURCE,39.0
16381,VDN,40,18:36:00,18:36:00,1,SOURCE,40.0
16381,TGN,41,18:40:00,18:40:00,1,SOURCE,41.0
16381,GRWD,42,18:43:00,18:43:00,1,SOURCE,42.0
16381,DEHR,43,18:50:00,18:50:00,1,SOURCE,43.0
16381,AKRD,44,18:55:00,18:55:00,1,SOURCE,44.0
16381,CCH,45,18:58:00,18:58:00,1,SOURCE,45.0
16381,PMP,46,19:01:00,19:01:00,1,SOURCE,46.0
16381,KSWD,47,19:03:00,19:03:00,1,SOURCE,47.0
16381,DAPD,48,19:07:00,19:07:00,1,SOURCE,48.0
16381,KK,49,19:09:00,19:09:00,1,SOURCE,49.0
16381,SVJR,50,19:13:00,19:13:00,1,SOURCE,50.0
16381,PUNE,51,19:15:00,19:25:00,1,SOURCE,51.0
16382,PUNE,1,00:40:00,00:50:00,3,DIRECTION_NORMALIZED,51.0
16382,SVJR,2,00:53:00,00:53:00,3,DIRECTION_NORMALIZED,50.0
16382,KK,3,00:57:00,00:57:00,3,DIRECTION_NORMALIZED,49.0
16382,DAPD,4,00:59:00,00:59:00,3,DIRECTION_NORMALIZED,48.0
16382,KSWD,5,01:03:00,01:03:00,3,DIRECTION_NORMALIZED,47.0
16382,PMP,6,01:05:00,01:05:00,3,DIRECTION_NORMALIZED,46.0
16382,CCH,7,01:08:00,01:08:00,3,DIRECTION_NORMALIZED,45.0
16382,AKRD,8,01:11:00,01:11:00,3,DIRECTION_NORMALIZED,44.0
16382,DEHR,9,01:17:00,01:17:00,3,DIRECTION_NORMALIZED,43.0
16382,GRWD,10,01:24:00,01:24:00,3,DIRECTION_NORMALIZED,42.0
16382,TGN,11,01:27:00,01:27:00,3,DIRECTION_NORMALIZED,41.0
16382,VDN,12,01:31:00,01:31:00,3,DIRECTION_NORMALIZED,40.0
16382,KNHE,13,01:37:00,01:37:00,3,DIRECTION_NORMALIZED,39.0
16382,KMST,14,01:42:00,01:42:00,3,DIRECTION_NORMALIZED,38.0
16382,MVL,15,01:51:00,01:51:00,3,DIRECTION_NORMALIZED,37.0
16382,LNL,16,01:59:00,02:00:00,3,DIRECTION_NORMALIZED,36.0
16382,KAD,17,02:07:00,02:07:00,3,DIRECTION_NORMALIZED,35.0
16382,PDI,18,02:43:00,02:43:00,3,DIRECTION_NORMALIZED,34.0
16382,KJT,19,02:49:00,02:50:00,3,DIRECTION_NORMALIZED,33.0
16382,BVS,20,02:57:00,02:57:00,3,DIRECTION_NORMALIZED,32.0
16382,NRL,21,03:05:00,03:05:00,3,DIRECTION_NORMALIZED,31.0
16382,SHLU,22,03:09:00,03:09:00,3,DIRECTION_NORMALIZED,30.0
16382,VGI,23,03:13:00,03:13:00,3,DIRECTION_NORMALIZED,29.0
16382,BUD,24,03:25:00,03:25:00,3,DIRECTION_NORMALIZED,28.0
16382,ABH,25,03:33:00,03:33:00,3,DIRECTION_NORMALIZED,27.0
16382,ULNR,26,03:36:00,03:36:00,3,DIRECTION_NORMALIZED,26.0
16382,VLDI,27,03:38:00,03:38:00,3,DIRECTION_NORMALIZED,25.0
16382,KYN,28,03:39:00,03:40:00,3,DIRECTION_NORMALIZED,24.0
16382,THK,29,03:43:00,03:43:00,3,DIRECTION_NORMALIZED,23.0
16382,DI,30,03:45:00,03:45:00,3,DIRECTION_NORMALIZED,22.0
16382,KOPR,31,03:46:00,03:46:00,3,DIRECTION_NORMALIZED,21.0
16382,DIVA,32,03:50:00,03:50:00,3,DIRECTION_NORMALIZED,20.0
16382,MBQ,33,03:52:00,03:52:00,3,DIRECTION_NORMALIZED,19.0
16382,KLVA,34,03:56:00,03:56:00,3,DIRECTION_NORMALIZED,18.0
16382,TNA,35,03:59:00,04:00:00,3,DIRECTION_NORMALIZED,17.0
16382,MLND,36,04:03:00,04:03:00,3,DIRECTION_NORMALIZED,16.0
16382,NHU,37,04:06:00,04:06:00,3,DIRECTION_NORMALIZED,15.0
16382,BND,38,04:08:00,04:08:00,3,DIRECTION_NORMALIZED,14.0
16382,VK,39,04:12:00,04:12:00,3,DIRECTION_NORMALIZED,13.0
16382,GC,40,04:17:00,04:17:00,3,DIRECTION_NORMALIZED,12.0
16382,VVH,41,04:18:00,04:18:00,3,DIRECTION_NORMALIZED,11.0
16382,CLA,42,04:21:00,04:21:00,3,DIRECTION_NORMALIZED,10.0
16382,SIN,43,04:25:00,04:25:00,3,DIRECTION_NORMALIZED,9.0
16382,MTN,44,04:28:00,04:28:00,3,DIRECTION_NORMALIZED,8.0
16382,DR,45,04:29:00,04:30:00,3,DIRECTION_NORMALIZED,7.0
16382,PR,46,04:32:00,04:32:00,3,DIRECTION_NORMALIZED,6.0
16382,CRD,47,04:36:00,04:36:00,3,DIRECTION_NORMALIZED,5.0
16382,BY,48,04:41:00,04:41:00,3,DIRECTION_NORMALIZED,4.0
16382,SNRD,49,04:45:00,04:45:00,3,DIRECTION_NORMALIZED,3.0
16382,MSD,50,04:47:00,04:47:00,3,DIRECTION_NORMALIZED,2.0
16382,CSMT,51,04:50:00,04:50:00,3,DIRECTION_NORMALIZED,1.0
16505,KOPR,1,00:31:00,00:31:00,2,SOURCE,1.0
16505,DI,2,00:42:00,00:42:00,2,SOURCE,2.0
16505,THK,3,00:45:00,00:45:00,2,SOURCE,3.0
16505,KYN,4,01:08:00,01:10:00,2,SOURCE,4.0
16505,VLDI,5,01:13:00,01:13:00,2,SOURCE,5.0
16505,ULNR,6,01:15:00,01:15:00,2,SOURCE,6.0
16505,ABH,7,01:19:00,01:19:00,2,SOURCE,7.0
16505,BUD,8,01:28:00,01:28:00,2,SOURCE,8.0
16505,VGI,9,01:42:00,01:42:00,2,SOURCE,9.0
16505,SHLU,10,01:47:00,01:47:00,2,SOURCE,10.0
16505,NRL,11,01:52:00,01:52:00,2,SOURCE,11.0
16505,BVS,12,02:01:00,02:01:00,2,SOURCE,12.0
16505,KJT,13,02:08:00,02:10:00,2,SOURCE,13.0
16505,PDI,14,02:15:00,02:15:00,2,SOURCE,14.0
16505,KAD,15,02:51:00,02:51:00,2,SOURCE,15.0
16505,LNL,16,02:58:00,03:00:00,2,SOURCE,16.0
16505,MVL,17,03:08:00,03:08:00,2,SOURCE,17.0
16505,KMST,18,03:18:00,03:18:00,2,SOURCE,18.0
16505,KNHE,19,03:23:00,03:23:00,2,SOURCE,19.0
16505,VDN,20,03:28:00,03:28:00,2,SOURCE,20.0
16505,TGN,21,03:33:00,03:33:00,2,SOURCE,21.0
16505,GRWD,22,03:36:00,03:36:00,2,SOURCE,22.0
16505,DEHR,23,03:43:00,03:43:00,2,SOURCE,23.0
16505,AKRD,24,03:49:00,03:49:00,2,SOURCE,24.0
16505,CCH,25,03:52:00,03:52:00,2,SOURCE,25.0
16505,PMP,26,03:55:00,03:55:00,2,SOURCE,26.0
16505,KSWD,27,03:57:00,03:57:00,2,SOURCE,27.0
16505,DAPD,28,04:01:00,04:01:00,2,SOURCE,28.0
16505,KK,29,04:04:00,04:04:00,2,SOURCE,29.0
16505,SVJR,30,04:08:00,04:08:00,2,SOURCE,30.0
16505,PUNE,31,04:10:00,04:20:00,2,SOURCE,31.0
16506,PUNE,1,18:40:00,18:50:00,2,DIRECTION_NORMALIZED,31.0
16506,SVJR,2,18:53:00,18:53:00,2,DIRECTION_NORMALIZED,30.0
16506,KK,3,18:57:00,18:57:00,2,DIRECTION_NORMALIZED,29.0
16506,DAPD,4,18:59:00,18:59:00,2,DIRECTION_NORMALIZED,28.0
16506,KSWD,5,19:03:00,19:03:00,2,DIRECTION_NORMALIZED,27.0
16506,PMP,6,19:05:00,19:05:00,2,DIRECTION_NORMALIZED,26.0
16506,CCH,7,19:08:00,19:08:00,2,DIRECTION_NORMALIZED,25.0
16506,AKRD,8,19:11:00,19:11:00,2,DIRECTION_NORMALIZED,24.0
16506,DEHR,9,19:17:00,19:17:00,2,DIRECTION_NORMALIZED,23.0
16506,GRWD,10,19:24:00,19:24:00,2,DIRECTION_NORMALIZED,22.0
16506,TGN,11,19:27:00,19:27:00,2,DIRECTION_NORMALIZED,21.0
16506,VDN,12,19:31:00,19:31:00,2,DIRECTION_NORMALIZED,20.0
16506,KNHE,13,19:37:00,19:37:00,2,DIRECTION_NORMALIZED,19.0
16506,KMST,14,19:42:00,19:42:00,2,DIRECTION_NORMALIZED,18.0
16506,MVL,15,19:51:00,19:51:00,2,DIRECTION_NORMALIZED,17.0
16506,LNL,16,19:59:00,20:00:00,2,DIRECTION_NORMALIZED,16.0
16506,KAD,17,20:07:00,20:07:00,2,DIRECTION_NORMALIZED,15.0
16506,PDI,18,20:43:00,20:43:00,2,DIRECTION_NORMALIZED,14.0
16506,KJT,19,20:49:00,20:50:00,2,DIRECTION_NORMALIZED,13.0
16506,BVS,20,20:57:00,20:57:00,2,DIRECTION_NORMALIZED,12.0
16506,NRL,21,21:05:00,21:05:00,2,DIRECTION_NORMALIZED,11.0
16506,SHLU,22,21:09:00,21:09:00,2,DIRECTION_NORMALIZED,10.0
16506,VGI,23,21:13:00,21:13:00,2,DIRECTION_NORMALIZED,9.0
16506,BUD,24,21:25:00,21:25:00,2,DIRECTION_NORMALIZED,8.0
16506,ABH,25,21:33:00,21:33:00,2,DIRECTION_NORMALIZED,7.0
16506,ULNR,26,21:36:00,21:36:00,2,DIRECTION_NORMALIZED,6.0
16506,VLDI,27,21:38:00,21:38:00,2,DIRECTION_NORMALIZED,5.0
16506,KYN,28,21:40:00,21:45:00,2,DIRECTION_NORMALIZED,4.0
16506,THK,29,21:50:00,21:50:00,2,DIRECTION_NORMALIZED,3.0
16506,DI,30,21:52:00,21:52:00,2,DIRECTION_NORMALIZED,2.0
16506,KOPR,31,21:59:00,21:59:00,2,DIRECTION_NORMALIZED,1.0
16507,CHG,1,12:06:00,12:06:00,1,SOURCE,1.0
16507,KOPR,2,00:30:00,00:30:00,2,SOURCE,1.0
16507,DI,3,00:41:00,00:41:00,2,SOURCE,2.0
16507,THK,4,00:44:00,00:44:00,2,SOURCE,3.0
16507,KYN,5,01:05:00,01:10:00,2,SOURCE,4.0
16507,VLDI,6,01:13:00,01:13:00,2,SOURCE,5.0
16507,ULNR,7,01:15:00,01:15:00,2,SOURCE,6.0
16507,ABH,8,01:18:00,01:18:00,2,SOURCE,7.0
16507,BUD,9,01:28:00,01:28:00,2,SOURCE,8.0
16507,VGI,10,01:41:00,01:41:00,2,SOURCE,9.0
16507,SHLU,11,01:46:00,01:46:00,2,SOURCE,10.0
16507,NRL,12,01:51:00,01:51:00,2,SOURCE,11.0
16507,BVS,13,02:00:00,02:00:00,2,SOURCE,12.0
16507,KJT,14,02:08:00,02:10:00,2,SOURCE,13.0
16507,PDI,15,02:15:00,02:15:00,2,SOURCE,14.0
16507,KAD,16,02:51:00,02:51:00,2,SOURCE,15.0
16507,LNL,17,02:58:00,03:00:00,2,SOURCE,16.0
16507,MVL,18,03:08:00,03:08:00,2,SOURCE,17.0
16507,KMST,19,03:18:00,03:18:00,2,SOURCE,18.0
16507,KNHE,20,03:23:00,03:23:00,2,SOURCE,19.0
16507,VDN,21,03:28:00,03:28:00,2,SOURCE,20.0
16507,TGN,22,03:33:00,03:33:00,2,SOURCE,21.0
16507,GRWD,23,03:36:00,03:36:00,2,SOURCE,22.0
16507,DEHR,24,03:43:00,03:43:00,2,SOURCE,23.0
16507,AKRD,25,03:49:00,03:49:00,2,SOURCE,24.0
16507,CCH,26,03:52:00,03:52:00,2,SOURCE,25.0
16507,PMP,27,03:55:00,03:55:00,2,SOURCE,26.0
16507,KSWD,28,03:57:00,03:57:00,2,SOURCE,27.0
16507,DAPD,29,04:01:00,04:01:00,2,SOURCE,28.0
16507,KK,30,04:04:00,04:04:00,2,SOURCE,29.0
16507,SVJR,31,04:08:00,04:08:00,2,SOURCE,30.0
16507,PUNE,32,04:10:00,04:20:00,2,SOURCE,31.0
16508,PUNE,1,18:40:00,18:50:00,2,DIRECTION_NORMALIZED,31.0
16508,SVJR,2,18:53:00,18:53:00,2,DIRECTION_NORMALIZED,30.0
16508,KK,3,18:56:00,18:56:00,2,DIRECTION_NORMALIZED,29.0
16508,DAPD,4,18:59:00,18:59:00,2,DIRECTION_NORMALIZED,28.0
16508,KSWD,5,19:03:00,19:03:00,2,DIRECTION_NORMALIZED,27.0
16508,PMP,6,19:05:00,19:05:00,2,DIRECTION_NORMALIZED,26.0
16508,CCH,7,19:08:00,19:08:00,2,DIRECTION_NORMALIZED,25.0
16508,AKRD,8,19:11:00,19:11:00,2,DIRECTION_NORMALIZED,24.0
16508,DEHR,9,19:16:00,19:16:00,2,DIRECTION_NORMALIZED,23.0
16508,GRWD,10,19:23:00,19:23:00,2,DIRECTION_NORMALIZED,22.0
16508,TGN,11,19:27:00,19:27:00,2,DIRECTION_NORMALIZED,21.0
16508,VDN,12,19:31:00,19:31:00,2,DIRECTION_NORMALIZED,20.0
16508,KNHE,13,19:37:00,19:37:00,2,DIRECTION_NORMALIZED,19.0
16508,KMST,14,19:41:00,19:41:00,2,DIRECTION_NORMALIZED,18.0
16508,MVL,15,19:51:00,19:51:00,2,DIRECTION_NORMALIZED,17.0
16508,LNL,16,19:59:00,20:00:00,2,DIRECTION_NORMALIZED,16.0
16508,KAD,17,20:06:00,20:06:00,2,DIRECTION_NORMALIZED,15.0
16508,PDI,18,20:43:00,20:43:00,2,DIRECTION_NORMALIZED,14.0
16508,KJT,19,20:49:00,20:50:00,2,DIRECTION_NORMALIZED,13.0
16508,BVS,20,20:57:00,20:57:00,2,DIRECTION_NORMALIZED,12.0
16508,NRL,21,21:04:00,21:04:00,2,DIRECTION_NORMALIZED,11.0
16508,SHLU,22,21:09:00,21:09:00,2,DIRECTION_NORMALIZED,10.0
16508,VGI,23,21:13:00,21:13:00,2,DIRECTION_NORMALIZED,9.0
16508,BUD,24,21:25:00,21:25:00,2,DIRECTION_NORMALIZED,8.0
16508,ABH,25,21:33:00,21:33:00,2,DIRECTION_NORMALIZED,7.0
16508,ULNR,26,21:35:00,21:35:00,2,DIRECTION_NORMALIZED,6.0
16508,VLDI,27,21:37:00,21:37:00,2,DIRECTION_NORMALIZED,5.0
16508,KYN,28,21:40:00,21:45:00,2,DIRECTION_NORMALIZED,4.0
16508,THK,29,21:50:00,21:50:00,2,DIRECTION_NORMALIZED,3.0
16508,DI,30,21:52:00,21:52:00,2,DIRECTION_NORMALIZED,2.0
16508,KOPR,31,21:59:00,21:59:00,2,DIRECTION_NORMALIZED,1.0
16508,CHG,32,10:26:00,10:26:00,3,DIRECTION_NORMALIZED,1.0
16529,CSMT,1,08:05:00,08:05:00,1,SOURCE,1.0
16529,MSD,2,08:06:00,08:06:00,1,SOURCE,2.0
16529,SNRD,3,08:08:00,08:08:00,1,SOURCE,3.0
16529,BY,4,08:11:00,08:11:00,1,SOURCE,4.0
16529,CRD,5,08:13:00,08:13:00,1,SOURCE,5.0
16529,PR,6,08:16:00,08:16:00,1,SOURCE,6.0
16529,DR,7,08:18:00,08:20:00,1,SOURCE,7.0
16529,MTN,8,08:21:00,08:21:00,1,SOURCE,8.0
16529,SIN,9,08:23:00,08:23:00,1,SOURCE,9.0
16529,CLA,10,08:26:00,08:26:00,1,SOURCE,10.0
16529,VVH,11,08:28:00,08:28:00,1,SOURCE,11.0
16529,GC,12,08:29:00,08:29:00,1,SOURCE,12.0
16529,VK,13,08:32:00,08:32:00,1,SOURCE,13.0
16529,BND,14,08:35:00,08:35:00,1,SOURCE,14.0
16529,NHU,15,08:36:00,08:36:00,1,SOURCE,15.0
16529,MLND,16,08:38:00,08:38:00,1,SOURCE,16.0
16529,TNA,17,08:40:00,08:40:00,1,SOURCE,17.0
16529,KLVA,18,08:43:00,08:43:00,1,SOURCE,18.0
16529,MBQ,19,08:46:00,08:46:00,1,SOURCE,19.0
16529,DIVA,20,08:49:00,08:49:00,1,SOURCE,20.0
16529,KOPR,21,08:52:00,08:52:00,1,SOURCE,21.0
16529,DI,22,08:53:00,08:53:00,1,SOURCE,22.0
16529,THK,23,08:54:00,08:54:00,1,SOURCE,23.0
16529,KYN,24,08:58:00,09:00:00,1,SOURCE,24.0
16529,VLDI,25,09:03:00,09:03:00,1,SOURCE,25.0
16529,ULNR,26,09:05:00,09:05:00,1,SOURCE,26.0
16529,ABH,27,09:08:00,09:08:00,1,SOURCE,27.0
16529,BUD,28,09:18:00,09:18:00,1,SOURCE,28.0
16529,VGI,29,09:32:00,09:32:00,1,SOURCE,29.0
16529,SHLU,30,09:37:00,09:37:00,1,SOURCE,30.0
16529,NRL,31,09:42:00,09:42:00,1,SOURCE,31.0
16529,BVS,32,09:50:00,09:50:00,1,SOURCE,32.0
16529,KJT,33,09:59:00,09:59:00,1,SOURCE,33.0
16529,PDI,34,10:03:00,10:03:00,1,SOURCE,34.0
16529,KAD,35,10:29:00,10:29:00,1,SOURCE,35.0
16529,LNL,36,10:33:00,10:35:00,1,SOURCE,36.0
16529,MVL,37,10:42:00,10:42:00,1,SOURCE,37.0
16529,KMST,38,10:51:00,10:51:00,1,SOURCE,38.0
16529,KNHE,39,10:56:00,10:56:00,1,SOURCE,39.0
16529,VDN,40,11:01:00,11:01:00,1,SOURCE,40.0
16529,TGN,41,11:05:00,11:05:00,1,SOURCE,41.0
16529,GRWD,42,11:08:00,11:08:00,1,SOURCE,42.0
16529,DEHR,43,11:15:00,11:15:00,1,SOURCE,43.0
16529,AKRD,44,11:20:00,11:20:00,1,SOURCE,44.0
16529,CCH,45,11:23:00,11:23:00,1,SOURCE,45.0
16529,PMP,46,11:25:00,11:25:00,1,SOURCE,46.0
16529,KSWD,47,11:28:00,11:28:00,1,SOURCE,47.0
16529,DAPD,48,11:31:00,11:31:00,1,SOURCE,48.0
16529,KK,49,11:33:00,11:33:00,1,SOURCE,49.0
16529,SVJR,50,11:37:00,11:37:00,1,SOURCE,50.0
16529,PUNE,51,11:40:00,11:45:00,1,SOURCE,51.0
16530,PUNE,1,15:50:00,15:55:00,2,DIRECTION_NORMALIZED,51.0
16530,SVJR,2,15:58:00,15:58:00,2,DIRECTION_NORMALIZED,50.0
16530,KK,3,16:02:00,16:02:00,2,DIRECTION_NORMALIZED,49.0
16530,DAPD,4,16:04:00,16:04:00,2,DIRECTION_NORMALIZED,48.0
16530,KSWD,5,16:08:00,16:08:00,2,DIRECTION_NORMALIZED,47.0
16530,PMP,6,16:11:00,16:11:00,2,DIRECTION_NORMALIZED,46.0
16530,CCH,7,16:13:00,16:13:00,2,DIRECTION_NORMALIZED,45.0
16530,AKRD,8,16:17:00,16:17:00,2,DIRECTION_NORMALIZED,44.0
16530,DEHR,9,16:22:00,16:22:00,2,DIRECTION_NORMALIZED,43.0
16530,GRWD,10,16:29:00,16:29:00,2,DIRECTION_NORMALIZED,42.0
16530,TGN,11,16:33:00,16:33:00,2,DIRECTION_NORMALIZED,41.0
16530,VDN,12,16:37:00,16:37:00,2,DIRECTION_NORMALIZED,40.0
16530,KNHE,13,16:43:00,16:43:00,2,DIRECTION_NORMALIZED,39.0
16530,KMST,14,16:48:00,16:48:00,2,DIRECTION_NORMALIZED,38.0
16530,MVL,15,16:57:00,16:57:00,2,DIRECTION_NORMALIZED,37.0
16530,LNL,16,17:04:00,17:05:00,2,DIRECTION_NORMALIZED,36.0
16530,KAD,17,17:10:00,17:10:00,2,DIRECTION_NORMALIZED,35.0
16530,PDI,18,17:36:00,17:36:00,2,DIRECTION_NORMALIZED,34.0
16530,KJT,19,17:40:00,17:40:00,2,DIRECTION_NORMALIZED,33.0
16530,BVS,20,17:49:00,17:49:00,2,DIRECTION_NORMALIZED,32.0
16530,NRL,21,17:57:00,17:57:00,2,DIRECTION_NORMALIZED,31.0
16530,SHLU,22,18:02:00,18:02:00,2,DIRECTION_NORMALIZED,30.0
16530,VGI,23,18:07:00,18:07:00,2,DIRECTION_NORMALIZED,29.0
16530,BUD,24,18:21:00,18:21:00,2,DIRECTION_NORMALIZED,28.0
16530,ABH,25,18:31:00,18:31:00,2,DIRECTION_NORMALIZED,27.0
16530,ULNR,26,18:34:00,18:34:00,2,DIRECTION_NORMALIZED,26.0
16530,VLDI,27,18:36:00,18:36:00,2,DIRECTION_NORMALIZED,25.0
16530,KYN,28,18:39:00,18:40:00,2,DIRECTION_NORMALIZED,24.0
16530,THK,29,18:44:00,18:44:00,2,DIRECTION_NORMALIZED,23.0
16530,DI,30,18:45:00,18:45:00,2,DIRECTION_NORMALIZED,22.0
16530,KOPR,31,18:46:00,18:46:00,2,DIRECTION_NORMALIZED,21.0
16530,DIVA,32,18:51:00,18:51:00,2,DIRECTION_NORMALIZED,20.0
16530,MBQ,33,18:53:00,18:53:00,2,DIRECTION_NORMALIZED,19.0
16530,KLVA,34,18:58:00,18:58:00,2,DIRECTION_NORMALIZED,18.0
16530,TNA,35,19:00:00,19:00:00,2,DIRECTION_NORMALIZED,17.0
16530,MLND,36,19:03:00,19:03:00,2,DIRECTION_NORMALIZED,16.0
16530,NHU,37,19:05:00,19:05:00,2,DIRECTION_NORMALIZED,15.0
16530,BND,38,19:07:00,19:07:00,2,DIRECTION_NORMALIZED,14.0
16530,VK,39,19:11:00,19:11:00,2,DIRECTION_NORMALIZED,13.0
16530,GC,40,19:14:00,19:14:00,2,DIRECTION_NORMALIZED,12.0
16530,VVH,41,19:16:00,19:16:00,2,DIRECTION_NORMALIZED,11.0
16530,CLA,42,19:18:00,19:18:00,2,DIRECTION_NORMALIZED,10.0
16530,SIN,43,19:21:00,19:21:00,2,DIRECTION_NORMALIZED,9.0
16530,MTN,44,19:23:00,19:23:00,2,DIRECTION_NORMALIZED,8.0
16530,DR,45,19:24:00,19:25:00,2,DIRECTION_NORMALIZED,7.0
16530,PR,46,19:28:00,19:28:00,2,DIRECTION_NORMALIZED,6.0
16530,CRD,47,19:33:00,19:33:00,2,DIRECTION_NORMALIZED,5.0
16530,BY,48,19:38:00,19:38:00,2,DIRECTION_NORMALIZED,4.0
16530,SNRD,49,19:44:00,19:44:00,2,DIRECTION_NORMALIZED,3.0
16530,MSD,50,19:47:00,19:47:00,2,DIRECTION_NORMALIZED,2.0
16530,CSMT,51,19:50:00,19:50:00,2,DIRECTION_NORMALIZED,1.0
16531,CHG,1,12:08:00,12:08:00,1,SOURCE,1.0
16531,KOPR,2,00:29:00,00:29:00,2,SOURCE,1.0
16531,DI,3,00:40:00,00:40:00,2,SOURCE,2.0
16531,THK,4,00:43:00,00:43:00,2,SOURCE,3.0
16531,KYN,5,01:05:00,01:10:00,2,SOURCE,4.0
16531,VLDI,6,01:13:00,01:13:00,2,SOURCE,5.0
16531,ULNR,7,01:15:00,01:15:00,2,SOURCE,6.0
16531,ABH,8,01:18:00,01:18:00,2,SOURCE,7.0
16531,BUD,9,01:28:00,01:28:00,2,SOURCE,8.0
16531,VGI,10,01:41:00,01:41:00,2,SOURCE,9.0
16531,SHLU,11,01:46:00,01:46:00,2,SOURCE,10.0
16531,NRL,12,01:51:00,01:51:00,2,SOURCE,11.0
16531,BVS,13,01:59:00,01:59:00,2,SOURCE,12.0
16531,KJT,14,02:08:00,02:10:00,2,SOURCE,13.0
16531,PDI,15,02:15:00,02:15:00,2,SOURCE,14.0
16531,KAD,16,02:51:00,02:51:00,2,SOURCE,15.0
16531,LNL,17,02:58:00,03:00:00,2,SOURCE,16.0
16531,MVL,18,03:08:00,03:08:00,2,SOURCE,17.0
16531,KMST,19,03:18:00,03:18:00,2,SOURCE,18.0
16531,KNHE,20,03:23:00,03:23:00,2,SOURCE,19.0
16531,VDN,21,03:28:00,03:28:00,2,SOURCE,20.0
16531,TGN,22,03:33:00,03:33:00,2,SOURCE,21.0
16531,GRWD,23,03:36:00,03:36:00,2,SOURCE,22.0
16531,DEHR,24,03:43:00,03:43:00,2,SOURCE,23.0
16531,AKRD,25,03:49:00,03:49:00,2,SOURCE,24.0
16531,CCH,26,03:53:00,03:53:00,2,SOURCE,25.0
16531,PMP,27,03:55:00,03:55:00,2,SOURCE,26.0
16531,KSWD,28,03:58:00,03:58:00,2,SOURCE,27.0
16531,DAPD,29,04:02:00,04:02:00,2,SOURCE,28.0
16531,KK,30,04:04:00,04:04:00,2,SOURCE,29.0
16531,SVJR,31,04:08:00,04:08:00,2,SOURCE,30.0
16531,PUNE,32,04:10:00,04:20:00,2,SOURCE,31.0
16532,PUNE,1,18:40:00,18:50:00,2,DIRECTION_NORMALIZED,31.0
16532,SVJR,2,18:53:00,18:53:00,2,DIRECTION_NORMALIZED,30.0
16532,KK,3,18:56:00,18:56:00,2,DIRECTION_NORMALIZED,29.0
16532,DAPD,4,18:59:00,18:59:00,2,DIRECTION_NORMALIZED,28.0
16532,KSWD,5,19:03:00,19:03:00,2,DIRECTION_NORMALIZED,27.0
16532,PMP,6,19:05:00,19:05:00,2,DIRECTION_NORMALIZED,26.0
16532,CCH,7,19:08:00,19:08:00,2,DIRECTION_NORMALIZED,25.0
16532,AKRD,8,19:11:00,19:11:00,2,DIRECTION_NORMALIZED,24.0
16532,DEHR,9,19:16:00,19:16:00,2,DIRECTION_NORMALIZED,23.0
16532,GRWD,10,19:23:00,19:23:00,2,DIRECTION_NORMALIZED,22.0
16532,TGN,11,19:27:00,19:27:00,2,DIRECTION_NORMALIZED,21.0
16532,VDN,12,19:31:00,19:31:00,2,DIRECTION_NORMALIZED,20.0
16532,KNHE,13,19:36:00,19:36:00,2,DIRECTION_NORMALIZED,19.0
16532,KMST,14,19:41:00,19:41:00,2,DIRECTION_NORMALIZED,18.0
16532,MVL,15,19:51:00,19:51:00,2,DIRECTION_NORMALIZED,17.0
16532,LNL,16,19:58:00,20:00:00,2,DIRECTION_NORMALIZED,16.0
16532,KAD,17,20:05:00,20:05:00,2,DIRECTION_NORMALIZED,15.0
16532,PDI,18,20:34:00,20:34:00,2,DIRECTION_NORMALIZED,14.0
16532,KJT,19,20:38:00,20:38:00,2,DIRECTION_NORMALIZED,13.0
16532,BVS,20,20:47:00,20:47:00,2,DIRECTION_NORMALIZED,12.0
16532,NRL,21,20:56:00,20:56:00,2,DIRECTION_NORMALIZED,11.0
16532,SHLU,22,21:02:00,21:02:00,2,DIRECTION_NORMALIZED,10.0
16532,VGI,23,21:07:00,21:07:00,2,DIRECTION_NORMALIZED,9.0
16532,BUD,24,21:22:00,21:22:00,2,DIRECTION_NORMALIZED,8.0
16532,ABH,25,21:32:00,21:32:00,2,DIRECTION_NORMALIZED,7.0
16532,ULNR,26,21:36:00,21:36:00,2,DIRECTION_NORMALIZED,6.0
16532,VLDI,27,21:38:00,21:38:00,2,DIRECTION_NORMALIZED,5.0
16532,KYN,28,21:40:00,21:45:00,2,DIRECTION_NORMALIZED,4.0
16532,THK,29,21:50:00,21:50:00,2,DIRECTION_NORMALIZED,3.0
16532,DI,30,21:52:00,21:52:00,2,DIRECTION_NORMALIZED,2.0
16532,KOPR,31,21:59:00,21:59:00,2,DIRECTION_NORMALIZED,1.0
16532,CHG,32,10:27:00,10:27:00,3,DIRECTION_NORMALIZED,1.0
16533,CHG,1,12:00:00,12:00:00,1,SOURCE,1.0
16533,KOPR,2,00:40:00,00:40:00,2,SOURCE,1.0
16533,DI,3,00:47:00,00:47:00,2,SOURCE,2.0
16533,THK,4,00:50:00,00:50:00,2,SOURCE,3.0
16533,KYN,5,01:05:00,01:10:00,2,SOURCE,4.0
16533,VLDI,6,01:13:00,01:13:00,2,SOURCE,5.0
16533,ULNR,7,01:16:00,01:16:00,2,SOURCE,6.0
16533,ABH,8,01:20:00,01:20:00,2,SOURCE,7.0
16533,BUD,9,01:31:00,01:31:00,2,SOURCE,8.0
16533,VGI,10,01:47:00,01:47:00,2,SOURCE,9.0
16533,SHLU,11,01:52:00,01:52:00,2,SOURCE,10.0
16533,NRL,12,01:58:00,01:58:00,2,SOURCE,11.0
16533,BVS,13,02:08:00,02:08:00,2,SOURCE,12.0
16533,KJT,14,02:18:00,02:18:00,2,SOURCE,13.0
16533,PDI,15,02:22:00,02:22:00,2,SOURCE,14.0
16533,KAD,16,02:53:00,02:53:00,2,SOURCE,15.0
16533,LNL,17,02:58:00,03:00:00,2,SOURCE,16.0
16533,MVL,18,03:08:00,03:08:00,2,SOURCE,17.0
16533,KMST,19,03:18:00,03:18:00,2,SOURCE,18.0
16533,KNHE,20,03:23:00,03:23:00,2,SOURCE,19.0
16533,VDN,21,03:28:00,03:28:00,2,SOURCE,20.0
16533,TGN,22,03:33:00,03:33:00,2,SOURCE,21.0
16533,GRWD,23,03:36:00,03:36:00,2,SOURCE,22.0
16533,DEHR,24,03:43:00,03:43:00,2,SOURCE,23.0
16533,AKRD,25,03:49:00,03:49:00,2,SOURCE,24.0
16533,CCH,26,03:52:00,03:52:00,2,SOURCE,25.0
16533,PMP,27,03:55:00,03:55:00,2,SOURCE,26.0
16533,KSWD,28,03:57:00,03:57:00,2,SOURCE,27.0
16533,DAPD,29,04:01:00,04:01:00,2,SOURCE,28.0
16533,KK,30,04:04:00,04:04:00,2,SOURCE,29.0
16533,SVJR,31,04:08:00,04:08:00,2,SOURCE,30.0
16533,PUNE,32,04:10:00,04:20:00,2,SOURCE,31.0
16534,PUNE,1,18:40:00,18:50:00,2,DIRECTION_NORMALIZED,31.0
16534,SVJR,2,18:53:00,18:53:00,2,DIRECTION_NORMALIZED,30.0
16534,KK,3,18:57:00,18:57:00,2,DIRECTION_NORMALIZED,29.0
16534,DAPD,4,18:59:00,18:59:00,2,DIRECTION_NORMALIZED,28.0
16534,KSWD,5,19:03:00,19:03:00,2,DIRECTION_NORMALIZED,27.0
16534,PMP,6,19:05:00,19:05:00,2,DIRECTION_NORMALIZED,26.0
16534,CCH,7,19:08:00,19:08:00,2,DIRECTION_NORMALIZED,25.0
16534,AKRD,8,19:11:00,19:11:00,2,DIRECTION_NORMALIZED,24.0
16534,DEHR,9,19:17:00,19:17:00,2,DIRECTION_NORMALIZED,23.0
16534,GRWD,10,19:24:00,19:24:00,2,DIRECTION_NORMALIZED,22.0
16534,TGN,11,19:27:00,19:27:00,2,DIRECTION_NORMALIZED,21.0
16534,VDN,12,19:31:00,19:31:00,2,DIRECTION_NORMALIZED,20.0
16534,KNHE,13,19:37:00,19:37:00,2,DIRECTION_NORMALIZED,19.0
16534,KMST,14,19:42:00,19:42:00,2,DIRECTION_NORMALIZED,18.0
16534,MVL,15,19:51:00,19:51:00,2,DIRECTION_NORMALIZED,17.0
16534,LNL,16,19:59:00,20:00:00,2,DIRECTION_NORMALIZED,16.0
16534,KAD,17,20:05:00,20:05:00,2,DIRECTION_NORMALIZED,15.0
16534,PDI,18,20:34:00,20:34:00,2,DIRECTION_NORMALIZED,14.0
16534,KJT,19,20:38:00,20:38:00,2,DIRECTION_NORMALIZED,13.0
16534,BVS,20,20:47:00,20:47:00,2,DIRECTION_NORMALIZED,12.0
16534,NRL,21,20:56:00,20:56:00,2,DIRECTION_NORMALIZED,11.0
16534,SHLU,22,21:02:00,21:02:00,2,DIRECTION_NORMALIZED,10.0
16534,VGI,23,21:07:00,21:07:00,2,DIRECTION_NORMALIZED,9.0
16534,BUD,24,21:22:00,21:22:00,2,DIRECTION_NORMALIZED,8.0
16534,ABH,25,21:32:00,21:32:00,2,DIRECTION_NORMALIZED,7.0
16534,ULNR,26,21:36:00,21:36:00,2,DIRECTION_NORMALIZED,6.0
16534,VLDI,27,21:38:00,21:38:00,2,DIRECTION_NORMALIZED,5.0
16534,KYN,28,21:40:00,21:45:00,2,DIRECTION_NORMALIZED,4.0
16534,THK,29,21:50:00,21:50:00,2,DIRECTION_NORMALIZED,3.0
16534,DI,30,21:53:00,21:53:00,2,DIRECTION_NORMALIZED,2.0
16534,KOPR,31,22:00:00,22:00:00,2,DIRECTION_NORMALIZED,1.0
16534,CHG,32,10:14:00,10:14:00,3,DIRECTION_NORMALIZED,1.0
16613,KOPR,1,19:09:00,19:09:00,1,SOURCE,1.0
16613,DI,2,19:19:00,19:19:00,1,SOURCE,2.0
16613,THK,3,19:21:00,19:21:00,1,SOURCE,3.0
16613,KYN,4,19:40:00,19:45:00,1,SOURCE,4.0
16613,VLDI,5,19:47:00,19:47:00,1,SOURCE,5.0
16613,ULNR,6,19:49:00,19:49:00,1,SOURCE,6.0
16613,ABH,7,19:51:00,19:51:00,1,SOURCE,7.0
16613,BUD,8,19:58:00,19:58:00,1,SOURCE,8.0
16613,VGI,9,20:08:00,20:08:00,1,SOURCE,9.0
16613,SHLU,10,20:12:00,20:12:00,1,SOURCE,10.0
16613,NRL,11,20:16:00,20:16:00,1,SOURCE,11.0
16613,BVS,12,20:22:00,20:22:00,1,SOURCE,12.0
16613,KJT,13,20:28:00,20:30:00,1,SOURCE,13.0
16613,PDI,14,20:35:00,20:35:00,1,SOURCE,14.0
16613,KAD,15,21:11:00,21:11:00,1,SOURCE,15.0
16613,LNL,16,21:18:00,21:20:00,1,SOURCE,16.0
16613,MVL,17,21:27:00,21:27:00,1,SOURCE,17.0
16613,KMST,18,21:36:00,21:36:00,1,SOURCE,18.0
16613,KNHE,19,21:41:00,21:41:00,1,SOURCE,19.0
16613,VDN,20,21:46:00,21:46:00,1,SOURCE,20.0
16613,TGN,21,21:50:00,21:50:00,1,SOURCE,21.0
16613,GRWD,22,21:53:00,21:53:00,1,SOURCE,22.0
16613,DEHR,23,22:00:00,22:00:00,1,SOURCE,23.0
16613,AKRD,24,22:05:00,22:05:00,1,SOURCE,24.0
16613,CCH,25,22:08:00,22:08:00,1,SOURCE,25.0
16613,PMP,26,22:11:00,22:11:00,1,SOURCE,26.0
16613,KSWD,27,22:13:00,22:13:00,1,SOURCE,27.0
16613,DAPD,28,22:17:00,22:17:00,1,SOURCE,28.0
16613,KK,29,22:19:00,22:19:00,1,SOURCE,29.0
16613,SVJR,30,22:23:00,22:23:00,1,SOURCE,30.0
16613,PUNE,31,22:25:00,22:30:00,1,SOURCE,31.0
16614,PUNE,1,02:00:00,02:05:00,3,DIRECTION_NORMALIZED,31.0
16614,SVJR,2,02:08:00,02:08:00,3,DIRECTION_NORMALIZED,30.0
16614,KK,3,02:12:00,02:12:00,3,DIRECTION_NORMALIZED,29.0
16614,DAPD,4,02:14:00,02:14:00,3,DIRECTION_NORMALIZED,28.0
16614,KSWD,5,02:18:00,02:18:00,3,DIRECTION_NORMALIZED,27.0
16614,PMP,6,02:20:00,02:20:00,3,DIRECTION_NORMALIZED,26.0
16614,CCH,7,02:23:00,02:23:00,3,DIRECTION_NORMALIZED,25.0
16614,AKRD,8,02:26:00,02:26:00,3,DIRECTION_NORMALIZED,24.0
16614,DEHR,9,02:32:00,02:32:00,3,DIRECTION_NORMALIZED,23.0
16614,GRWD,10,02:39:00,02:39:00,3,DIRECTION_NORMALIZED,22.0
16614,TGN,11,02:42:00,02:42:00,3,DIRECTION_NORMALIZED,21.0
16614,VDN,12,02:46:00,02:46:00,3,DIRECTION_NORMALIZED,20.0
16614,KNHE,13,02:52:00,02:52:00,3,DIRECTION_NORMALIZED,19.0
16614,KMST,14,02:57:00,02:57:00,3,DIRECTION_NORMALIZED,18.0
16614,MVL,15,03:06:00,03:06:00,3,DIRECTION_NORMALIZED,17.0
16614,LNL,16,03:14:00,03:15:00,3,DIRECTION_NORMALIZED,16.0
16614,KAD,17,03:21:00,03:21:00,3,DIRECTION_NORMALIZED,15.0
16614,PDI,18,03:54:00,03:54:00,3,DIRECTION_NORMALIZED,14.0
16614,KJT,19,03:59:00,04:00:00,3,DIRECTION_NORMALIZED,13.0
16614,BVS,20,04:07:00,04:07:00,3,DIRECTION_NORMALIZED,12.0
16614,NRL,21,04:13:00,04:13:00,3,DIRECTION_NORMALIZED,11.0
16614,SHLU,22,04:17:00,04:17:00,3,DIRECTION_NORMALIZED,10.0
16614,VGI,23,04:21:00,04:21:00,3,DIRECTION_NORMALIZED,9.0
16614,BUD,24,04:31:00,04:31:00,3,DIRECTION_NORMALIZED,8.0
16614,ABH,25,04:39:00,04:39:00,3,DIRECTION_NORMALIZED,7.0
16614,ULNR,26,04:41:00,04:41:00,3,DIRECTION_NORMALIZED,6.0
16614,VLDI,27,04:43:00,04:43:00,3,DIRECTION_NORMALIZED,5.0
16614,KYN,28,04:45:00,04:50:00,3,DIRECTION_NORMALIZED,4.0
16614,THK,29,04:54:00,04:54:00,3,DIRECTION_NORMALIZED,3.0
16614,DI,30,04:56:00,04:56:00,3,DIRECTION_NORMALIZED,2.0
16614,KOPR,31,05:02:00,05:02:00,3,DIRECTION_NORMALIZED,1.0
17017,KOPR,1,19:09:00,19:09:00,1,SOURCE,1.0
17017,DI,2,19:19:00,19:19:00,1,SOURCE,2.0
17017,THK,3,19:21:00,19:21:00,1,SOURCE,3.0
17017,KYN,4,19:40:00,19:45:00,1,SOURCE,4.0
17017,VLDI,5,19:47:00,19:47:00,1,SOURCE,5.0
17017,ULNR,6,19:49:00,19:49:00,1,SOURCE,6.0
17017,ABH,7,19:51:00,19:51:00,1,SOURCE,7.0
17017,BUD,8,19:58:00,19:58:00,1,SOURCE,8.0
17017,VGI,9,20:08:00,20:08:00,1,SOURCE,9.0
17017,SHLU,10,20:12:00,20:12:00,1,SOURCE,10.0
17017,NRL,11,20:16:00,20:16:00,1,SOURCE,11.0
17017,BVS,12,20:22:00,20:22:00,1,SOURCE,12.0
17017,KJT,13,20:28:00,20:30:00,1,SOURCE,13.0
17017,PDI,14,20:35:00,20:35:00,1,SOURCE,14.0
17017,KAD,15,21:11:00,21:11:00,1,SOURCE,15.0
17017,LNL,16,21:18:00,21:20:00,1,SOURCE,16.0
17017,MVL,17,21:27:00,21:27:00,1,SOURCE,17.0
17017,KMST,18,21:36:00,21:36:00,1,SOURCE,18.0
17017,KNHE,19,21:41:00,21:41:00,1,SOURCE,19.0
17017,VDN,20,21:46:00,21:46:00,1,SOURCE,20.0
17017,TGN,21,21:50:00,21:50:00,1,SOURCE,21.0
17017,GRWD,22,21:53:00,21:53:00,1,SOURCE,22.0
17017,DEHR,23,22:00:00,22:00:00,1,SOURCE,23.0
17017,AKRD,24,22:05:00,22:05:00,1,SOURCE,24.0
17017,CCH,25,22:08:00,22:08:00,1,SOURCE,25.0
17017,PMP,26,22:11:00,22:11:00,1,SOURCE,26.0
17017,KSWD,27,22:13:00,22:13:00,1,SOURCE,27.0
17017,DAPD,28,22:17:00,22:17:00,1,SOURCE,28.0
17017,KK,29,22:19:00,22:19:00,1,SOURCE,29.0
17017,SVJR,30,22:23:00,22:23:00,1,SOURCE,30.0
17017,PUNE,31,22:25:00,22:30:00,1,SOURCE,31.0
17018,PUNE,1,02:00:00,02:05:00,2,DIRECTION_NORMALIZED,31.0
17018,SVJR,2,02:08:00,02:08:00,2,DIRECTION_NORMALIZED,30.0
17018,KK,3,02:11:00,02:11:00,2,DIRECTION_NORMALIZED,29.0
17018,DAPD,4,02:14:00,02:14:00,2,DIRECTION_NORMALIZED,28.0
17018,KSWD,5,02:18:00,02:18:00,2,DIRECTION_NORMALIZED,27.0
17018,PMP,6,02:20:00,02:20:00,2,DIRECTION_NORMALIZED,26.0
17018,CCH,7,02:23:00,02:23:00,2,DIRECTION_NORMALIZED,25.0
17018,AKRD,8,02:26:00,02:26:00,2,DIRECTION_NORMALIZED,24.0
17018,DEHR,9,02:31:00,02:31:00,2,DIRECTION_NORMALIZED,23.0
17018,GRWD,10,02:38:00,02:38:00,2,DIRECTION_NORMALIZED,22.0
17018,TGN,11,02:42:00,02:42:00,2,DIRECTION_NORMALIZED,21.0
17018,VDN,12,02:46:00,02:46:00,2,DIRECTION_NORMALIZED,20.0
17018,KNHE,13,02:51:00,02:51:00,2,DIRECTION_NORMALIZED,19.0
17018,KMST,14,02:56:00,02:56:00,2,DIRECTION_NORMALIZED,18.0
17018,MVL,15,03:06:00,03:06:00,2,DIRECTION_NORMALIZED,17.0
17018,LNL,16,03:13:00,03:15:00,2,DIRECTION_NORMALIZED,16.0
17018,KAD,17,03:21:00,03:21:00,2,DIRECTION_NORMALIZED,15.0
17018,PDI,18,03:53:00,03:53:00,2,DIRECTION_NORMALIZED,14.0
17018,KJT,19,03:58:00,04:00:00,2,DIRECTION_NORMALIZED,13.0
17018,BVS,20,04:07:00,04:07:00,2,DIRECTION_NORMALIZED,12.0
17018,NRL,21,04:14:00,04:14:00,2,DIRECTION_NORMALIZED,11.0
17018,SHLU,22,04:19:00,04:19:00,2,DIRECTION_NORMALIZED,10.0
17018,VGI,23,04:23:00,04:23:00,2,DIRECTION_NORMALIZED,9.0
17018,BUD,24,04:34:00,04:34:00,2,DIRECTION_NORMALIZED,8.0
17018,ABH,25,04:42:00,04:42:00,2,DIRECTION_NORMALIZED,7.0
17018,ULNR,26,04:45:00,04:45:00,2,DIRECTION_NORMALIZED,6.0
17018,VLDI,27,04:47:00,04:47:00,2,DIRECTION_NORMALIZED,5.0
17018,KYN,28,04:48:00,04:50:00,2,DIRECTION_NORMALIZED,4.0
17018,THK,29,04:54:00,04:54:00,2,DIRECTION_NORMALIZED,3.0
17018,DI,30,04:56:00,04:56:00,2,DIRECTION_NORMALIZED,2.0
17018,KOPR,31,05:01:00,05:01:00,2,DIRECTION_NORMALIZED,1.0
17031,CSMT,1,12:45:00,12:45:00,1,SOURCE,1.0
17031,MSD,2,12:46:00,12:46:00,1,SOURCE,2.0
17031,SNRD,3,12:48:00,12:48:00,1,SOURCE,3.0
17031,BY,4,12:51:00,12:51:00,1,SOURCE,4.0
17031,CRD,5,12:53:00,12:53:00,1,SOURCE,5.0
17031,PR,6,12:56:00,12:56:00,1,SOURCE,6.0
17031,DR,7,12:58:00,13:00:00,1,SOURCE,7.0
17031,MTN,8,13:01:00,13:01:00,1,SOURCE,8.0
17031,SIN,9,13:04:00,13:04:00,1,SOURCE,9.0
17031,CLA,10,13:06:00,13:06:00,1,SOURCE,10.0
17031,VVH,11,13:08:00,13:08:00,1,SOURCE,11.0
17031,GC,12,13:09:00,13:09:00,1,SOURCE,12.0
17031,VK,13,13:13:00,13:13:00,1,SOURCE,13.0
17031,BND,14,13:16:00,13:16:00,1,SOURCE,14.0
17031,NHU,15,13:18:00,13:18:00,1,SOURCE,15.0
17031,MLND,16,13:19:00,13:19:00,1,SOURCE,16.0
17031,TNA,17,13:22:00,13:22:00,1,SOURCE,17.0
17031,KLVA,18,13:24:00,13:24:00,1,SOURCE,18.0
17031,MBQ,19,13:28:00,13:28:00,1,SOURCE,19.0
17031,DIVA,20,13:30:00,13:30:00,1,SOURCE,20.0
17031,KOPR,21,13:34:00,13:34:00,1,SOURCE,21.0
17031,DI,22,13:35:00,13:35:00,1,SOURCE,22.0
17031,THK,23,13:37:00,13:37:00,1,SOURCE,23.0
17031,KYN,24,13:40:00,13:45:00,1,SOURCE,24.0
17031,VLDI,25,13:47:00,13:47:00,1,SOURCE,25.0
17031,ULNR,26,13:49:00,13:49:00,1,SOURCE,26.0
17031,ABH,27,13:51:00,13:51:00,1,SOURCE,27.0
17031,BUD,28,13:57:00,13:57:00,1,SOURCE,28.0
17031,VGI,29,14:06:00,14:06:00,1,SOURCE,29.0
17031,SHLU,30,14:09:00,14:09:00,1,SOURCE,30.0
17031,NRL,31,14:13:00,14:13:00,1,SOURCE,31.0
17031,BVS,32,14:18:00,14:18:00,1,SOURCE,32.0
17031,KJT,33,14:23:00,14:25:00,1,SOURCE,33.0
17031,PDI,34,14:30:00,14:30:00,1,SOURCE,34.0
17031,KAD,35,15:06:00,15:06:00,1,SOURCE,35.0
17031,LNL,36,15:13:00,15:15:00,1,SOURCE,36.0
17031,MVL,37,15:23:00,15:23:00,1,SOURCE,37.0
17031,KMST,38,15:34:00,15:34:00,1,SOURCE,38.0
17031,KNHE,39,15:39:00,15:39:00,1,SOURCE,39.0
17031,VDN,40,15:45:00,15:45:00,1,SOURCE,40.0
17031,TGN,41,15:50:00,15:50:00,1,SOURCE,41.0
17031,GRWD,42,15:53:00,15:53:00,1,SOURCE,42.0
17031,DEHR,43,16:01:00,16:01:00,1,SOURCE,43.0
17031,AKRD,44,16:07:00,16:07:00,1,SOURCE,44.0
17031,CCH,45,16:11:00,16:11:00,1,SOURCE,45.0
17031,PMP,46,16:14:00,16:14:00,1,SOURCE,46.0
17031,KSWD,47,16:16:00,16:16:00,1,SOURCE,47.0
17031,DAPD,48,16:21:00,16:21:00,1,SOURCE,48.0
17031,KK,49,16:23:00,16:23:00,1,SOURCE,49.0
17031,SVJR,50,16:27:00,16:27:00,1,SOURCE,50.0
17031,PUNE,51,16:30:00,16:35:00,1,SOURCE,51.0
17032,PUNE,1,09:05:00,09:10:00,2,DIRECTION_NORMALIZED,51.0
17032,SVJR,2,09:12:00,09:12:00,2,DIRECTION_NORMALIZED,50.0
17032,KK,3,09:16:00,09:16:00,2,DIRECTION_NORMALIZED,49.0
17032,DAPD,4,09:18:00,09:18:00,2,DIRECTION_NORMALIZED,48.0
17032,KSWD,5,09:22:00,09:22:00,2,DIRECTION_NORMALIZED,47.0
17032,PMP,6,09:24:00,09:24:00,2,DIRECTION_NORMALIZED,46.0
17032,CCH,7,09:26:00,09:26:00,2,DIRECTION_NORMALIZED,45.0
17032,AKRD,8,09:30:00,09:30:00,2,DIRECTION_NORMALIZED,44.0
17032,DEHR,9,09:34:00,09:34:00,2,DIRECTION_NORMALIZED,43.0
17032,GRWD,10,09:41:00,09:41:00,2,DIRECTION_NORMALIZED,42.0
17032,TGN,11,09:44:00,09:44:00,2,DIRECTION_NORMALIZED,41.0
17032,VDN,12,09:48:00,09:48:00,2,DIRECTION_NORMALIZED,40.0
17032,KNHE,13,09:53:00,09:53:00,2,DIRECTION_NORMALIZED,39.0
17032,KMST,14,09:58:00,09:58:00,2,DIRECTION_NORMALIZED,38.0
17032,MVL,15,10:06:00,10:06:00,2,DIRECTION_NORMALIZED,37.0
17032,LNL,16,10:14:00,10:15:00,2,DIRECTION_NORMALIZED,36.0
17032,KAD,17,10:21:00,10:21:00,2,DIRECTION_NORMALIZED,35.0
17032,PDI,18,10:58:00,10:58:00,2,DIRECTION_NORMALIZED,34.0
17032,KJT,19,11:04:00,11:05:00,2,DIRECTION_NORMALIZED,33.0
17032,BVS,20,11:12:00,11:12:00,2,DIRECTION_NORMALIZED,32.0
17032,NRL,21,11:19:00,11:19:00,2,DIRECTION_NORMALIZED,31.0
17032,SHLU,22,11:23:00,11:23:00,2,DIRECTION_NORMALIZED,30.0
17032,VGI,23,11:27:00,11:27:00,2,DIRECTION_NORMALIZED,29.0
17032,BUD,24,11:38:00,11:38:00,2,DIRECTION_NORMALIZED,28.0
17032,ABH,25,11:46:00,11:46:00,2,DIRECTION_NORMALIZED,27.0
17032,ULNR,26,11:49:00,11:49:00,2,DIRECTION_NORMALIZED,26.0
17032,VLDI,27,11:50:00,11:50:00,2,DIRECTION_NORMALIZED,25.0
17032,KYN,28,11:53:00,11:55:00,2,DIRECTION_NORMALIZED,24.0
17032,THK,29,11:59:00,11:59:00,2,DIRECTION_NORMALIZED,23.0
17032,DI,30,12:00:00,12:00:00,2,DIRECTION_NORMALIZED,22.0
17032,KOPR,31,12:01:00,12:01:00,2,DIRECTION_NORMALIZED,21.0
17032,DIVA,32,12:05:00,12:05:00,2,DIRECTION_NORMALIZED,20.0
17032,MBQ,33,12:08:00,12:08:00,2,DIRECTION_NORMALIZED,19.0
17032,KLVA,34,12:12:00,12:12:00,2,DIRECTION_NORMALIZED,18.0
17032,TNA,35,12:15:00,12:15:00,2,DIRECTION_NORMALIZED,17.0
17032,MLND,36,12:17:00,12:17:00,2,DIRECTION_NORMALIZED,16.0
17032,NHU,37,12:19:00,12:19:00,2,DIRECTION_NORMALIZED,15.0
17032,BND,38,12:21:00,12:21:00,2,DIRECTION_NORMALIZED,14.0
17032,VK,39,12:25:00,12:25:00,2,DIRECTION_NORMALIZED,13.0
17032,GC,40,12:28:00,12:28:00,2,DIRECTION_NORMALIZED,12.0
17032,VVH,41,12:30:00,12:30:00,2,DIRECTION_NORMALIZED,11.0
17032,CLA,42,12:32:00,12:32:00,2,DIRECTION_NORMALIZED,10.0
17032,SIN,43,12:34:00,12:34:00,2,DIRECTION_NORMALIZED,9.0
17032,MTN,44,12:37:00,12:37:00,2,DIRECTION_NORMALIZED,8.0
17032,DR,45,12:38:00,12:40:00,2,DIRECTION_NORMALIZED,7.0
17032,PR,46,12:43:00,12:43:00,2,DIRECTION_NORMALIZED,6.0
17032,CRD,47,12:48:00,12:48:00,2,DIRECTION_NORMALIZED,5.0
17032,BY,48,12:53:00,12:53:00,2,DIRECTION_NORMALIZED,4.0
17032,SNRD,49,12:58:00,12:58:00,2,DIRECTION_NORMALIZED,3.0
17032,MSD,50,13:02:00,13:02:00,2,DIRECTION_NORMALIZED,2.0
17032,CSMT,51,13:05:00,13:05:00,2,DIRECTION_NORMALIZED,1.0
17203,KOPR,1,19:15:00,19:15:00,1,SOURCE,1.0
17203,DI,2,19:22:00,19:22:00,1,SOURCE,2.0
17203,THK,3,19:25:00,19:25:00,1,SOURCE,3.0
17203,KYN,4,19:40:00,19:45:00,1,SOURCE,4.0
17203,VLDI,5,19:48:00,19:48:00,1,SOURCE,5.0
17203,ULNR,6,19:50:00,19:50:00,1,SOURCE,6.0
17203,ABH,7,19:53:00,19:53:00,1,SOURCE,7.0
17203,BUD,8,20:03:00,20:03:00,1,SOURCE,8.0
17203,VGI,9,20:17:00,20:17:00,1,SOURCE,9.0
17203,SHLU,10,20:22:00,20:22:00,1,SOURCE,10.0
17203,NRL,11,20:27:00,20:27:00,1,SOURCE,11.0
17203,BVS,12,20:36:00,20:36:00,1,SOURCE,12.0
17203,KJT,13,20:44:00,20:44:00,1,SOURCE,13.0
17203,PDI,14,20:48:00,20:48:00,1,SOURCE,14.0
17203,KAD,15,21:15:00,21:15:00,1,SOURCE,15.0
17203,LNL,16,21:18:00,21:20:00,1,SOURCE,16.0
17203,MVL,17,21:27:00,21:27:00,1,SOURCE,17.0
17203,KMST,18,21:36:00,21:36:00,1,SOURCE,18.0
17203,KNHE,19,21:41:00,21:41:00,1,SOURCE,19.0
17203,VDN,20,21:46:00,21:46:00,1,SOURCE,20.0
17203,TGN,21,21:50:00,21:50:00,1,SOURCE,21.0
17203,GRWD,22,21:53:00,21:53:00,1,SOURCE,22.0
17203,DEHR,23,22:00:00,22:00:00,1,SOURCE,23.0
17203,AKRD,24,22:05:00,22:05:00,1,SOURCE,24.0
17203,CCH,25,22:08:00,22:08:00,1,SOURCE,25.0
17203,PMP,26,22:11:00,22:11:00,1,SOURCE,26.0
17203,KSWD,27,22:13:00,22:13:00,1,SOURCE,27.0
17203,DAPD,28,22:17:00,22:17:00,1,SOURCE,28.0
17203,KK,29,22:19:00,22:19:00,1,SOURCE,29.0
17203,SVJR,30,22:23:00,22:23:00,1,SOURCE,30.0
17203,PUNE,31,22:25:00,22:30:00,1,SOURCE,31.0
17204,PUNE,1,02:00:00,02:05:00,2,DIRECTION_NORMALIZED,31.0
17204,SVJR,2,02:08:00,02:08:00,2,DIRECTION_NORMALIZED,30.0
17204,KK,3,02:11:00,02:11:00,2,DIRECTION_NORMALIZED,29.0
17204,DAPD,4,02:14:00,02:14:00,2,DIRECTION_NORMALIZED,28.0
17204,KSWD,5,02:18:00,02:18:00,2,DIRECTION_NORMALIZED,27.0
17204,PMP,6,02:20:00,02:20:00,2,DIRECTION_NORMALIZED,26.0
17204,CCH,7,02:23:00,02:23:00,2,DIRECTION_NORMALIZED,25.0
17204,AKRD,8,02:26:00,02:26:00,2,DIRECTION_NORMALIZED,24.0
17204,DEHR,9,02:31:00,02:31:00,2,DIRECTION_NORMALIZED,23.0
17204,GRWD,10,02:38:00,02:38:00,2,DIRECTION_NORMALIZED,22.0
17204,TGN,11,02:42:00,02:42:00,2,DIRECTION_NORMALIZED,21.0
17204,VDN,12,02:46:00,02:46:00,2,DIRECTION_NORMALIZED,20.0
17204,KNHE,13,02:51:00,02:51:00,2,DIRECTION_NORMALIZED,19.0
17204,KMST,14,02:56:00,02:56:00,2,DIRECTION_NORMALIZED,18.0
17204,MVL,15,03:06:00,03:06:00,2,DIRECTION_NORMALIZED,17.0
17204,LNL,16,03:13:00,03:15:00,2,DIRECTION_NORMALIZED,16.0
17204,KAD,17,03:20:00,03:20:00,2,DIRECTION_NORMALIZED,15.0
17204,PDI,18,03:45:00,03:45:00,2,DIRECTION_NORMALIZED,14.0
17204,KJT,19,03:49:00,03:49:00,2,DIRECTION_NORMALIZED,13.0
17204,BVS,20,03:57:00,03:57:00,2,DIRECTION_NORMALIZED,12.0
17204,NRL,21,04:05:00,04:05:00,2,DIRECTION_NORMALIZED,11.0
17204,SHLU,22,04:11:00,04:11:00,2,DIRECTION_NORMALIZED,10.0
17204,VGI,23,04:15:00,04:15:00,2,DIRECTION_NORMALIZED,9.0
17204,BUD,24,04:29:00,04:29:00,2,DIRECTION_NORMALIZED,8.0
17204,ABH,25,04:38:00,04:38:00,2,DIRECTION_NORMALIZED,7.0
17204,ULNR,26,04:41:00,04:41:00,2,DIRECTION_NORMALIZED,6.0
17204,VLDI,27,04:43:00,04:43:00,2,DIRECTION_NORMALIZED,5.0
17204,KYN,28,04:45:00,04:50:00,2,DIRECTION_NORMALIZED,4.0
17204,THK,29,04:55:00,04:55:00,2,DIRECTION_NORMALIZED,3.0
17204,DI,30,04:58:00,04:58:00,2,DIRECTION_NORMALIZED,2.0
17204,KOPR,31,05:05:00,05:05:00,2,DIRECTION_NORMALIZED,1.0
19311,PUNE,1,15:20:00,15:20:00,1,DIRECTION_NORMALIZED,31.0
19311,SVJR,2,15:22:00,15:22:00,1,DIRECTION_NORMALIZED,30.0
19311,KK,3,15:25:00,15:25:00,1,DIRECTION_NORMALIZED,29.0
19311,DAPD,4,15:26:00,15:26:00,1,DIRECTION_NORMALIZED,28.0
19311,KSWD,5,15:29:00,15:29:00,1,DIRECTION_NORMALIZED,27.0
19311,PMP,6,15:31:00,15:31:00,1,DIRECTION_NORMALIZED,26.0
19311,CCH,7,15:32:00,15:32:00,1,DIRECTION_NORMALIZED,25.0
19311,AKRD,8,15:35:00,15:35:00,1,DIRECTION_NORMALIZED,24.0
19311,DEHR,9,15:39:00,15:39:00,1,DIRECTION_NORMALIZED,23.0
19311,GRWD,10,15:44:00,15:44:00,1,DIRECTION_NORMALIZED,22.0
19311,TGN,11,15:46:00,15:46:00,1,DIRECTION_NORMALIZED,21.0
19311,VDN,12,15:49:00,15:49:00,1,DIRECTION_NORMALIZED,20.0
19311,KNHE,13,15:53:00,15:53:00,1,DIRECTION_NORMALIZED,19.0
19311,KMST,14,15:56:00,15:56:00,1,DIRECTION_NORMALIZED,18.0
19311,MVL,15,16:03:00,16:03:00,1,DIRECTION_NORMALIZED,17.0
19311,LNL,16,16:08:00,16:10:00,1,DIRECTION_NORMALIZED,16.0
19311,KAD,17,16:16:00,16:16:00,1,DIRECTION_NORMALIZED,15.0
19311,PDI,18,16:48:00,16:48:00,1,DIRECTION_NORMALIZED,14.0
19311,KJT,19,16:53:00,16:55:00,1,DIRECTION_NORMALIZED,13.0
19311,BVS,20,17:02:00,17:02:00,1,DIRECTION_NORMALIZED,12.0
19311,NRL,21,17:08:00,17:08:00,1,DIRECTION_NORMALIZED,11.0
19311,SHLU,22,17:12:00,17:12:00,1,DIRECTION_NORMALIZED,10.0
19311,VGI,23,17:16:00,17:16:00,1,DIRECTION_NORMALIZED,9.0
19311,BUD,24,17:26:00,17:26:00,1,DIRECTION_NORMALIZED,8.0
19311,ABH,25,17:34:00,17:34:00,1,DIRECTION_NORMALIZED,7.0
19311,ULNR,26,17:36:00,17:36:00,1,DIRECTION_NORMALIZED,6.0
19311,VLDI,27,17:38:00,17:38:00,1,DIRECTION_NORMALIZED,5.0
19311,KYN,28,17:40:00,17:45:00,1,DIRECTION_NORMALIZED,4.0
19311,THK,29,17:53:00,17:53:00,1,DIRECTION_NORMALIZED,3.0
19311,DI,30,17:56:00,17:56:00,1,DIRECTION_NORMALIZED,2.0
19311,KOPR,31,18:07:00,18:07:00,1,DIRECTION_NORMALIZED,1.0
19312,KOPR,1,04:48:00,04:48:00,2,SOURCE,1.0
19312,DI,2,04:56:00,04:56:00,2,SOURCE,2.0
19312,THK,3,04:58:00,04:58:00,2,SOURCE,3.0
19312,KYN,4,05:15:00,05:20:00,2,SOURCE,4.0
19312,VLDI,5,05:22:00,05:22:00,2,SOURCE,5.0
19312,ULNR,6,05:24:00,05:24:00,2,SOURCE,6.0
19312,ABH,7,05:26:00,05:26:00,2,SOURCE,7.0
19312,BUD,8,05:34:00,05:34:00,2,SOURCE,8.0
19312,VGI,9,05:44:00,05:44:00,2,SOURCE,9.0
19312,SHLU,10,05:47:00,05:47:00,2,SOURCE,10.0
19312,NRL,11,05:51:00,05:51:00,2,SOURCE,11.0
19312,BVS,12,05:58:00,05:58:00,2,SOURCE,12.0
19312,KJT,13,06:03:00,06:05:00,2,SOURCE,13.0
19312,PDI,14,06:10:00,06:10:00,2,SOURCE,14.0
19312,KAD,15,06:46:00,06:46:00,2,SOURCE,15.0
19312,LNL,16,06:53:00,06:55:00,2,SOURCE,16.0
19312,MVL,17,07:03:00,07:03:00,2,SOURCE,17.0
19312,KMST,18,07:14:00,07:14:00,2,SOURCE,18.0
19312,KNHE,19,07:19:00,07:19:00,2,SOURCE,19.0
19312,VDN,20,07:25:00,07:25:00,2,SOURCE,20.0
19312,TGN,21,07:30:00,07:30:00,2,SOURCE,21.0
19312,GRWD,22,07:33:00,07:33:00,2,SOURCE,22.0
19312,DEHR,23,07:41:00,07:41:00,2,SOURCE,23.0
19312,AKRD,24,07:47:00,07:47:00,2,SOURCE,24.0
19312,CCH,25,07:51:00,07:51:00,2,SOURCE,25.0
19312,PMP,26,07:54:00,07:54:00,2,SOURCE,26.0
19312,KSWD,27,07:56:00,07:56:00,2,SOURCE,27.0
19312,DAPD,28,08:01:00,08:01:00,2,SOURCE,28.0
19312,KK,29,08:03:00,08:03:00,2,SOURCE,29.0
19312,SVJR,30,08:07:00,08:07:00,2,SOURCE,30.0
19312,PUNE,31,08:10:00,08:10:00,2,SOURCE,31.0
19567,PUNE,1,04:55:00,05:05:00,2,DIRECTION_NORMALIZED,31.0
19567,SVJR,2,05:07:00,05:07:00,2,DIRECTION_NORMALIZED,30.0
19567,KK,3,05:11:00,05:11:00,2,DIRECTION_NORMALIZED,29.0
19567,DAPD,4,05:13:00,05:13:00,2,DIRECTION_NORMALIZED,28.0
19567,KSWD,5,05:17:00,05:17:00,2,DIRECTION_NORMALIZED,27.0
19567,PMP,6,05:19:00,05:19:00,2,DIRECTION_NORMALIZED,26.0
19567,CCH,7,05:22:00,05:22:00,2,DIRECTION_NORMALIZED,25.0
19567,AKRD,8,05:25:00,05:25:00,2,DIRECTION_NORMALIZED,24.0
19567,DEHR,9,05:30:00,05:30:00,2,DIRECTION_NORMALIZED,23.0
19567,GRWD,10,05:37:00,05:37:00,2,DIRECTION_NORMALIZED,22.0
19567,TGN,11,05:40:00,05:40:00,2,DIRECTION_NORMALIZED,21.0
19567,VDN,12,05:44:00,05:44:00,2,DIRECTION_NORMALIZED,20.0
19567,KNHE,13,05:49:00,05:49:00,2,DIRECTION_NORMALIZED,19.0
19567,KMST,14,05:54:00,05:54:00,2,DIRECTION_NORMALIZED,18.0
19567,MVL,15,06:03:00,06:03:00,2,DIRECTION_NORMALIZED,17.0
19567,LNL,16,06:10:00,06:12:00,2,DIRECTION_NORMALIZED,16.0
19567,KAD,17,06:17:00,06:17:00,2,DIRECTION_NORMALIZED,15.0
19567,PDI,18,06:44:00,06:44:00,2,DIRECTION_NORMALIZED,14.0
19567,KJT,19,06:48:00,06:48:00,2,DIRECTION_NORMALIZED,13.0
19567,BVS,20,06:57:00,06:57:00,2,DIRECTION_NORMALIZED,12.0
19567,NRL,21,07:05:00,07:05:00,2,DIRECTION_NORMALIZED,11.0
19567,SHLU,22,07:11:00,07:11:00,2,DIRECTION_NORMALIZED,10.0
19567,VGI,23,07:16:00,07:16:00,2,DIRECTION_NORMALIZED,9.0
19567,BUD,24,07:30:00,07:30:00,2,DIRECTION_NORMALIZED,8.0
19567,ABH,25,07:40:00,07:40:00,2,DIRECTION_NORMALIZED,7.0
19567,ULNR,26,07:43:00,07:43:00,2,DIRECTION_NORMALIZED,6.0
19567,VLDI,27,07:45:00,07:45:00,2,DIRECTION_NORMALIZED,5.0
19567,KYN,28,07:47:00,07:50:00,2,DIRECTION_NORMALIZED,4.0
19567,THK,29,07:56:00,07:56:00,2,DIRECTION_NORMALIZED,3.0
19567,DI,30,07:58:00,07:58:00,2,DIRECTION_NORMALIZED,2.0
19567,KOPR,31,08:07:00,08:07:00,2,DIRECTION_NORMALIZED,1.0
19568,KOPR,1,19:16:00,19:16:00,1,SOURCE,1.0
19568,DI,2,19:24:00,19:24:00,1,SOURCE,2.0
19568,THK,3,19:26:00,19:26:00,1,SOURCE,3.0
19568,KYN,4,19:40:00,19:45:00,1,SOURCE,4.0
19568,VLDI,5,19:48:00,19:48:00,1,SOURCE,5.0
19568,ULNR,6,19:50:00,19:50:00,1,SOURCE,6.0
19568,ABH,7,19:53:00,19:53:00,1,SOURCE,7.0
19568,BUD,8,20:03:00,20:03:00,1,SOURCE,8.0
19568,VGI,9,20:16:00,20:16:00,1,SOURCE,9.0
19568,SHLU,10,20:21:00,20:21:00,1,SOURCE,10.0
19568,NRL,11,20:27:00,20:27:00,1,SOURCE,11.0
19568,BVS,12,20:35:00,20:35:00,1,SOURCE,12.0
19568,KJT,13,20:44:00,20:44:00,1,SOURCE,13.0
19568,PDI,14,20:47:00,20:47:00,1,SOURCE,14.0
19568,KAD,15,21:13:00,21:13:00,1,SOURCE,15.0
19568,LNL,16,21:18:00,21:20:00,1,SOURCE,16.0
19568,MVL,17,21:27:00,21:27:00,1,SOURCE,17.0
19568,KMST,18,21:36:00,21:36:00,1,SOURCE,18.0
19568,KNHE,19,21:41:00,21:41:00,1,SOURCE,19.0
19568,VDN,20,21:46:00,21:46:00,1,SOURCE,20.0
19568,TGN,21,21:50:00,21:50:00,1,SOURCE,21.0
19568,GRWD,22,21:53:00,21:53:00,1,SOURCE,22.0
19568,DEHR,23,22:00:00,22:00:00,1,SOURCE,23.0
19568,AKRD,24,22:05:00,22:05:00,1,SOURCE,24.0
19568,CCH,25,22:08:00,22:08:00,1,SOURCE,25.0
19568,PMP,26,22:11:00,22:11:00,1,SOURCE,26.0
19568,KSWD,27,22:13:00,22:13:00,1,SOURCE,27.0
19568,DAPD,28,22:17:00,22:17:00,1,SOURCE,28.0
19568,KK,29,22:19:00,22:19:00,1,SOURCE,29.0
19568,SVJR,30,22:23:00,22:23:00,1,SOURCE,30.0
19568,PUNE,31,22:25:00,22:30:00,1,SOURCE,31.0
51027,CSMT,1,22:55:00,22:55:00,1,SOURCE,1.0
51027,MSD,2,22:56:00,22:56:00,1,SOURCE,2.0
51027,SNRD,3,22:58:00,22:58:00,1,SOURCE,3.0
51027,BY,4,23:01:00,23:01:00,1,SOURCE,4.0
51027,CRD,5,23:03:00,23:03:00,1,SOURCE,5.0
51027,PR,6,23:06:00,23:06:00,1,SOURCE,6.0
51027,DR,7,23:08:00,23:10:00,1,SOURCE,7.0
51027,MTN,8,23:11:00,23:11:00,1,SOURCE,8.0
51027,SIN,9,23:14:00,23:14:00,1,SOURCE,9.0
51027,CLA,10,23:16:00,23:16:00,1,SOURCE,10.0
51027,VVH,11,23:18:00,23:18:00,1,SOURCE,11.0
51027,GC,12,23:20:00,23:20:00,1,SOURCE,12.0
51027,VK,13,23:23:00,23:23:00,1,SOURCE,13.0
51027,BND,14,23:26:00,23:26:00,1,SOURCE,14.0
51027,NHU,15,23:28:00,23:28:00,1,SOURCE,15.0
51027,MLND,16,23:30:00,23:30:00,1,SOURCE,16.0
51027,TNA,17,23:33:00,23:35:00,1,SOURCE,17.0
51027,KLVA,18,23:37:00,23:37:00,1,SOURCE,18.0
51027,MBQ,19,23:40:00,23:40:00,1,SOURCE,19.0
51027,DIVA,20,23:42:00,23:42:00,1,SOURCE,20.0
51027,KOPR,21,23:45:00,23:45:00,1,SOURCE,21.0
51027,DI,22,23:46:00,23:46:00,1,SOURCE,22.0
51027,THK,23,23:47:00,23:47:00,1,SOURCE,23.0
51027,KYN,24,23:50:00,23:55:00,1,SOURCE,24.0
51027,VLDI,25,00:03:00,00:03:00,2,SOURCE,1.0
51027,ULNR,26,00:08:00,00:10:00,2,SOURCE,2.0
51027,ABH,27,00:16:00,00:18:00,2,SOURCE,3.0
51027,BUD,28,00:24:00,00:26:00,2,SOURCE,4.0
51027,VGI,29,00:35:00,00:35:00,2,SOURCE,5.0
51027,SHLU,30,00:38:00,00:38:00,2,SOURCE,6.0
51027,NRL,31,00:42:00,00:42:00,2,SOURCE,7.0
51027,BVS,32,00:48:00,00:48:00,2,SOURCE,8.0
51027,KJT,33,00:53:00,00:55:00,2,SOURCE,9.0
51027,PDI,34,01:00:00,01:00:00,2,SOURCE,10.0
51027,KAD,35,01:38:00,01:40:00,2,SOURCE,11.0
51027,LNL,36,01:53:00,01:55:00,2,SOURCE,12.0
51027,MVL,37,02:02:00,02:02:00,2,SOURCE,13.0
51027,KMST,38,02:11:00,02:13:00,2,SOURCE,14.0
51027,KNHE,39,02:16:00,02:16:00,2,SOURCE,15.0
51027,VDN,40,02:20:00,02:20:00,2,SOURCE,16.0
51027,TGN,41,02:23:00,02:25:00,2,SOURCE,17.0
51027,GRWD,42,02:29:00,02:29:00,2,SOURCE,18.0
51027,DEHR,43,02:38:00,02:40:00,2,SOURCE,19.0
51027,AKRD,44,02:51:00,02:51:00,2,SOURCE,20.0
51027,CCH,45,02:58:00,03:00:00,2,SOURCE,21.0
51027,PMP,46,03:03:00,03:05:00,2,SOURCE,22.0
51027,KSWD,47,03:10:00,03:10:00,2,SOURCE,23.0
51027,DAPD,48,03:18:00,03:18:00,2,SOURCE,24.0
51027,KK,49,03:23:00,03:25:00,2,SOURCE,25.0
51027,SVJR,50,03:28:00,03:30:00,2,SOURCE,26.0
51027,PUNE,51,04:10:00,04:25:00,2,SOURCE,27.0
51028,PUNE,1,22:55:00,23:05:00,1,DIRECTION_NORMALIZED,9.0
51028,SVJR,2,23:12:00,23:14:00,1,DIRECTION_NORMALIZED,8.0
51028,KK,3,23:18:00,23:20:00,1,DIRECTION_NORMALIZED,7.0
51028,DAPD,4,23:23:00,23:25:00,1,DIRECTION_NORMALIZED,6.0
51028,KSWD,5,23:28:00,23:28:00,1,DIRECTION_NORMALIZED,5.0
51028,PMP,6,23:30:00,23:32:00,1,DIRECTION_NORMALIZED,4.0
51028,CCH,7,23:38:00,23:40:00,1,DIRECTION_NORMALIZED,3.0
51028,AKRD,8,23:43:00,23:45:00,1,DIRECTION_NORMALIZED,2.0
51028,DEHR,9,23:53:00,23:55:00,1,DIRECTION_NORMALIZED,1.0
51028,GRWD,10,00:10:00,00:10:00,2,DIRECTION_NORMALIZED,42.0
51028,TGN,11,00:18:00,00:20:00,2,DIRECTION_NORMALIZED,41.0
51028,VDN,12,00:23:00,00:25:00,2,DIRECTION_NORMALIZED,40.0
51028,KNHE,13,00:27:00,00:27:00,2,DIRECTION_NORMALIZED,39.0
51028,KMST,14,00:29:00,00:31:00,2,DIRECTION_NORMALIZED,38.0
51028,MVL,15,00:54:00,00:54:00,2,DIRECTION_NORMALIZED,37.0
51028,LNL,16,01:13:00,01:15:00,2,DIRECTION_NORMALIZED,36.0
51028,KAD,17,01:18:00,01:20:00,2,DIRECTION_NORMALIZED,35.0
51028,PDI,18,01:49:00,01:49:00,2,DIRECTION_NORMALIZED,34.0
51028,KJT,19,01:53:00,01:55:00,2,DIRECTION_NORMALIZED,33.0
51028,BVS,20,02:02:00,02:02:00,2,DIRECTION_NORMALIZED,32.0
51028,NRL,21,02:09:00,02:09:00,2,DIRECTION_NORMALIZED,31.0
51028,SHLU,22,02:13:00,02:13:00,2,DIRECTION_NORMALIZED,30.0
51028,VGI,23,02:17:00,02:17:00,2,DIRECTION_NORMALIZED,29.0
51028,BUD,24,02:28:00,02:30:00,2,DIRECTION_NORMALIZED,28.0
51028,ABH,25,02:38:00,02:40:00,2,DIRECTION_NORMALIZED,27.0
51028,ULNR,26,02:43:00,02:45:00,2,DIRECTION_NORMALIZED,26.0
51028,VLDI,27,02:50:00,02:50:00,2,DIRECTION_NORMALIZED,25.0
51028,KYN,28,02:55:00,03:00:00,2,DIRECTION_NORMALIZED,24.0
51028,THK,29,03:03:00,03:03:00,2,DIRECTION_NORMALIZED,23.0
51028,DI,30,03:04:00,03:04:00,2,DIRECTION_NORMALIZED,22.0
51028,KOPR,31,03:06:00,03:06:00,2,DIRECTION_NORMALIZED,21.0
51028,DIVA,32,03:10:00,03:10:00,2,DIRECTION_NORMALIZED,20.0
51028,MBQ,33,03:12:00,03:12:00,2,DIRECTION_NORMALIZED,19.0
51028,KLVA,34,03:16:00,03:16:00,2,DIRECTION_NORMALIZED,18.0
51028,TNA,35,03:18:00,03:20:00,2,DIRECTION_NORMALIZED,17.0
51028,MLND,36,03:23:00,03:23:00,2,DIRECTION_NORMALIZED,16.0
51028,NHU,37,03:26:00,03:26:00,2,DIRECTION_NORMALIZED,15.0
51028,BND,38,03:27:00,03:27:00,2,DIRECTION_NORMALIZED,14.0
51028,VK,39,03:32:00,03:32:00,2,DIRECTION_NORMALIZED,13.0
51028,GC,40,03:36:00,03:36:00,2,DIRECTION_NORMALIZED,12.0
51028,VVH,41,03:38:00,03:38:00,2,DIRECTION_NORMALIZED,11.0
51028,CLA,42,03:41:00,03:41:00,2,DIRECTION_NORMALIZED,10.0
51028,SIN,43,03:44:00,03:44:00,2,DIRECTION_NORMALIZED,9.0
51028,MTN,44,03:47:00,03:47:00,2,DIRECTION_NORMALIZED,8.0
51028,DR,45,03:48:00,03:50:00,2,DIRECTION_NORMALIZED,7.0
51028,PR,46,03:52:00,03:52:00,2,DIRECTION_NORMALIZED,6.0
51028,CRD,47,03:56:00,03:56:00,2,DIRECTION_NORMALIZED,5.0
51028,BY,48,04:01:00,04:01:00,2,DIRECTION_NORMALIZED,4.0
51028,SNRD,49,04:05:00,04:05:00,2,DIRECTION_NORMALIZED,3.0
51028,MSD,50,04:07:00,04:07:00,2,DIRECTION_NORMALIZED,2.0
51028,CSMT,51,04:10:00,04:10:00,2,DIRECTION_NORMALIZED,1.0
51029,CSMT,1,22:55:00,22:55:00,1,SOURCE,1.0
51029,MSD,2,22:56:00,22:56:00,1,SOURCE,2.0
51029,SNRD,3,22:58:00,22:58:00,1,SOURCE,3.0
51029,BY,4,23:01:00,23:01:00,1,SOURCE,4.0
51029,CRD,5,23:03:00,23:03:00,1,SOURCE,5.0
51029,PR,6,23:06:00,23:06:00,1,SOURCE,6.0
51029,DR,7,23:08:00,23:10:00,1,SOURCE,7.0
51029,MTN,8,23:11:00,23:11:00,1,SOURCE,8.0
51029,SIN,9,23:14:00,23:14:00,1,SOURCE,9.0
51029,CLA,10,23:16:00,23:16:00,1,SOURCE,10.0
51029,VVH,11,23:18:00,23:18:00,1,SOURCE,11.0
51029,GC,12,23:20:00,23:20:00,1,SOURCE,12.0
51029,VK,13,23:23:00,23:23:00,1,SOURCE,13.0
51029,BND,14,23:26:00,23:26:00,1,SOURCE,14.0
51029,NHU,15,23:28:00,23:28:00,1,SOURCE,15.0
51029,MLND,16,23:30:00,23:30:00,1,SOURCE,16.0
51029,TNA,17,23:33:00,23:35:00,1,SOURCE,17.0
51029,KLVA,18,23:37:00,23:37:00,1,SOURCE,18.0
51029,MBQ,19,23:40:00,23:40:00,1,SOURCE,19.0
51029,DIVA,20,23:42:00,23:42:00,1,SOURCE,20.0
51029,KOPR,21,23:45:00,23:45:00,1,SOURCE,21.0
51029,DI,22,23:46:00,23:46:00,1,SOURCE,22.0
51029,THK,23,23:47:00,23:47:00,1,SOURCE,23.0
51029,KYN,24,23:50:00,23:55:00,1,SOURCE,24.0
51029,VLDI,25,00:03:00,00:03:00,2,SOURCE,1.0
51029,ULNR,26,00:08:00,00:10:00,2,SOURCE,2.0
51029,ABH,27,00:16:00,00:18:00,2,SOURCE,3.0
51029,BUD,28,00:24:00,00:26:00,2,SOURCE,4.0
51029,VGI,29,00:35:00,00:35:00,2,SOURCE,5.0
51029,SHLU,30,00:38:00,00:38:00,2,SOURCE,6.0
51029,NRL,31,00:42:00,00:42:00,2,SOURCE,7.0
51029,BVS,32,00:48:00,00:48:00,2,SOURCE,8.0
51029,KJT,33,00:53:00,00:55:00,2,SOURCE,9.0
51029,PDI,34,01:00:00,01:00:00,2,SOURCE,10.0
51029,KAD,35,01:38:00,01:40:00,2,SOURCE,11.0
51029,LNL,36,01:53:00,01:55:00,2,SOURCE,12.0
51029,MVL,37,02:02:00,02:02:00,2,SOURCE,13.0
51029,KMST,38,02:11:00,02:13:00,2,SOURCE,14.0
51029,KNHE,39,02:16:00,02:16:00,2,SOURCE,15.0
51029,VDN,40,02:20:00,02:20:00,2,SOURCE,16.0
51029,TGN,41,02:23:00,02:25:00,2,SOURCE,17.0
51029,GRWD,42,02:29:00,02:29:00,2,SOURCE,18.0
51029,DEHR,43,02:38:00,02:40:00,2,SOURCE,19.0
51029,AKRD,44,02:51:00,02:51:00,2,SOURCE,20.0
51029,CCH,45,02:58:00,03:00:00,2,SOURCE,21.0
51029,PMP,46,03:03:00,03:05:00,2,SOURCE,22.0
51029,KSWD,47,03:10:00,03:10:00,2,SOURCE,23.0
51029,DAPD,48,03:18:00,03:18:00,2,SOURCE,24.0
51029,KK,49,03:23:00,03:25:00,2,SOURCE,25.0
51029,SVJR,50,03:28:00,03:30:00,2,SOURCE,26.0
51029,PUNE,51,04:10:00,04:25:00,2,SOURCE,27.0
51030,PUNE,1,22:55:00,23:05:00,1,DIRECTION_NORMALIZED,9.0
51030,SVJR,2,23:13:00,23:14:00,1,DIRECTION_NORMALIZED,8.0
51030,KK,3,23:19:00,23:20:00,1,DIRECTION_NORMALIZED,7.0
51030,DAPD,4,23:24:00,23:25:00,1,DIRECTION_NORMALIZED,6.0
51030,KSWD,5,23:28:00,23:28:00,1,DIRECTION_NORMALIZED,5.0
51030,PMP,6,23:31:00,23:32:00,1,DIRECTION_NORMALIZED,4.0
51030,CCH,7,23:39:00,23:40:00,1,DIRECTION_NORMALIZED,3.0
51030,AKRD,8,23:44:00,23:45:00,1,DIRECTION_NORMALIZED,2.0
51030,DEHR,9,23:54:00,23:55:00,1,DIRECTION_NORMALIZED,1.0
51030,GRWD,10,00:11:00,00:11:00,2,DIRECTION_NORMALIZED,42.0
51030,TGN,11,00:19:00,00:20:00,2,DIRECTION_NORMALIZED,41.0
51030,VDN,12,00:24:00,00:25:00,2,DIRECTION_NORMALIZED,40.0
51030,KNHE,13,00:28:00,00:28:00,2,DIRECTION_NORMALIZED,39.0
51030,KMST,14,00:30:00,00:31:00,2,DIRECTION_NORMALIZED,38.0
51030,MVL,15,00:56:00,00:56:00,2,DIRECTION_NORMALIZED,37.0
51030,LNL,16,01:14:00,01:15:00,2,DIRECTION_NORMALIZED,36.0
51030,KAD,17,01:19:00,01:20:00,2,DIRECTION_NORMALIZED,35.0
51030,PDI,18,01:48:00,01:48:00,2,DIRECTION_NORMALIZED,34.0
51030,KJT,19,01:54:00,01:55:00,2,DIRECTION_NORMALIZED,33.0
51030,BVS,20,02:02:00,02:02:00,2,DIRECTION_NORMALIZED,32.0
51030,NRL,21,02:09:00,02:09:00,2,DIRECTION_NORMALIZED,31.0
51030,SHLU,22,02:14:00,02:14:00,2,DIRECTION_NORMALIZED,30.0
51030,VGI,23,02:18:00,02:18:00,2,DIRECTION_NORMALIZED,29.0
51030,BUD,24,02:29:00,02:30:00,2,DIRECTION_NORMALIZED,28.0
51030,ABH,25,02:39:00,02:40:00,2,DIRECTION_NORMALIZED,27.0
51030,ULNR,26,02:44:00,02:45:00,2,DIRECTION_NORMALIZED,26.0
51030,VLDI,27,02:50:00,02:50:00,2,DIRECTION_NORMALIZED,25.0
51030,KYN,28,02:55:00,03:00:00,2,DIRECTION_NORMALIZED,24.0
51030,THK,29,03:03:00,03:03:00,2,DIRECTION_NORMALIZED,23.0
51030,DI,30,03:05:00,03:05:00,2,DIRECTION_NORMALIZED,22.0
51030,KOPR,31,03:06:00,03:06:00,2,DIRECTION_NORMALIZED,21.0
51030,DIVA,32,03:10:00,03:10:00,2,DIRECTION_NORMALIZED,20.0
51030,MBQ,33,03:13:00,03:13:00,2,DIRECTION_NORMALIZED,19.0
51030,KLVA,34,03:17:00,03:17:00,2,DIRECTION_NORMALIZED,18.0
51030,TNA,35,03:19:00,03:20:00,2,DIRECTION_NORMALIZED,17.0
51030,MLND,36,03:23:00,03:23:00,2,DIRECTION_NORMALIZED,16.0
51030,NHU,37,03:26:00,03:26:00,2,DIRECTION_NORMALIZED,15.0
51030,BND,38,03:28:00,03:28:00,2,DIRECTION_NORMALIZED,14.0
51030,VK,39,03:32:00,03:32:00,2,DIRECTION_NORMALIZED,13.0
51030,GC,40,03:37:00,03:37:00,2,DIRECTION_NORMALIZED,12.0
51030,VVH,41,03:38:00,03:38:00,2,DIRECTION_NORMALIZED,11.0
51030,CLA,42,03:41:00,03:41:00,2,DIRECTION_NORMALIZED,10.0
51030,SIN,43,03:44:00,03:44:00,2,DIRECTION_NORMALIZED,9.0
51030,MTN,44,03:48:00,03:48:00,2,DIRECTION_NORMALIZED,8.0
51030,DR,45,03:49:00,03:50:00,2,DIRECTION_NORMALIZED,7.0
51030,PR,46,03:52:00,03:52:00,2,DIRECTION_NORMALIZED,6.0
51030,CRD,47,03:56:00,03:56:00,2,DIRECTION_NORMALIZED,5.0
51030,BY,48,04:01:00,04:01:00,2,DIRECTION_NORMALIZED,4.0
51030,SNRD,49,04:05:00,04:05:00,2,DIRECTION_NORMALIZED,3.0
51030,MSD,50,04:07:00,04:07:00,2,DIRECTION_NORMALIZED,2.0
51030,CSMT,51,04:10:00,04:10:00,2,DIRECTION_NORMALIZED,1.0
51033,CSMT,1,22:55:00,22:55:00,1,SOURCE,1.0
51033,MSD,2,22:56:00,22:56:00,1,SOURCE,2.0
51033,SNRD,3,22:58:00,22:58:00,1,SOURCE,3.0
51033,BY,4,23:01:00,23:01:00,1,SOURCE,4.0
51033,CRD,5,23:03:00,23:03:00,1,SOURCE,5.0
51033,PR,6,23:06:00,23:06:00,1,SOURCE,6.0
51033,DR,7,23:08:00,23:10:00,1,SOURCE,7.0
51033,MTN,8,23:11:00,23:11:00,1,SOURCE,8.0
51033,SIN,9,23:14:00,23:14:00,1,SOURCE,9.0
51033,CLA,10,23:16:00,23:16:00,1,SOURCE,10.0
51033,VVH,11,23:18:00,23:18:00,1,SOURCE,11.0
51033,GC,12,23:20:00,23:20:00,1,SOURCE,12.0
51033,VK,13,23:23:00,23:23:00,1,SOURCE,13.0
51033,BND,14,23:26:00,23:26:00,1,SOURCE,14.0
51033,NHU,15,23:28:00,23:28:00,1,SOURCE,15.0
51033,MLND,16,23:30:00,23:30:00,1,SOURCE,16.0
51033,TNA,17,23:33:00,23:35:00,1,SOURCE,17.0
51033,KLVA,18,23:37:00,23:37:00,1,SOURCE,18.0
51033,MBQ,19,23:40:00,23:40:00,1,SOURCE,19.0
51033,DIVA,20,23:42:00,23:42:00,1,SOURCE,20.0
51033,KOPR,21,23:45:00,23:45:00,1,SOURCE,21.0
51033,DI,22,23:46:00,23:46:00,1,SOURCE,22.0
51033,THK,23,23:47:00,23:47:00,1,SOURCE,23.0
51033,KYN,24,23:50:00,23:55:00,1,SOURCE,24.0
51033,VLDI,25,00:03:00,00:03:00,2,SOURCE,1.0
51033,ULNR,26,00:08:00,00:10:00,2,SOURCE,2.0
51033,ABH,27,00:16:00,00:18:00,2,SOURCE,3.0
51033,BUD,28,00:24:00,00:26:00,2,SOURCE,4.0
51033,VGI,29,00:35:00,00:35:00,2,SOURCE,5.0
51033,SHLU,30,00:38:00,00:38:00,2,SOURCE,6.0
51033,NRL,31,00:42:00,00:42:00,2,SOURCE,7.0
51033,BVS,32,00:48:00,00:48:00,2,SOURCE,8.0
51033,KJT,33,00:53:00,00:55:00,2,SOURCE,9.0
51033,PDI,34,01:00:00,01:00:00,2,SOURCE,10.0
51033,KAD,35,01:38:00,01:40:00,2,SOURCE,11.0
51033,LNL,36,01:53:00,01:55:00,2,SOURCE,12.0
51033,MVL,37,02:02:00,02:02:00,2,SOURCE,13.0
51033,KMST,38,02:11:00,02:13:00,2,SOURCE,14.0
51033,KNHE,39,02:16:00,02:16:00,2,SOURCE,15.0
51033,VDN,40,02:20:00,02:20:00,2,SOURCE,16.0
51033,TGN,41,02:23:00,02:25:00,2,SOURCE,17.0
51033,GRWD,42,02:29:00,02:29:00,2,SOURCE,18.0
51033,DEHR,43,02:38:00,02:40:00,2,SOURCE,19.0
51033,AKRD,44,02:51:00,02:51:00,2,SOURCE,20.0
51033,CCH,45,02:58:00,03:00:00,2,SOURCE,21.0
51033,PMP,46,03:03:00,03:05:00,2,SOURCE,22.0
51033,KSWD,47,03:10:00,03:10:00,2,SOURCE,23.0
51033,DAPD,48,03:18:00,03:18:00,2,SOURCE,24.0
51033,KK,49,03:23:00,03:25:00,2,SOURCE,25.0
51033,SVJR,50,03:28:00,03:30:00,2,SOURCE,26.0
51033,PUNE,51,04:10:00,04:25:00,2,SOURCE,27.0
51034,PUNE,1,22:55:00,23:05:00,1,DIRECTION_NORMALIZED,9.0
51034,SVJR,2,23:12:00,23:14:00,1,DIRECTION_NORMALIZED,8.0
51034,KK,3,23:18:00,23:20:00,1,DIRECTION_NORMALIZED,7.0
51034,DAPD,4,23:23:00,23:25:00,1,DIRECTION_NORMALIZED,6.0
51034,KSWD,5,23:28:00,23:28:00,1,DIRECTION_NORMALIZED,5.0
51034,PMP,6,23:30:00,23:32:00,1,DIRECTION_NORMALIZED,4.0
51034,CCH,7,23:38:00,23:40:00,1,DIRECTION_NORMALIZED,3.0
51034,AKRD,8,23:43:00,23:45:00,1,DIRECTION_NORMALIZED,2.0
51034,DEHR,9,23:53:00,23:55:00,1,DIRECTION_NORMALIZED,1.0
51034,GRWD,10,00:10:00,00:10:00,2,DIRECTION_NORMALIZED,42.0
51034,TGN,11,00:18:00,00:20:00,2,DIRECTION_NORMALIZED,41.0
51034,VDN,12,00:23:00,00:25:00,2,DIRECTION_NORMALIZED,40.0
51034,KNHE,13,00:27:00,00:27:00,2,DIRECTION_NORMALIZED,39.0
51034,KMST,14,00:29:00,00:31:00,2,DIRECTION_NORMALIZED,38.0
51034,MVL,15,00:54:00,00:54:00,2,DIRECTION_NORMALIZED,37.0
51034,LNL,16,01:13:00,01:15:00,2,DIRECTION_NORMALIZED,36.0
51034,KAD,17,01:18:00,01:20:00,2,DIRECTION_NORMALIZED,35.0
51034,PDI,18,01:49:00,01:49:00,2,DIRECTION_NORMALIZED,34.0
51034,KJT,19,01:53:00,01:55:00,2,DIRECTION_NORMALIZED,33.0
51034,BVS,20,02:02:00,02:02:00,2,DIRECTION_NORMALIZED,32.0
51034,NRL,21,02:09:00,02:09:00,2,DIRECTION_NORMALIZED,31.0
51034,SHLU,22,02:13:00,02:13:00,2,DIRECTION_NORMALIZED,30.0
51034,VGI,23,02:17:00,02:17:00,2,DIRECTION_NORMALIZED,29.0
51034,BUD,24,02:28:00,02:30:00,2,DIRECTION_NORMALIZED,28.0
51034,ABH,25,02:38:00,02:40:00,2,DIRECTION_NORMALIZED,27.0
51034,ULNR,26,02:43:00,02:45:00,2,DIRECTION_NORMALIZED,26.0
51034,VLDI,27,02:50:00,02:50:00,2,DIRECTION_NORMALIZED,25.0
51034,KYN,28,02:55:00,03:00:00,2,DIRECTION_NORMALIZED,24.0
51034,THK,29,03:03:00,03:03:00,2,DIRECTION_NORMALIZED,23.0
51034,DI,30,03:04:00,03:04:00,2,DIRECTION_NORMALIZED,22.0
51034,KOPR,31,03:06:00,03:06:00,2,DIRECTION_NORMALIZED,21.0
51034,DIVA,32,03:10:00,03:10:00,2,DIRECTION_NORMALIZED,20.0
51034,MBQ,33,03:12:00,03:12:00,2,DIRECTION_NORMALIZED,19.0
51034,KLVA,34,03:16:00,03:16:00,2,DIRECTION_NORMALIZED,18.0
51034,TNA,35,03:18:00,03:20:00,2,DIRECTION_NORMALIZED,17.0
51034,MLND,36,03:23:00,03:23:00,2,DIRECTION_NORMALIZED,16.0
51034,NHU,37,03:26:00,03:26:00,2,DIRECTION_NORMALIZED,15.0
51034,BND,38,03:27:00,03:27:00,2,DIRECTION_NORMALIZED,14.0
51034,VK,39,03:32:00,03:32:00,2,DIRECTION_NORMALIZED,13.0
51034,GC,40,03:36:00,03:36:00,2,DIRECTION_NORMALIZED,12.0
51034,VVH,41,03:38:00,03:38:00,2,DIRECTION_NORMALIZED,11.0
51034,CLA,42,03:41:00,03:41:00,2,DIRECTION_NORMALIZED,10.0
51034,SIN,43,03:44:00,03:44:00,2,DIRECTION_NORMALIZED,9.0
51034,MTN,44,03:47:00,03:47:00,2,DIRECTION_NORMALIZED,8.0
51034,DR,45,03:48:00,03:50:00,2,DIRECTION_NORMALIZED,7.0
51034,PR,46,03:52:00,03:52:00,2,DIRECTION_NORMALIZED,6.0
51034,CRD,47,03:56:00,03:56:00,2,DIRECTION_NORMALIZED,5.0
51034,BY,48,04:01:00,04:01:00,2,DIRECTION_NORMALIZED,4.0
51034,SNRD,49,04:05:00,04:05:00,2,DIRECTION_NORMALIZED,3.0
51034,MSD,50,04:07:00,04:07:00,2,DIRECTION_NORMALIZED,2.0
51034,CSMT,51,04:10:00,04:10:00,2,DIRECTION_NORMALIZED,1.0
