movement_id,source_movement_id,train_number,day,movement_sequence,from_station,to_station,entry_time,exit_time,occupancy_duration_mins,direction,train_id,section_id,record_quality
29,29,6501,2.0,1,PUNE,SVJR,04:55:00,05:17:00,22.0,REVERSE,1,52,SOURCE
28,28,6501,2.0,2,SVJR,KK,05:17:00,05:20:00,3.0,REVERSE,1,51,SOURCE
27,27,6501,2.0,3,KK,DAPD,05:20:00,05:22:00,2.0,REVERSE,1,50,SOURCE
26,26,6501,2.0,4,DAPD,KSWD,05:22:00,05:25:00,3.0,REVERSE,1,49,SOURCE
25,25,6501,2.0,5,KSWD,PMP,05:25:00,05:27:00,2.0,REVERSE,1,48,SOURCE
24,24,6501,2.0,6,PMP,CCH,05:27:00,05:29:00,2.0,REVERSE,1,47,SOURCE
23,23,6501,2.0,7,CCH,AKRD,05:29:00,05:32:00,3.0,REVERSE,1,46,SOURCE
22,22,6501,2.0,8,AKRD,DEHR,05:32:00,05:36:00,4.0,REVERSE,1,45,SOURCE
21,21,6501,2.0,9,GRWD,TGN,05:41:00,05:44:00,3.0,REVERSE,1,42,SOURCE
20,20,6501,2.0,10,TGN,VDN,05:44:00,05:47:00,3.0,REVERSE,1,41,SOURCE
19,19,6501,2.0,11,VDN,KNHE,05:47:00,05:52:00,5.0,REVERSE,1,40,SOURCE
18,18,6501,2.0,12,KNHE,KMST,05:52:00,05:56:00,4.0,REVERSE,1,39,SOURCE
17,17,6501,2.0,13,KMST,MVL,05:56:00,06:03:00,7.0,REVERSE,1,38,SOURCE
16,16,6501,2.0,14,MVL,LNL,06:03:00,06:12:00,9.0,REVERSE,1,37,SOURCE
15,15,6501,2.0,15,LNL,KAD,06:09:00,06:17:00,8.0,REVERSE,1,36,SOURCE
14,14,6501,2.0,16,KAD,PDI,06:17:00,06:44:00,27.0,REVERSE,1,35,SOURCE
13,13,6501,2.0,17,PDI,KJT,06:44:00,06:48:00,4.0,REVERSE,1,34,SOURCE
12,12,6501,2.0,18,KJT,BVS,06:48:00,06:57:00,9.0,REVERSE,1,33,SOURCE
11,11,6501,2.0,19,BVS,NRL,06:57:00,07:05:00,8.0,REVERSE,1,32,SOURCE
10,10,6501,2.0,20,NRL,SHLU,07:05:00,07:11:00,6.0,REVERSE,1,31,SOURCE
9,9,6501,2.0,21,SHLU,VGI,07:11:00,07:16:00,5.0,REVERSE,1,30,SOURCE
8,8,6501,2.0,22,VGI,BUD,07:16:00,07:30:00,14.0,REVERSE,1,29,SOURCE
7,7,6501,2.0,23,BUD,ABH,07:30:00,07:40:00,10.0,REVERSE,1,28,SOURCE
6,6,6501,2.0,24,ABH,ULNR,07:40:00,07:43:00,3.0,REVERSE,1,27,SOURCE
5,5,6501,2.0,25,ULNR,VLDI,07:43:00,07:45:00,2.0,REVERSE,1,26,SOURCE
4,4,6501,2.0,26,VLDI,KYN,07:45:00,07:50:00,5.0,REVERSE,1,25,SOURCE
3,3,6501,2.0,27,KYN,THK,07:47:00,07:55:00,8.0,REVERSE,1,24,SOURCE
2,2,6501,2.0,28,THK,DI,07:55:00,07:57:00,2.0,REVERSE,1,23,SOURCE
1,1,6501,2.0,29,DI,KOPR,07:57:00,08:04:00,7.0,REVERSE,1,22,SOURCE
30,30,6502,2.0,1,KOPR,DI,04:31:00,04:35:00,4.0,FORWARD,2,22,SOURCE
31,31,6502,2.0,2,DI,THK,04:35:00,04:36:00,1.0,FORWARD,2,23,SOURCE
32,32,6502,2.0,3,THK,KYN,04:36:00,04:45:00,9.0,FORWARD,2,24,SOURCE
33,33,6502,2.0,4,KYN,VLDI,04:50:00,04:52:00,2.0,FORWARD,2,25,SOURCE
34,34,6502,2.0,5,VLDI,ULNR,04:52:00,04:54:00,2.0,FORWARD,2,26,SOURCE
35,35,6502,2.0,6,ULNR,ABH,04:54:00,04:57:00,3.0,FORWARD,2,27,SOURCE
36,36,6502,2.0,7,ABH,BUD,04:57:00,05:05:00,8.0,FORWARD,2,28,SOURCE
37,37,6502,2.0,8,BUD,VGI,05:05:00,05:16:00,11.0,FORWARD,2,29,SOURCE
38,38,6502,2.0,9,VGI,SHLU,05:16:00,05:20:00,4.0,FORWARD,2,30,SOURCE
39,39,6502,2.0,10,SHLU,NRL,05:20:00,05:24:00,4.0,FORWARD,2,31,SOURCE
40,40,6502,2.0,11,NRL,BVS,05:24:00,05:31:00,7.0,FORWARD,2,32,SOURCE
41,41,6502,2.0,12,BVS,KJT,05:31:00,05:39:00,8.0,FORWARD,2,33,SOURCE
42,42,6502,2.0,13,KJT,PDI,05:39:00,05:42:00,3.0,FORWARD,2,34,SOURCE
43,43,6502,2.0,14,PDI,KAD,05:42:00,06:03:00,21.0,FORWARD,2,35,SOURCE
44,44,6502,2.0,15,KAD,LNL,06:03:00,06:07:00,4.0,FORWARD,2,36,SOURCE
45,45,6502,2.0,16,LNL,MVL,06:10:00,06:18:00,8.0,FORWARD,2,37,SOURCE
46,46,6502,2.0,17,MVL,KMST,06:18:00,06:28:00,10.0,FORWARD,2,38,SOURCE
47,47,6502,2.0,18,KMST,KNHE,06:28:00,06:33:00,5.0,FORWARD,2,39,SOURCE
48,48,6502,2.0,19,KNHE,VDN,06:33:00,06:38:00,5.0,FORWARD,2,40,SOURCE
49,49,6502,2.0,20,VDN,TGN,06:38:00,06:43:00,5.0,FORWARD,2,41,SOURCE
50,50,6502,2.0,21,TGN,GRWD,06:43:00,06:46:00,3.0,FORWARD,2,42,SOURCE
51,51,6502,2.0,22,DEHR,AKRD,06:53:00,06:59:00,6.0,FORWARD,2,45,SOURCE
52,52,6502,2.0,23,AKRD,CCH,06:59:00,07:02:00,3.0,FORWARD,2,46,SOURCE
53,53,6502,2.0,24,CCH,PMP,07:02:00,07:05:00,3.0,FORWARD,2,47,SOURCE
54,54,6502,2.0,25,PMP,KSWD,07:05:00,07:07:00,2.0,FORWARD,2,48,SOURCE
55,55,6502,2.0,26,KSWD,DAPD,07:07:00,07:11:00,4.0,FORWARD,2,49,SOURCE
56,56,6502,2.0,27,DAPD,KK,07:11:00,07:14:00,3.0,FORWARD,2,50,SOURCE
57,57,6502,2.0,28,KK,SVJR,07:14:00,07:18:00,4.0,FORWARD,2,51,SOURCE
58,58,6502,2.0,29,SVJR,PUNE,07:18:00,07:20:00,2.0,FORWARD,2,52,SOURCE
59,59,9221,2.0,1,KOPR,DI,19:16:00,19:23:00,7.0,FORWARD,3,22,SOURCE
60,60,9221,2.0,2,DI,THK,19:23:00,19:25:00,2.0,FORWARD,3,23,SOURCE
61,61,9221,2.0,3,THK,KYN,19:25:00,19:40:00,15.0,FORWARD,3,24,SOURCE
62,62,9221,2.0,4,KYN,VLDI,19:50:00,19:53:00,3.0,FORWARD,3,25,SOURCE
63,63,9221,2.0,5,VLDI,ULNR,19:53:00,19:55:00,2.0,FORWARD,3,26,SOURCE
64,64,9221,2.0,6,ULNR,ABH,19:55:00,19:58:00,3.0,FORWARD,3,27,SOURCE
65,65,9221,2.0,7,ABH,BUD,19:58:00,20:07:00,9.0,FORWARD,3,28,SOURCE
66,66,9221,2.0,8,BUD,VGI,20:07:00,20:20:00,13.0,FORWARD,3,29,SOURCE
67,67,9221,2.0,9,VGI,SHLU,20:20:00,20:25:00,5.0,FORWARD,3,30,SOURCE
68,68,9221,2.0,10,SHLU,NRL,20:25:00,20:30:00,5.0,FORWARD,3,31,SOURCE
69,69,9221,2.0,11,NRL,BVS,20:30:00,20:37:00,7.0,FORWARD,3,32,SOURCE
70,70,9221,2.0,12,BVS,KJT,20:37:00,20:46:00,9.0,FORWARD,3,33,SOURCE
71,71,9221,2.0,13,KJT,PDI,20:46:00,20:49:00,3.0,FORWARD,3,34,SOURCE
72,72,9221,2.0,14,PDI,KAD,20:49:00,21:14:00,25.0,FORWARD,3,35,SOURCE
73,73,9221,2.0,15,KAD,LNL,21:14:00,21:18:00,4.0,FORWARD,3,36,SOURCE
74,74,9221,2.0,16,LNL,MVL,21:20:00,21:27:00,7.0,FORWARD,3,37,SOURCE
75,75,9221,2.0,17,MVL,KMST,21:27:00,21:36:00,9.0,FORWARD,3,38,SOURCE
76,76,9221,2.0,18,KMST,KNHE,21:36:00,21:41:00,5.0,FORWARD,3,39,SOURCE
77,77,9221,2.0,19,KNHE,VDN,21:41:00,21:46:00,5.0,FORWARD,3,40,SOURCE
78,78,9221,2.0,20,VDN,TGN,21:46:00,21:50:00,4.0,FORWARD,3,41,SOURCE
79,79,9221,2.0,21,TGN,GRWD,21:50:00,21:53:00,3.0,FORWARD,3,42,SOURCE
80,80,9221,2.0,22,DEHR,AKRD,22:00:00,22:05:00,5.0,FORWARD,3,45,SOURCE
81,81,9221,2.0,23,AKRD,CCH,22:05:00,22:08:00,3.0,FORWARD,3,46,SOURCE
82,82,9221,2.0,24,CCH,PMP,22:08:00,22:10:00,2.0,FORWARD,3,47,SOURCE
83,83,9221,2.0,25,PMP,KSWD,22:10:00,22:13:00,3.0,FORWARD,3,48,SOURCE
84,84,9221,2.0,26,KSWD,DAPD,22:13:00,22:16:00,3.0,FORWARD,3,49,SOURCE
85,85,9221,2.0,27,DAPD,KK,22:16:00,22:18:00,2.0,FORWARD,3,50,SOURCE
86,86,9221,2.0,28,KK,SVJR,22:18:00,22:22:00,4.0,FORWARD,3,51,SOURCE
87,87,9221,2.0,29,SVJR,PUNE,22:22:00,22:25:00,3.0,FORWARD,3,52,SOURCE
116,116,9222,2.0,1,PUNE,SVJR,02:00:00,02:08:00,8.0,REVERSE,4,52,SOURCE
115,115,9222,2.0,2,SVJR,KK,02:08:00,02:11:00,3.0,REVERSE,4,51,SOURCE
114,114,9222,2.0,3,KK,DAPD,02:11:00,02:14:00,3.0,REVERSE,4,50,SOURCE
113,113,9222,2.0,4,DAPD,KSWD,02:14:00,02:18:00,4.0,REVERSE,4,49,SOURCE
112,112,9222,2.0,5,KSWD,PMP,02:18:00,02:20:00,2.0,REVERSE,4,48,SOURCE
111,111,9222,2.0,6,PMP,CCH,02:20:00,02:22:00,2.0,REVERSE,4,47,SOURCE
110,110,9222,2.0,7,CCH,AKRD,02:22:00,02:26:00,4.0,REVERSE,4,46,SOURCE
109,109,9222,2.0,8,AKRD,DEHR,02:26:00,02:31:00,5.0,REVERSE,4,45,SOURCE
108,108,9222,2.0,9,GRWD,TGN,02:38:00,02:41:00,3.0,REVERSE,4,42,SOURCE
107,107,9222,2.0,10,TGN,VDN,02:41:00,02:45:00,4.0,REVERSE,4,41,SOURCE
106,106,9222,2.0,11,VDN,KNHE,02:45:00,02:51:00,6.0,REVERSE,4,40,SOURCE
105,105,9222,2.0,12,KNHE,KMST,02:51:00,02:56:00,5.0,REVERSE,4,39,SOURCE
104,104,9222,2.0,13,KMST,MVL,02:56:00,03:05:00,9.0,REVERSE,4,38,SOURCE
103,103,9222,2.0,14,MVL,LNL,03:05:00,03:15:00,10.0,REVERSE,4,37,SOURCE
102,102,9222,2.0,15,LNL,KAD,03:13:00,03:20:00,7.0,REVERSE,4,36,SOURCE
101,101,9222,2.0,16,KAD,PDI,03:20:00,03:45:00,25.0,REVERSE,4,35,SOURCE
100,100,9222,2.0,17,PDI,KJT,03:45:00,03:48:00,3.0,REVERSE,4,34,SOURCE
99,99,9222,2.0,18,KJT,BVS,03:48:00,03:57:00,9.0,REVERSE,4,33,SOURCE
98,98,9222,2.0,19,BVS,NRL,03:57:00,04:05:00,8.0,REVERSE,4,32,SOURCE
97,97,9222,2.0,20,NRL,SHLU,04:05:00,04:10:00,5.0,REVERSE,4,31,SOURCE
96,96,9222,2.0,21,SHLU,VGI,04:10:00,04:15:00,5.0,REVERSE,4,30,SOURCE
95,95,9222,2.0,22,VGI,BUD,04:15:00,04:28:00,13.0,REVERSE,4,29,SOURCE
94,94,9222,2.0,23,BUD,ABH,04:28:00,04:37:00,9.0,REVERSE,4,28,SOURCE
93,93,9222,2.0,24,ABH,ULNR,04:37:00,04:40:00,3.0,REVERSE,4,27,SOURCE
92,92,9222,2.0,25,ULNR,VLDI,04:40:00,04:43:00,3.0,REVERSE,4,26,SOURCE
91,91,9222,2.0,26,VLDI,KYN,04:43:00,04:50:00,7.0,REVERSE,4,25,SOURCE
90,90,9222,2.0,27,KYN,THK,04:45:00,04:56:00,11.0,REVERSE,4,24,SOURCE
89,89,9222,2.0,28,THK,DI,04:56:00,04:59:00,3.0,REVERSE,4,23,SOURCE
88,88,9222,2.0,29,DI,KOPR,04:59:00,05:08:00,9.0,REVERSE,4,22,SOURCE
117,117,9405,2.0,1,KOPR,DI,04:31:00,04:38:00,7.0,FORWARD,5,22,SOURCE
118,118,9405,2.0,2,DI,THK,04:38:00,04:40:00,2.0,FORWARD,5,23,SOURCE
119,119,9405,2.0,3,THK,KYN,04:40:00,04:45:00,5.0,FORWARD,5,24,SOURCE
120,120,9405,2.0,4,KYN,VLDI,04:50:00,04:53:00,3.0,FORWARD,5,25,SOURCE
121,121,9405,2.0,5,VLDI,ULNR,04:53:00,04:55:00,2.0,FORWARD,5,26,SOURCE
122,122,9405,2.0,6,ULNR,ABH,04:55:00,04:57:00,2.0,FORWARD,5,27,SOURCE
123,123,9405,2.0,7,ABH,BUD,04:57:00,05:06:00,9.0,FORWARD,5,28,SOURCE
124,124,9405,2.0,8,BUD,VGI,05:06:00,05:17:00,11.0,FORWARD,5,29,SOURCE
125,125,9405,2.0,9,VGI,SHLU,05:17:00,05:22:00,5.0,FORWARD,5,30,SOURCE
126,126,9405,2.0,10,SHLU,NRL,05:22:00,05:26:00,4.0,FORWARD,5,31,SOURCE
127,127,9405,2.0,11,NRL,BVS,05:26:00,05:33:00,7.0,FORWARD,5,32,SOURCE
128,128,9405,2.0,12,BVS,KJT,05:33:00,05:41:00,8.0,FORWARD,5,33,SOURCE
129,129,9405,2.0,13,KJT,PDI,05:41:00,05:44:00,3.0,FORWARD,5,34,SOURCE
130,130,9405,2.0,14,PDI,KAD,05:44:00,06:07:00,23.0,FORWARD,5,35,SOURCE
131,131,9405,2.0,15,KAD,LNL,06:07:00,06:11:00,4.0,FORWARD,5,36,SOURCE
132,132,9405,2.0,16,LNL,MVL,06:11:00,06:19:00,8.0,FORWARD,5,37,SOURCE
133,133,9405,2.0,17,MVL,KMST,06:19:00,06:28:00,9.0,FORWARD,5,38,SOURCE
134,134,9405,2.0,18,KMST,KNHE,06:28:00,06:33:00,5.0,FORWARD,5,39,SOURCE
135,135,9405,2.0,19,KNHE,VDN,06:33:00,06:39:00,6.0,FORWARD,5,40,SOURCE
136,136,9405,2.0,20,VDN,TGN,06:39:00,06:43:00,4.0,FORWARD,5,41,SOURCE
137,137,9405,2.0,21,TGN,GRWD,06:43:00,06:46:00,3.0,FORWARD,5,42,SOURCE
138,138,9405,2.0,22,DEHR,AKRD,06:53:00,06:59:00,6.0,FORWARD,5,45,SOURCE
139,139,9405,2.0,23,AKRD,CCH,06:59:00,07:02:00,3.0,FORWARD,5,46,SOURCE
140,140,9405,2.0,24,CCH,PMP,07:02:00,07:05:00,3.0,FORWARD,5,47,SOURCE
141,141,9405,2.0,25,PMP,KSWD,07:05:00,07:07:00,2.0,FORWARD,5,48,SOURCE
142,142,9405,2.0,26,KSWD,DAPD,07:07:00,07:11:00,4.0,FORWARD,5,49,SOURCE
143,143,9405,2.0,27,DAPD,KK,07:11:00,07:13:00,2.0,FORWARD,5,50,SOURCE
144,144,9405,2.0,28,KK,SVJR,07:13:00,07:17:00,4.0,FORWARD,5,51,SOURCE
145,145,9405,2.0,29,SVJR,PUNE,07:17:00,07:20:00,3.0,FORWARD,5,52,SOURCE
174,174,9406,2.0,1,PUNE,SVJR,03:40:00,04:03:00,23.0,REVERSE,6,52,SOURCE
173,173,9406,2.0,2,SVJR,KK,04:03:00,04:07:00,4.0,REVERSE,6,51,SOURCE
172,172,9406,2.0,3,KK,DAPD,04:07:00,04:10:00,3.0,REVERSE,6,50,SOURCE
171,171,9406,2.0,4,DAPD,KSWD,04:10:00,04:14:00,4.0,REVERSE,6,49,SOURCE
170,170,9406,2.0,5,KSWD,PMP,04:14:00,04:17:00,3.0,REVERSE,6,48,SOURCE
169,169,9406,2.0,6,PMP,CCH,04:17:00,04:20:00,3.0,REVERSE,6,47,SOURCE
168,168,9406,2.0,7,CCH,AKRD,04:20:00,04:24:00,4.0,REVERSE,6,46,SOURCE
167,167,9406,2.0,8,AKRD,DEHR,04:24:00,04:30:00,6.0,REVERSE,6,45,SOURCE
166,166,9406,2.0,9,GRWD,TGN,04:38:00,04:41:00,3.0,REVERSE,6,42,SOURCE
165,165,9406,2.0,10,TGN,VDN,04:41:00,04:46:00,5.0,REVERSE,6,41,SOURCE
164,164,9406,2.0,11,VDN,KNHE,04:46:00,04:52:00,6.0,REVERSE,6,40,SOURCE
163,163,9406,2.0,12,KNHE,KMST,04:52:00,04:58:00,6.0,REVERSE,6,39,SOURCE
162,162,9406,2.0,13,KMST,MVL,04:58:00,05:08:00,10.0,REVERSE,6,38,SOURCE
161,161,9406,2.0,14,MVL,LNL,05:08:00,05:17:00,9.0,REVERSE,6,37,SOURCE
160,160,9406,2.0,15,LNL,KAD,05:17:00,05:21:00,4.0,REVERSE,6,36,SOURCE
159,159,9406,2.0,16,KAD,PDI,05:21:00,05:47:00,26.0,REVERSE,6,35,SOURCE
158,158,9406,2.0,17,PDI,KJT,05:47:00,05:50:00,3.0,REVERSE,6,34,SOURCE
157,157,9406,2.0,18,KJT,BVS,05:50:00,05:58:00,8.0,REVERSE,6,33,SOURCE
156,156,9406,2.0,19,BVS,NRL,05:58:00,06:07:00,9.0,REVERSE,6,32,SOURCE
155,155,9406,2.0,20,NRL,SHLU,06:07:00,06:12:00,5.0,REVERSE,6,31,SOURCE
154,154,9406,2.0,21,SHLU,VGI,06:12:00,06:16:00,4.0,REVERSE,6,30,SOURCE
153,153,9406,2.0,22,VGI,BUD,06:16:00,06:29:00,13.0,REVERSE,6,29,SOURCE
152,152,9406,2.0,23,BUD,ABH,06:29:00,06:39:00,10.0,REVERSE,6,28,SOURCE
151,151,9406,2.0,24,ABH,ULNR,06:39:00,06:42:00,3.0,REVERSE,6,27,SOURCE
150,150,9406,2.0,25,ULNR,VLDI,06:42:00,06:44:00,2.0,REVERSE,6,26,SOURCE
149,149,9406,2.0,26,VLDI,KYN,06:44:00,06:50:00,6.0,REVERSE,6,25,SOURCE
148,148,9406,2.0,27,KYN,THK,06:48:00,06:51:00,3.0,REVERSE,6,24,SOURCE
147,147,9406,2.0,28,THK,DI,06:51:00,06:52:00,1.0,REVERSE,6,23,SOURCE
146,146,9406,2.0,29,DI,KOPR,06:52:00,06:54:00,2.0,REVERSE,6,22,SOURCE
175,175,11007,1.0,1,CSMT,MSD,07:10:00,07:11:00,1.0,FORWARD,7,1,SOURCE
176,176,11007,1.0,2,MSD,SNRD,07:11:00,07:13:00,2.0,FORWARD,7,2,SOURCE
177,177,11007,1.0,3,SNRD,BY,07:13:00,07:16:00,3.0,FORWARD,7,3,SOURCE
178,178,11007,1.0,4,CRD,PR,07:18:00,07:21:00,3.0,FORWARD,7,6,SOURCE
179,179,11007,1.0,5,PR,DR,07:21:00,07:23:00,2.0,FORWARD,7,7,SOURCE
180,180,11007,1.0,6,DR,MTN,07:25:00,07:26:00,1.0,FORWARD,7,8,SOURCE
181,181,11007,1.0,7,MTN,SIN,07:26:00,07:29:00,3.0,FORWARD,7,9,SOURCE
182,182,11007,1.0,8,SIN,CLA,07:29:00,07:31:00,2.0,FORWARD,7,10,SOURCE
183,183,11007,1.0,9,CLA,VVH,07:31:00,07:33:00,2.0,FORWARD,7,11,SOURCE
184,184,11007,1.0,10,VVH,GC,07:33:00,07:35:00,2.0,FORWARD,7,12,SOURCE
185,185,11007,1.0,11,GC,VK,07:35:00,07:38:00,3.0,FORWARD,7,13,SOURCE
186,186,11007,1.0,12,BND,NHU,07:42:00,07:43:00,1.0,FORWARD,7,15,SOURCE
187,187,11007,1.0,13,NHU,MLND,07:43:00,07:45:00,2.0,FORWARD,7,16,SOURCE
188,188,11007,1.0,14,MLND,TNA,07:45:00,07:48:00,3.0,FORWARD,7,17,SOURCE
189,189,11007,1.0,15,TNA,KLVA,07:50:00,07:52:00,2.0,FORWARD,7,18,SOURCE
190,190,11007,1.0,16,KLVA,MBQ,07:52:00,07:56:00,4.0,FORWARD,7,19,SOURCE
191,191,11007,1.0,17,MBQ,DIVA,07:56:00,07:59:00,3.0,FORWARD,7,20,SOURCE
192,192,11007,1.0,18,DIVA,KOPR,07:59:00,08:03:00,4.0,FORWARD,7,21,SOURCE
193,193,11007,1.0,19,KOPR,DI,08:03:00,08:04:00,1.0,FORWARD,7,22,SOURCE
194,194,11007,1.0,20,DI,THK,08:04:00,08:05:00,1.0,FORWARD,7,23,SOURCE
195,195,11007,1.0,21,THK,KYN,08:05:00,08:08:00,3.0,FORWARD,7,24,SOURCE
196,196,11007,1.0,22,KYN,VLDI,08:10:00,08:12:00,2.0,FORWARD,7,25,SOURCE
197,197,11007,1.0,23,VLDI,ULNR,08:12:00,08:14:00,2.0,FORWARD,7,26,SOURCE
198,198,11007,1.0,24,ULNR,ABH,08:14:00,08:16:00,2.0,FORWARD,7,27,SOURCE
199,199,11007,1.0,25,ABH,BUD,08:16:00,08:22:00,6.0,FORWARD,7,28,SOURCE
200,200,11007,1.0,26,BUD,VGI,08:22:00,08:32:00,10.0,FORWARD,7,29,SOURCE
201,201,11007,1.0,27,VGI,SHLU,08:32:00,08:35:00,3.0,FORWARD,7,30,SOURCE
202,202,11007,1.0,28,SHLU,NRL,08:35:00,08:38:00,3.0,FORWARD,7,31,SOURCE
203,203,11007,1.0,29,NRL,BVS,08:40:00,08:49:00,9.0,FORWARD,7,32,SOURCE
204,204,11007,1.0,30,BVS,KJT,08:49:00,08:58:00,9.0,FORWARD,7,33,SOURCE
205,205,11007,1.0,31,KJT,PDI,09:00:00,09:05:00,5.0,FORWARD,7,34,SOURCE
206,206,11007,1.0,32,PDI,KAD,09:05:00,09:40:00,35.0,FORWARD,7,35,SOURCE
207,207,11007,1.0,33,KAD,LNL,09:42:00,09:48:00,6.0,FORWARD,7,36,SOURCE
208,208,11007,1.0,34,LNL,MVL,09:50:00,09:56:00,6.0,FORWARD,7,37,SOURCE
209,209,11007,1.0,35,MVL,KMST,09:56:00,10:02:00,6.0,FORWARD,7,38,SOURCE
210,210,11007,1.0,36,KMST,KNHE,10:02:00,10:06:00,4.0,FORWARD,7,39,SOURCE
211,211,11007,1.0,37,KNHE,VDN,10:06:00,10:10:00,4.0,FORWARD,7,40,SOURCE
212,212,11007,1.0,38,VDN,TGN,10:10:00,10:13:00,3.0,FORWARD,7,41,SOURCE
213,213,11007,1.0,39,TGN,GRWD,10:15:00,10:18:00,3.0,FORWARD,7,42,SOURCE
214,214,11007,1.0,40,DEHR,AKRD,10:24:00,10:29:00,5.0,FORWARD,7,45,SOURCE
215,215,11007,1.0,41,AKRD,CCH,10:29:00,10:32:00,3.0,FORWARD,7,46,SOURCE
216,216,11007,1.0,42,CCH,PMP,10:32:00,10:34:00,2.0,FORWARD,7,47,SOURCE
217,217,11007,1.0,43,PMP,KSWD,10:34:00,10:36:00,2.0,FORWARD,7,48,SOURCE
218,218,11007,1.0,44,KSWD,DAPD,10:36:00,10:39:00,3.0,FORWARD,7,49,SOURCE
219,219,11007,1.0,45,DAPD,KK,10:39:00,10:41:00,2.0,FORWARD,7,50,SOURCE
220,220,11007,1.0,46,KK,SVJR,10:43:00,10:48:00,5.0,FORWARD,7,51,SOURCE
221,221,11007,1.0,47,SVJR,PUNE,10:50:00,11:10:00,20.0,FORWARD,7,52,SOURCE
268,268,11008,1.0,1,PUNE,SVJR,15:30:00,15:38:00,8.0,REVERSE,8,52,SOURCE
267,267,11008,1.0,2,SVJR,KK,15:35:00,15:45:00,10.0,REVERSE,8,51,SOURCE
266,266,11008,1.0,3,KK,DAPD,15:42:00,15:47:00,5.0,REVERSE,8,50,SOURCE
265,265,11008,1.0,4,DAPD,KSWD,15:47:00,15:49:00,2.0,REVERSE,8,49,SOURCE
264,264,11008,1.0,5,KSWD,PMP,15:49:00,15:51:00,2.0,REVERSE,8,48,SOURCE
263,263,11008,1.0,6,PMP,CCH,15:51:00,15:53:00,2.0,REVERSE,8,47,SOURCE
262,262,11008,1.0,7,CCH,AKRD,15:53:00,15:55:00,2.0,REVERSE,8,46,SOURCE
261,261,11008,1.0,8,AKRD,DEHR,15:55:00,15:59:00,4.0,REVERSE,8,45,SOURCE
260,260,11008,1.0,9,GRWD,TGN,16:04:00,16:08:00,4.0,REVERSE,8,42,SOURCE
259,259,11008,1.0,10,TGN,VDN,16:06:00,16:11:00,5.0,REVERSE,8,41,SOURCE
258,258,11008,1.0,11,VDN,KNHE,16:11:00,16:16:00,5.0,REVERSE,8,40,SOURCE
257,257,11008,1.0,12,KNHE,KMST,16:16:00,16:20:00,4.0,REVERSE,8,39,SOURCE
256,256,11008,1.0,13,KMST,MVL,16:20:00,16:27:00,7.0,REVERSE,8,38,SOURCE
255,255,11008,1.0,14,MVL,LNL,16:27:00,16:35:00,8.0,REVERSE,8,37,SOURCE
254,254,11008,1.0,15,LNL,KAD,16:33:00,16:45:00,12.0,REVERSE,8,36,SOURCE
253,253,11008,1.0,16,KAD,PDI,16:43:00,17:22:00,39.0,REVERSE,8,35,SOURCE
252,252,11008,1.0,17,PDI,KJT,17:22:00,17:30:00,8.0,REVERSE,8,34,SOURCE
251,251,11008,1.0,18,KJT,BVS,17:28:00,17:37:00,9.0,REVERSE,8,33,SOURCE
250,250,11008,1.0,19,BVS,NRL,17:37:00,17:44:00,7.0,REVERSE,8,32,SOURCE
249,249,11008,1.0,20,NRL,SHLU,17:44:00,17:49:00,5.0,REVERSE,8,31,SOURCE
248,248,11008,1.0,21,SHLU,VGI,17:49:00,17:53:00,4.0,REVERSE,8,30,SOURCE
247,247,11008,1.0,22,VGI,BUD,17:53:00,18:05:00,12.0,REVERSE,8,29,SOURCE
246,246,11008,1.0,23,BUD,ABH,18:05:00,18:13:00,8.0,REVERSE,8,28,SOURCE
245,245,11008,1.0,24,ABH,ULNR,18:13:00,18:15:00,2.0,REVERSE,8,27,SOURCE
244,244,11008,1.0,25,ULNR,VLDI,18:15:00,18:17:00,2.0,REVERSE,8,26,SOURCE
243,243,11008,1.0,26,VLDI,KYN,18:17:00,18:25:00,8.0,REVERSE,8,25,SOURCE
242,242,11008,1.0,27,KYN,THK,18:20:00,18:28:00,8.0,REVERSE,8,24,SOURCE
241,241,11008,1.0,28,THK,DI,18:28:00,18:29:00,1.0,REVERSE,8,23,SOURCE
240,240,11008,1.0,29,DI,KOPR,18:29:00,18:31:00,2.0,REVERSE,8,22,SOURCE
239,239,11008,1.0,30,KOPR,DIVA,18:31:00,18:35:00,4.0,REVERSE,8,21,SOURCE
238,238,11008,1.0,31,DIVA,MBQ,18:35:00,18:37:00,2.0,REVERSE,8,20,SOURCE
237,237,11008,1.0,32,MBQ,KLVA,18:37:00,18:41:00,4.0,REVERSE,8,19,SOURCE
236,236,11008,1.0,33,KLVA,TNA,18:41:00,18:45:00,4.0,REVERSE,8,18,SOURCE
235,235,11008,1.0,34,TNA,MLND,18:43:00,18:48:00,5.0,REVERSE,8,17,SOURCE
234,234,11008,1.0,35,MLND,NHU,18:48:00,18:51:00,3.0,REVERSE,8,16,SOURCE
233,233,11008,1.0,36,NHU,BND,18:51:00,18:52:00,1.0,REVERSE,8,15,SOURCE
232,232,11008,1.0,37,VK,GC,18:57:00,19:01:00,4.0,REVERSE,8,13,SOURCE
231,231,11008,1.0,38,GC,VVH,19:01:00,19:03:00,2.0,REVERSE,8,12,SOURCE
230,230,11008,1.0,39,VVH,CLA,19:03:00,19:06:00,3.0,REVERSE,8,11,SOURCE
229,229,11008,1.0,40,CLA,SIN,19:06:00,19:09:00,3.0,REVERSE,8,10,SOURCE
228,228,11008,1.0,41,SIN,MTN,19:09:00,19:12:00,3.0,REVERSE,8,9,SOURCE
227,227,11008,1.0,42,MTN,DR,19:12:00,19:15:00,3.0,REVERSE,8,8,SOURCE
226,226,11008,1.0,43,DR,PR,19:13:00,19:18:00,5.0,REVERSE,8,7,SOURCE
225,225,11008,1.0,44,PR,CRD,19:18:00,19:23:00,5.0,REVERSE,8,6,SOURCE
224,224,11008,1.0,45,BY,SNRD,19:28:00,19:33:00,5.0,REVERSE,8,3,SOURCE
223,223,11008,1.0,46,SNRD,MSD,19:33:00,19:37:00,4.0,REVERSE,8,2,SOURCE
222,222,11008,1.0,47,MSD,CSMT,19:37:00,19:40:00,3.0,REVERSE,8,1,SOURCE
269,269,11009,1.0,1,CSMT,MSD,14:30:00,14:31:00,1.0,FORWARD,9,1,SOURCE
270,270,11009,1.0,2,MSD,SNRD,14:31:00,14:33:00,2.0,FORWARD,9,2,SOURCE
271,271,11009,1.0,3,SNRD,BY,14:33:00,14:36:00,3.0,FORWARD,9,3,SOURCE
272,272,11009,1.0,4,CRD,PR,14:38:00,14:41:00,3.0,FORWARD,9,6,SOURCE
273,273,11009,1.0,5,PR,DR,14:41:00,14:43:00,2.0,FORWARD,9,7,SOURCE
274,274,11009,1.0,6,DR,MTN,14:45:00,14:46:00,1.0,FORWARD,9,8,SOURCE
275,275,11009,1.0,7,MTN,SIN,14:46:00,14:49:00,3.0,FORWARD,9,9,SOURCE
276,276,11009,1.0,8,SIN,CLA,14:49:00,14:51:00,2.0,FORWARD,9,10,SOURCE
277,277,11009,1.0,9,CLA,VVH,14:51:00,14:53:00,2.0,FORWARD,9,11,SOURCE
278,278,11009,1.0,10,VVH,GC,14:53:00,14:55:00,2.0,FORWARD,9,12,SOURCE
279,279,11009,1.0,11,GC,VK,14:55:00,14:58:00,3.0,FORWARD,9,13,SOURCE
280,280,11009,1.0,12,BND,NHU,15:02:00,15:03:00,1.0,FORWARD,9,15,SOURCE
281,281,11009,1.0,13,NHU,MLND,15:03:00,15:05:00,2.0,FORWARD,9,16,SOURCE
282,282,11009,1.0,14,MLND,TNA,15:05:00,15:08:00,3.0,FORWARD,9,17,SOURCE
283,283,11009,1.0,15,TNA,KLVA,15:10:00,15:12:00,2.0,FORWARD,9,18,SOURCE
284,284,11009,1.0,16,KLVA,MBQ,15:12:00,15:16:00,4.0,FORWARD,9,19,SOURCE
285,285,11009,1.0,17,MBQ,DIVA,15:16:00,15:19:00,3.0,FORWARD,9,20,SOURCE
286,286,11009,1.0,18,DIVA,KOPR,15:19:00,15:23:00,4.0,FORWARD,9,21,SOURCE
287,287,11009,1.0,19,KOPR,DI,15:23:00,15:24:00,1.0,FORWARD,9,22,SOURCE
288,288,11009,1.0,20,DI,THK,15:24:00,15:25:00,1.0,FORWARD,9,23,SOURCE
289,289,11009,1.0,21,THK,KYN,15:25:00,15:28:00,3.0,FORWARD,9,24,SOURCE
290,290,11009,1.0,22,KYN,VLDI,15:30:00,15:32:00,2.0,FORWARD,9,25,SOURCE
291,291,11009,1.0,23,VLDI,ULNR,15:32:00,15:34:00,2.0,FORWARD,9,26,SOURCE
292,292,11009,1.0,24,ULNR,ABH,15:34:00,15:36:00,2.0,FORWARD,9,27,SOURCE
293,293,11009,1.0,25,ABH,BUD,15:36:00,15:42:00,6.0,FORWARD,9,28,SOURCE
294,294,11009,1.0,26,BUD,VGI,15:42:00,15:51:00,9.0,FORWARD,9,29,SOURCE
295,295,11009,1.0,27,VGI,SHLU,15:51:00,15:54:00,3.0,FORWARD,9,30,SOURCE
296,296,11009,1.0,28,SHLU,NRL,15:54:00,15:58:00,4.0,FORWARD,9,31,SOURCE
297,297,11009,1.0,29,NRL,BVS,15:58:00,16:03:00,5.0,FORWARD,9,32,SOURCE
298,298,11009,1.0,30,BVS,KJT,16:03:00,16:08:00,5.0,FORWARD,9,33,SOURCE
299,299,11009,1.0,31,KJT,PDI,16:10:00,16:15:00,5.0,FORWARD,9,34,SOURCE
300,300,11009,1.0,32,PDI,KAD,16:15:00,16:53:00,38.0,FORWARD,9,35,SOURCE
301,301,11009,1.0,33,KAD,LNL,16:55:00,17:08:00,13.0,FORWARD,9,36,SOURCE
302,302,11009,1.0,34,LNL,MVL,17:10:00,17:15:00,5.0,FORWARD,9,37,SOURCE
303,303,11009,1.0,35,MVL,KMST,17:15:00,17:22:00,7.0,FORWARD,9,38,SOURCE
304,304,11009,1.0,36,KMST,KNHE,17:22:00,17:25:00,3.0,FORWARD,9,39,SOURCE
305,305,11009,1.0,37,KNHE,VDN,17:25:00,17:29:00,4.0,FORWARD,9,40,SOURCE
306,306,11009,1.0,38,VDN,TGN,17:29:00,17:32:00,3.0,FORWARD,9,41,SOURCE
307,307,11009,1.0,39,TGN,GRWD,17:32:00,17:34:00,2.0,FORWARD,9,42,SOURCE
308,308,11009,1.0,40,DEHR,AKRD,17:39:00,17:42:00,3.0,FORWARD,9,45,SOURCE
309,309,11009,1.0,41,AKRD,CCH,17:42:00,17:45:00,3.0,FORWARD,9,46,SOURCE
310,310,11009,1.0,42,CCH,PMP,17:47:00,17:50:00,3.0,FORWARD,9,47,SOURCE
311,311,11009,1.0,43,PMP,KSWD,17:52:00,17:55:00,3.0,FORWARD,9,48,SOURCE
312,312,11009,1.0,44,KSWD,DAPD,17:55:00,18:00:00,5.0,FORWARD,9,49,SOURCE
313,313,11009,1.0,45,DAPD,KK,18:00:00,18:03:00,3.0,FORWARD,9,50,SOURCE
314,314,11009,1.0,46,KK,SVJR,18:05:00,18:13:00,8.0,FORWARD,9,51,SOURCE
315,315,11009,1.0,47,SVJR,PUNE,18:15:00,18:40:00,25.0,FORWARD,9,52,SOURCE
362,362,11010,1.0,1,PUNE,SVJR,06:05:00,06:13:00,8.0,REVERSE,10,52,SOURCE
361,361,11010,1.0,2,SVJR,KK,06:10:00,06:20:00,10.0,REVERSE,10,51,SOURCE
360,360,11010,1.0,3,KK,DAPD,06:18:00,06:22:00,4.0,REVERSE,10,50,SOURCE
359,359,11010,1.0,4,DAPD,KSWD,06:22:00,06:26:00,4.0,REVERSE,10,49,SOURCE
358,358,11010,1.0,5,KSWD,PMP,06:26:00,06:31:00,5.0,REVERSE,10,48,SOURCE
357,357,11010,1.0,6,PMP,CCH,06:28:00,06:35:00,7.0,REVERSE,10,47,SOURCE
356,356,11010,1.0,7,CCH,AKRD,06:33:00,06:38:00,5.0,REVERSE,10,46,SOURCE
355,355,11010,1.0,8,AKRD,DEHR,06:38:00,06:42:00,4.0,REVERSE,10,45,SOURCE
354,354,11010,1.0,9,GRWD,TGN,06:47:00,06:50:00,3.0,REVERSE,10,42,SOURCE
353,353,11010,1.0,10,TGN,VDN,06:50:00,06:53:00,3.0,REVERSE,10,41,SOURCE
352,352,11010,1.0,11,VDN,KNHE,06:53:00,06:57:00,4.0,REVERSE,10,40,SOURCE
351,351,11010,1.0,12,KNHE,KMST,06:57:00,07:01:00,4.0,REVERSE,10,39,SOURCE
350,350,11010,1.0,13,KMST,MVL,07:01:00,07:08:00,7.0,REVERSE,10,38,SOURCE
349,349,11010,1.0,14,MVL,LNL,07:08:00,07:15:00,7.0,REVERSE,10,37,SOURCE
348,348,11010,1.0,15,LNL,KAD,07:13:00,07:25:00,12.0,REVERSE,10,36,SOURCE
347,347,11010,1.0,16,KAD,PDI,07:23:00,07:54:00,31.0,REVERSE,10,35,SOURCE
346,346,11010,1.0,17,PDI,KJT,07:54:00,08:00:00,6.0,REVERSE,10,34,SOURCE
345,345,11010,1.0,18,KJT,BVS,07:58:00,08:06:00,8.0,REVERSE,10,33,SOURCE
344,344,11010,1.0,19,BVS,NRL,08:06:00,08:12:00,6.0,REVERSE,10,32,SOURCE
343,343,11010,1.0,20,NRL,SHLU,08:12:00,08:16:00,4.0,REVERSE,10,31,SOURCE
342,342,11010,1.0,21,SHLU,VGI,08:16:00,08:20:00,4.0,REVERSE,10,30,SOURCE
341,341,11010,1.0,22,VGI,BUD,08:20:00,08:29:00,9.0,REVERSE,10,29,SOURCE
340,340,11010,1.0,23,BUD,ABH,08:29:00,08:36:00,7.0,REVERSE,10,28,SOURCE
339,339,11010,1.0,24,ABH,ULNR,08:36:00,08:38:00,2.0,REVERSE,10,27,SOURCE
338,338,11010,1.0,25,ULNR,VLDI,08:38:00,08:40:00,2.0,REVERSE,10,26,SOURCE
337,337,11010,1.0,26,VLDI,KYN,08:40:00,08:47:00,7.0,REVERSE,10,25,SOURCE
336,336,11010,1.0,27,KYN,THK,08:42:00,08:51:00,9.0,REVERSE,10,24,SOURCE
335,335,11010,1.0,28,THK,DI,08:51:00,08:52:00,1.0,REVERSE,10,23,SOURCE
334,334,11010,1.0,29,DI,KOPR,08:52:00,08:54:00,2.0,REVERSE,10,22,SOURCE
333,333,11010,1.0,30,KOPR,DIVA,08:54:00,08:58:00,4.0,REVERSE,10,21,SOURCE
332,332,11010,1.0,31,DIVA,MBQ,08:58:00,09:01:00,3.0,REVERSE,10,20,SOURCE
331,331,11010,1.0,32,MBQ,KLVA,09:01:00,09:06:00,5.0,REVERSE,10,19,SOURCE
330,330,11010,1.0,33,KLVA,TNA,09:06:00,09:08:00,2.0,REVERSE,10,18,SOURCE
329,329,11010,1.0,34,TNA,MLND,09:08:00,09:11:00,3.0,REVERSE,10,17,SOURCE
328,328,11010,1.0,35,MLND,NHU,09:11:00,09:13:00,2.0,REVERSE,10,16,SOURCE
327,327,11010,1.0,36,NHU,BND,09:13:00,09:15:00,2.0,REVERSE,10,15,SOURCE
326,326,11010,1.0,37,VK,GC,09:19:00,09:23:00,4.0,REVERSE,10,13,SOURCE
325,325,11010,1.0,38,GC,VVH,09:23:00,09:24:00,1.0,REVERSE,10,12,SOURCE
324,324,11010,1.0,39,VVH,CLA,09:24:00,09:27:00,3.0,REVERSE,10,11,SOURCE
323,323,11010,1.0,40,CLA,SIN,09:27:00,09:30:00,3.0,REVERSE,10,10,SOURCE
322,322,11010,1.0,41,SIN,MTN,09:30:00,09:32:00,2.0,REVERSE,10,9,SOURCE
321,321,11010,1.0,42,MTN,DR,09:32:00,09:35:00,3.0,REVERSE,10,8,SOURCE
320,320,11010,1.0,43,DR,PR,09:33:00,09:37:00,4.0,REVERSE,10,7,SOURCE
319,319,11010,1.0,44,PR,CRD,09:37:00,09:41:00,4.0,REVERSE,10,6,SOURCE
318,318,11010,1.0,45,BY,SNRD,09:46:00,09:50:00,4.0,REVERSE,10,3,SOURCE
317,317,11010,1.0,46,SNRD,MSD,09:50:00,09:52:00,2.0,REVERSE,10,2,SOURCE
316,316,11010,1.0,47,MSD,CSMT,09:52:00,09:55:00,3.0,REVERSE,10,1,SOURCE
363,363,11011,1.0,1,CSMT,MSD,20:23:00,20:24:00,1.0,FORWARD,11,1,SOURCE
364,364,11011,1.0,2,MSD,SNRD,20:24:00,20:25:00,1.0,FORWARD,11,2,SOURCE
365,365,11011,1.0,3,SNRD,BY,20:25:00,20:27:00,2.0,FORWARD,11,3,SOURCE
366,366,11011,1.0,4,CRD,PR,20:30:00,20:32:00,2.0,FORWARD,11,6,SOURCE
367,367,11011,1.0,5,PR,DR,20:32:00,20:33:00,1.0,FORWARD,11,7,SOURCE
368,368,11011,1.0,6,DR,MTN,20:35:00,20:36:00,1.0,FORWARD,11,8,SOURCE
369,369,11011,1.0,7,MTN,SIN,20:36:00,20:39:00,3.0,FORWARD,11,9,SOURCE
370,370,11011,1.0,8,SIN,CLA,20:39:00,20:41:00,2.0,FORWARD,11,10,SOURCE
371,371,11011,1.0,9,CLA,VVH,20:41:00,20:43:00,2.0,FORWARD,11,11,SOURCE
372,372,11011,1.0,10,VVH,GC,20:43:00,20:45:00,2.0,FORWARD,11,12,SOURCE
373,373,11011,1.0,11,GC,VK,20:45:00,20:48:00,3.0,FORWARD,11,13,SOURCE
374,374,11011,1.0,12,BND,NHU,20:52:00,20:53:00,1.0,FORWARD,11,15,SOURCE
375,375,11011,1.0,13,NHU,MLND,20:53:00,20:55:00,2.0,FORWARD,11,16,SOURCE
376,376,11011,1.0,14,MLND,TNA,20:55:00,20:58:00,3.0,FORWARD,11,17,SOURCE
377,377,11011,1.0,15,TNA,KLVA,21:00:00,21:03:00,3.0,FORWARD,11,18,SOURCE
378,378,11011,1.0,16,KLVA,MBQ,21:03:00,21:08:00,5.0,FORWARD,11,19,SOURCE
379,379,11011,1.0,17,MBQ,DIVA,21:08:00,21:11:00,3.0,FORWARD,11,20,SOURCE
380,380,11011,1.0,18,DIVA,KOPR,21:11:00,21:16:00,5.0,FORWARD,11,21,SOURCE
381,381,11011,1.0,19,KOPR,DI,21:16:00,21:18:00,2.0,FORWARD,11,22,SOURCE
382,382,11011,1.0,20,DI,THK,21:18:00,21:19:00,1.0,FORWARD,11,23,SOURCE
383,383,11011,1.0,21,THK,KYN,21:19:00,21:23:00,4.0,FORWARD,11,24,SOURCE
384,384,11011,1.0,22,KYN,VLDI,21:25:00,21:28:00,3.0,FORWARD,11,25,SOURCE
385,385,11011,1.0,23,VLDI,ULNR,21:28:00,21:29:00,1.0,FORWARD,11,26,SOURCE
386,386,11011,1.0,24,ULNR,ABH,21:29:00,21:32:00,3.0,FORWARD,11,27,SOURCE
387,387,11011,1.0,25,ABH,BUD,21:32:00,21:40:00,8.0,FORWARD,11,28,SOURCE
388,388,11011,1.0,26,BUD,VGI,21:40:00,21:51:00,11.0,FORWARD,11,29,SOURCE
389,389,11011,1.0,27,VGI,SHLU,21:51:00,21:56:00,5.0,FORWARD,11,30,SOURCE
390,390,11011,1.0,28,SHLU,NRL,21:56:00,22:00:00,4.0,FORWARD,11,31,SOURCE
391,391,11011,1.0,29,NRL,BVS,22:00:00,22:07:00,7.0,FORWARD,11,32,SOURCE
392,392,11011,1.0,30,BVS,KJT,22:07:00,22:13:00,6.0,FORWARD,11,33,SOURCE
393,393,11011,1.0,31,KJT,PDI,22:15:00,22:20:00,5.0,FORWARD,11,34,SOURCE
394,394,11011,1.0,32,PDI,KAD,22:20:00,22:52:00,32.0,FORWARD,11,35,SOURCE
395,395,11011,1.0,33,KAD,LNL,22:52:00,22:58:00,6.0,FORWARD,11,36,SOURCE
396,396,11011,1.0,34,LNL,MVL,23:00:00,23:08:00,8.0,FORWARD,11,37,SOURCE
397,397,11011,1.0,35,MVL,KMST,23:08:00,23:18:00,10.0,FORWARD,11,38,SOURCE
398,398,11011,1.0,36,KMST,KNHE,23:18:00,23:23:00,5.0,FORWARD,11,39,SOURCE
399,399,11011,1.0,37,KNHE,VDN,23:23:00,23:28:00,5.0,FORWARD,11,40,SOURCE
400,400,11011,1.0,38,VDN,TGN,23:28:00,23:33:00,5.0,FORWARD,11,41,SOURCE
401,401,11011,1.0,39,TGN,GRWD,23:33:00,23:36:00,3.0,FORWARD,11,42,SOURCE
402,402,11011,1.0,40,DEHR,AKRD,23:43:00,23:49:00,6.0,FORWARD,11,45,SOURCE
403,403,11011,1.0,41,AKRD,CCH,23:49:00,23:52:00,3.0,FORWARD,11,46,SOURCE
404,404,11011,1.0,42,CCH,PMP,23:52:00,23:55:00,3.0,FORWARD,11,47,SOURCE
405,405,11011,1.0,43,PMP,KSWD,23:55:00,23:57:00,2.0,FORWARD,11,48,SOURCE
406,406,11011,2.0,1,DAPD,KK,00:01:00,00:04:00,3.0,FORWARD,11,50,SOURCE
407,407,11011,2.0,2,KK,SVJR,00:04:00,00:08:00,4.0,FORWARD,11,51,SOURCE
408,408,11011,2.0,3,SVJR,PUNE,00:08:00,00:10:00,2.0,FORWARD,11,52,SOURCE
455,455,11012,2.0,1,PUNE,SVJR,03:30:00,03:42:00,12.0,REVERSE,12,52,SOURCE
454,454,11012,2.0,2,SVJR,KK,03:42:00,03:46:00,4.0,REVERSE,12,51,SOURCE
453,453,11012,2.0,3,KK,DAPD,03:46:00,03:48:00,2.0,REVERSE,12,50,SOURCE
452,452,11012,2.0,4,DAPD,KSWD,03:48:00,03:52:00,4.0,REVERSE,12,49,SOURCE
451,451,11012,2.0,5,KSWD,PMP,03:52:00,03:54:00,2.0,REVERSE,12,48,SOURCE
450,450,11012,2.0,6,PMP,CCH,03:54:00,03:56:00,2.0,REVERSE,12,47,SOURCE
449,449,11012,2.0,7,CCH,AKRD,03:56:00,04:00:00,4.0,REVERSE,12,46,SOURCE
448,448,11012,2.0,8,AKRD,DEHR,04:00:00,04:05:00,5.0,REVERSE,12,45,SOURCE
447,447,11012,2.0,9,GRWD,TGN,04:11:00,04:14:00,3.0,REVERSE,12,42,SOURCE
446,446,11012,2.0,10,TGN,VDN,04:14:00,04:18:00,4.0,REVERSE,12,41,SOURCE
445,445,11012,2.0,11,VDN,KNHE,04:18:00,04:24:00,6.0,REVERSE,12,40,SOURCE
444,444,11012,2.0,12,KNHE,KMST,04:24:00,04:28:00,4.0,REVERSE,12,39,SOURCE
443,443,11012,2.0,13,KMST,MVL,04:28:00,04:37:00,9.0,REVERSE,12,38,SOURCE
442,442,11012,2.0,14,MVL,LNL,04:37:00,04:45:00,8.0,REVERSE,12,37,SOURCE
441,441,11012,2.0,15,LNL,KAD,04:43:00,04:55:00,12.0,REVERSE,12,36,SOURCE
440,440,11012,2.0,16,KAD,PDI,04:53:00,05:23:00,30.0,REVERSE,12,35,SOURCE
439,439,11012,2.0,17,PDI,KJT,05:23:00,05:30:00,7.0,REVERSE,12,34,SOURCE
438,438,11012,2.0,18,KJT,BVS,05:28:00,05:37:00,9.0,REVERSE,12,33,SOURCE
437,437,11012,2.0,19,BVS,NRL,05:37:00,05:44:00,7.0,REVERSE,12,32,SOURCE
436,436,11012,2.0,20,NRL,SHLU,05:44:00,05:49:00,5.0,REVERSE,12,31,SOURCE
435,435,11012,2.0,21,SHLU,VGI,05:49:00,05:53:00,4.0,REVERSE,12,30,SOURCE
434,434,11012,2.0,22,VGI,BUD,05:53:00,06:04:00,11.0,REVERSE,12,29,SOURCE
433,433,11012,2.0,23,BUD,ABH,06:04:00,06:12:00,8.0,REVERSE,12,28,SOURCE
432,432,11012,2.0,24,ABH,ULNR,06:12:00,06:15:00,3.0,REVERSE,12,27,SOURCE
431,431,11012,2.0,25,ULNR,VLDI,06:15:00,06:17:00,2.0,REVERSE,12,26,SOURCE
430,430,11012,2.0,26,VLDI,KYN,06:17:00,06:20:00,3.0,REVERSE,12,25,SOURCE
429,429,11012,2.0,27,KYN,THK,06:18:00,06:23:00,5.0,REVERSE,12,24,SOURCE
428,428,11012,2.0,28,THK,DI,06:23:00,06:25:00,2.0,REVERSE,12,23,SOURCE
427,427,11012,2.0,29,DI,KOPR,06:25:00,06:26:00,1.0,REVERSE,12,22,SOURCE
426,426,11012,2.0,30,KOPR,DIVA,06:26:00,06:30:00,4.0,REVERSE,12,21,SOURCE
425,425,11012,2.0,31,DIVA,MBQ,06:30:00,06:32:00,2.0,REVERSE,12,20,SOURCE
424,424,11012,2.0,32,MBQ,KLVA,06:32:00,06:36:00,4.0,REVERSE,12,19,SOURCE
423,423,11012,2.0,33,KLVA,TNA,06:36:00,06:40:00,4.0,REVERSE,12,18,SOURCE
422,422,11012,2.0,34,TNA,MLND,06:38:00,06:43:00,5.0,REVERSE,12,17,SOURCE
421,421,11012,2.0,35,MLND,NHU,06:43:00,06:45:00,2.0,REVERSE,12,16,SOURCE
420,420,11012,2.0,36,NHU,BND,06:45:00,06:46:00,1.0,REVERSE,12,15,SOURCE
419,419,11012,2.0,37,VK,GC,06:50:00,06:54:00,4.0,REVERSE,12,13,SOURCE
418,418,11012,2.0,38,GC,VVH,06:54:00,06:55:00,1.0,REVERSE,12,12,SOURCE
417,417,11012,2.0,39,VVH,CLA,06:55:00,06:58:00,3.0,REVERSE,12,11,SOURCE
416,416,11012,2.0,40,CLA,SIN,06:58:00,07:00:00,2.0,REVERSE,12,10,SOURCE
415,415,11012,2.0,41,SIN,MTN,07:00:00,07:03:00,3.0,REVERSE,12,9,SOURCE
414,414,11012,2.0,42,MTN,DR,07:03:00,07:06:00,3.0,REVERSE,12,8,SOURCE
413,413,11012,2.0,43,DR,PR,07:04:00,07:08:00,4.0,REVERSE,12,7,SOURCE
412,412,11012,2.0,44,PR,CRD,07:08:00,07:12:00,4.0,REVERSE,12,6,SOURCE
411,411,11012,2.0,45,BY,SNRD,07:16:00,07:20:00,4.0,REVERSE,12,3,SOURCE
410,410,11012,2.0,46,SNRD,MSD,07:20:00,07:23:00,3.0,REVERSE,12,2,SOURCE
409,409,11012,2.0,47,MSD,CSMT,07:23:00,07:25:00,2.0,REVERSE,12,1,SOURCE
456,456,11013,1.0,1,VVH,GC,22:36:00,22:38:00,2.0,FORWARD,13,12,SOURCE
457,457,11013,1.0,2,GC,VK,22:38:00,22:41:00,3.0,FORWARD,13,13,SOURCE
458,458,11013,1.0,3,BND,NHU,22:45:00,22:47:00,2.0,FORWARD,13,15,SOURCE
459,459,11013,1.0,4,NHU,MLND,22:47:00,22:49:00,2.0,FORWARD,13,16,SOURCE
460,460,11013,1.0,5,MLND,TNA,22:49:00,22:53:00,4.0,FORWARD,13,17,SOURCE
461,461,11013,1.0,6,TNA,KLVA,22:55:00,22:57:00,2.0,FORWARD,13,18,SOURCE
462,462,11013,1.0,7,KLVA,MBQ,22:57:00,23:01:00,4.0,FORWARD,13,19,SOURCE
463,463,11013,1.0,8,MBQ,DIVA,23:01:00,23:04:00,3.0,FORWARD,13,20,SOURCE
464,464,11013,1.0,9,DIVA,KOPR,23:04:00,23:08:00,4.0,FORWARD,13,21,SOURCE
465,465,11013,1.0,10,KOPR,DI,23:08:00,23:09:00,1.0,FORWARD,13,22,SOURCE
466,466,11013,1.0,11,DI,THK,23:09:00,23:10:00,1.0,FORWARD,13,23,SOURCE
467,467,11013,1.0,12,THK,KYN,23:10:00,23:13:00,3.0,FORWARD,13,24,SOURCE
468,468,11013,1.0,13,KYN,VLDI,23:18:00,23:21:00,3.0,FORWARD,13,25,SOURCE
469,469,11013,1.0,14,VLDI,ULNR,23:21:00,23:23:00,2.0,FORWARD,13,26,SOURCE
470,470,11013,1.0,15,ULNR,ABH,23:23:00,23:25:00,2.0,FORWARD,13,27,SOURCE
471,471,11013,1.0,16,ABH,BUD,23:25:00,23:34:00,9.0,FORWARD,13,28,SOURCE
472,472,11013,1.0,17,BUD,VGI,23:34:00,23:46:00,12.0,FORWARD,13,29,SOURCE
473,473,11013,1.0,18,VGI,SHLU,23:46:00,23:50:00,4.0,FORWARD,13,30,SOURCE
474,474,11013,1.0,19,SHLU,NRL,23:50:00,23:55:00,5.0,FORWARD,13,31,SOURCE
475,475,11013,2.0,1,BVS,KJT,00:02:00,00:10:00,8.0,FORWARD,13,33,SOURCE
476,476,11013,2.0,2,KJT,PDI,00:10:00,00:13:00,3.0,FORWARD,13,34,SOURCE
477,477,11013,2.0,3,PDI,KAD,00:13:00,00:37:00,24.0,FORWARD,13,35,SOURCE
478,478,11013,2.0,4,KAD,LNL,00:37:00,00:41:00,4.0,FORWARD,13,36,SOURCE
479,479,11013,2.0,5,LNL,MVL,00:41:00,00:49:00,8.0,FORWARD,13,37,SOURCE
480,480,11013,2.0,6,MVL,KMST,00:49:00,00:58:00,9.0,FORWARD,13,38,SOURCE
481,481,11013,2.0,7,KMST,KNHE,00:58:00,01:03:00,5.0,FORWARD,13,39,SOURCE
482,482,11013,2.0,8,KNHE,VDN,01:03:00,01:09:00,6.0,FORWARD,13,40,SOURCE
483,483,11013,2.0,9,VDN,TGN,01:09:00,01:14:00,5.0,FORWARD,13,41,SOURCE
484,484,11013,2.0,10,TGN,GRWD,01:14:00,01:17:00,3.0,FORWARD,13,42,SOURCE
485,485,11013,2.0,11,DEHR,AKRD,01:24:00,01:30:00,6.0,FORWARD,13,45,SOURCE
486,486,11013,2.0,12,AKRD,CCH,01:30:00,01:33:00,3.0,FORWARD,13,46,SOURCE
487,487,11013,2.0,13,CCH,PMP,01:33:00,01:36:00,3.0,FORWARD,13,47,SOURCE
488,488,11013,2.0,14,PMP,KSWD,01:36:00,01:38:00,2.0,FORWARD,13,48,SOURCE
489,489,11013,2.0,15,KSWD,DAPD,01:38:00,01:42:00,4.0,FORWARD,13,49,SOURCE
490,490,11013,2.0,16,DAPD,KK,01:42:00,01:45:00,3.0,FORWARD,13,50,SOURCE
491,491,11013,2.0,17,KK,SVJR,01:45:00,01:49:00,4.0,FORWARD,13,51,SOURCE
492,492,11013,2.0,18,SVJR,PUNE,01:49:00,01:50:00,1.0,FORWARD,13,52,SOURCE
530,530,11014,2.0,1,PUNE,SVJR,10:35:00,10:48:00,13.0,REVERSE,14,52,SOURCE
529,529,11014,2.0,2,SVJR,KK,10:48:00,10:52:00,4.0,REVERSE,14,51,SOURCE
528,528,11014,2.0,3,KK,DAPD,10:52:00,10:54:00,2.0,REVERSE,14,50,SOURCE
527,527,11014,2.0,4,DAPD,KSWD,10:54:00,10:59:00,5.0,REVERSE,14,49,SOURCE
526,526,11014,2.0,5,KSWD,PMP,10:59:00,11:01:00,2.0,REVERSE,14,48,SOURCE
525,525,11014,2.0,6,PMP,CCH,11:01:00,11:04:00,3.0,REVERSE,14,47,SOURCE
524,524,11014,2.0,7,CCH,AKRD,11:04:00,11:08:00,4.0,REVERSE,14,46,SOURCE
523,523,11014,2.0,8,AKRD,DEHR,11:08:00,11:13:00,5.0,REVERSE,14,45,SOURCE
522,522,11014,2.0,9,GRWD,TGN,11:21:00,11:25:00,4.0,REVERSE,14,42,SOURCE
521,521,11014,2.0,10,TGN,VDN,11:25:00,11:29:00,4.0,REVERSE,14,41,SOURCE
520,520,11014,2.0,11,VDN,KNHE,11:29:00,11:35:00,6.0,REVERSE,14,40,SOURCE
519,519,11014,2.0,12,KNHE,KMST,11:35:00,11:41:00,6.0,REVERSE,14,39,SOURCE
518,518,11014,2.0,13,KMST,MVL,11:41:00,11:51:00,10.0,REVERSE,14,38,SOURCE
517,517,11014,2.0,14,MVL,LNL,11:51:00,11:59:00,8.0,REVERSE,14,37,SOURCE
516,516,11014,2.0,15,LNL,KAD,11:59:00,12:03:00,4.0,REVERSE,14,36,SOURCE
515,515,11014,2.0,16,KAD,PDI,12:03:00,12:28:00,25.0,REVERSE,14,35,SOURCE
514,514,11014,2.0,17,PDI,KJT,12:28:00,12:31:00,3.0,REVERSE,14,34,SOURCE
513,513,11014,2.0,18,KJT,BVS,12:31:00,12:39:00,8.0,REVERSE,14,33,SOURCE
512,512,11014,2.0,19,BVS,NRL,12:39:00,12:47:00,8.0,REVERSE,14,32,SOURCE
511,511,11014,2.0,20,NRL,SHLU,12:47:00,12:52:00,5.0,REVERSE,14,31,SOURCE
510,510,11014,2.0,21,SHLU,VGI,12:52:00,12:56:00,4.0,REVERSE,14,30,SOURCE
509,509,11014,2.0,22,VGI,BUD,12:56:00,13:09:00,13.0,REVERSE,14,29,SOURCE
508,508,11014,2.0,23,BUD,ABH,13:09:00,13:18:00,9.0,REVERSE,14,28,SOURCE
507,507,11014,2.0,24,ABH,ULNR,13:18:00,13:21:00,3.0,REVERSE,14,27,SOURCE
506,506,11014,2.0,25,ULNR,VLDI,13:21:00,13:23:00,2.0,REVERSE,14,26,SOURCE
505,505,11014,2.0,26,VLDI,KYN,13:23:00,13:25:00,2.0,REVERSE,14,25,SOURCE
504,504,11014,2.0,27,KYN,THK,13:24:00,13:28:00,4.0,REVERSE,14,24,SOURCE
503,503,11014,2.0,28,THK,DI,13:28:00,13:30:00,2.0,REVERSE,14,23,SOURCE
502,502,11014,2.0,29,DI,KOPR,13:30:00,13:31:00,1.0,REVERSE,14,22,SOURCE
501,501,11014,2.0,30,KOPR,DIVA,13:31:00,13:35:00,4.0,REVERSE,14,21,SOURCE
500,500,11014,2.0,31,DIVA,MBQ,13:35:00,13:37:00,2.0,REVERSE,14,20,SOURCE
499,499,11014,2.0,32,MBQ,KLVA,13:37:00,13:41:00,4.0,REVERSE,14,19,SOURCE
498,498,11014,2.0,33,KLVA,TNA,13:41:00,13:45:00,4.0,REVERSE,14,18,SOURCE
497,497,11014,2.0,34,TNA,MLND,13:44:00,13:52:00,8.0,REVERSE,14,17,SOURCE
496,496,11014,2.0,35,MLND,NHU,13:52:00,13:58:00,6.0,REVERSE,14,16,SOURCE
495,495,11014,2.0,36,NHU,BND,13:58:00,14:02:00,4.0,REVERSE,14,15,SOURCE
494,494,11014,2.0,37,VK,GC,14:12:00,14:22:00,10.0,REVERSE,14,13,SOURCE
493,493,11014,2.0,38,GC,VVH,14:22:00,14:25:00,3.0,REVERSE,14,12,SOURCE
531,531,11017,1.0,1,DR,MTN,21:30:00,21:31:00,1.0,FORWARD,15,8,SOURCE
532,532,11017,1.0,2,MTN,SIN,21:31:00,21:34:00,3.0,FORWARD,15,9,SOURCE
533,533,11017,1.0,3,SIN,CLA,21:34:00,21:36:00,2.0,FORWARD,15,10,SOURCE
534,534,11017,1.0,4,CLA,VVH,21:36:00,21:39:00,3.0,FORWARD,15,11,SOURCE
535,535,11017,1.0,5,VVH,GC,21:39:00,21:40:00,1.0,FORWARD,15,12,SOURCE
536,536,11017,1.0,6,GC,VK,21:40:00,21:44:00,4.0,FORWARD,15,13,SOURCE
537,537,11017,1.0,7,BND,NHU,21:47:00,21:49:00,2.0,FORWARD,15,15,SOURCE
538,538,11017,1.0,8,NHU,MLND,21:49:00,21:51:00,2.0,FORWARD,15,16,SOURCE
539,539,11017,1.0,9,MLND,TNA,21:51:00,21:53:00,2.0,FORWARD,15,17,SOURCE
540,540,11017,1.0,10,TNA,KLVA,21:53:00,21:56:00,3.0,FORWARD,15,18,SOURCE
541,541,11017,1.0,11,KLVA,MBQ,21:56:00,22:00:00,4.0,FORWARD,15,19,SOURCE
542,542,11017,1.0,12,MBQ,DIVA,22:00:00,22:03:00,3.0,FORWARD,15,20,SOURCE
543,543,11017,1.0,13,DIVA,KOPR,22:03:00,22:07:00,4.0,FORWARD,15,21,SOURCE
544,544,11017,1.0,14,KOPR,DI,22:07:00,22:08:00,1.0,FORWARD,15,22,SOURCE
545,545,11017,1.0,15,DI,THK,22:08:00,22:09:00,1.0,FORWARD,15,23,SOURCE
546,546,11017,1.0,16,THK,KYN,22:09:00,22:13:00,4.0,FORWARD,15,24,SOURCE
547,547,11017,1.0,17,KYN,VLDI,22:15:00,22:18:00,3.0,FORWARD,15,25,SOURCE
548,548,11017,1.0,18,VLDI,ULNR,22:18:00,22:20:00,2.0,FORWARD,15,26,SOURCE
549,549,11017,1.0,19,ULNR,ABH,22:20:00,22:23:00,3.0,FORWARD,15,27,SOURCE
550,550,11017,1.0,20,ABH,BUD,22:23:00,22:32:00,9.0,FORWARD,15,28,SOURCE
551,551,11017,1.0,21,BUD,VGI,22:32:00,22:44:00,12.0,FORWARD,15,29,SOURCE
552,552,11017,1.0,22,VGI,SHLU,22:44:00,22:49:00,5.0,FORWARD,15,30,SOURCE
553,553,11017,1.0,23,SHLU,NRL,22:49:00,22:54:00,5.0,FORWARD,15,31,SOURCE
554,554,11017,1.0,24,NRL,BVS,22:54:00,23:01:00,7.0,FORWARD,15,32,SOURCE
555,555,11017,1.0,25,BVS,KJT,23:01:00,23:08:00,7.0,FORWARD,15,33,SOURCE
556,556,11017,1.0,26,KJT,PDI,23:10:00,23:15:00,5.0,FORWARD,15,34,SOURCE
557,557,11017,1.0,27,PDI,KAD,23:15:00,23:47:00,32.0,FORWARD,15,35,SOURCE
558,558,11017,1.0,28,KAD,LNL,23:47:00,23:53:00,6.0,FORWARD,15,36,SOURCE
559,559,11017,2.0,1,MVL,KMST,00:02:00,00:11:00,9.0,FORWARD,15,38,SOURCE
560,560,11017,2.0,2,KMST,KNHE,00:11:00,00:16:00,5.0,FORWARD,15,39,SOURCE
561,561,11017,2.0,3,KNHE,VDN,00:16:00,00:21:00,5.0,FORWARD,15,40,SOURCE
562,562,11017,2.0,4,VDN,TGN,00:21:00,00:25:00,4.0,FORWARD,15,41,SOURCE
563,563,11017,2.0,5,TGN,GRWD,00:25:00,00:28:00,3.0,FORWARD,15,42,SOURCE
564,564,11017,2.0,6,DEHR,AKRD,00:35:00,00:40:00,5.0,FORWARD,15,45,SOURCE
565,565,11017,2.0,7,AKRD,CCH,00:40:00,00:43:00,3.0,FORWARD,15,46,SOURCE
566,566,11017,2.0,8,CCH,PMP,00:43:00,00:46:00,3.0,FORWARD,15,47,SOURCE
567,567,11017,2.0,9,PMP,KSWD,00:46:00,00:48:00,2.0,FORWARD,15,48,SOURCE
568,568,11017,2.0,10,KSWD,DAPD,00:48:00,00:52:00,4.0,FORWARD,15,49,SOURCE
569,569,11017,2.0,11,DAPD,KK,00:52:00,00:54:00,2.0,FORWARD,15,50,SOURCE
570,570,11017,2.0,12,KK,SVJR,00:54:00,00:58:00,4.0,FORWARD,15,51,SOURCE
571,571,11017,2.0,13,SVJR,PUNE,00:58:00,01:00:00,2.0,FORWARD,15,52,SOURCE
613,613,11018,2.0,1,PUNE,SVJR,02:10:00,02:22:00,12.0,REVERSE,16,52,SOURCE
612,612,11018,2.0,2,SVJR,KK,02:22:00,02:26:00,4.0,REVERSE,16,51,SOURCE
611,611,11018,2.0,3,KK,DAPD,02:26:00,02:28:00,2.0,REVERSE,16,50,SOURCE
610,610,11018,2.0,4,DAPD,KSWD,02:28:00,02:32:00,4.0,REVERSE,16,49,SOURCE
609,609,11018,2.0,5,KSWD,PMP,02:32:00,02:34:00,2.0,REVERSE,16,48,SOURCE
608,608,11018,2.0,6,PMP,CCH,02:34:00,02:36:00,2.0,REVERSE,16,47,SOURCE
607,607,11018,2.0,7,CCH,AKRD,02:36:00,02:40:00,4.0,REVERSE,16,46,SOURCE
606,606,11018,2.0,8,AKRD,DEHR,02:40:00,02:45:00,5.0,REVERSE,16,45,SOURCE
605,605,11018,2.0,9,GRWD,TGN,02:51:00,02:54:00,3.0,REVERSE,16,42,SOURCE
604,604,11018,2.0,10,TGN,VDN,02:54:00,02:58:00,4.0,REVERSE,16,41,SOURCE
603,603,11018,2.0,11,VDN,KNHE,02:58:00,03:04:00,6.0,REVERSE,16,40,SOURCE
602,602,11018,2.0,12,KNHE,KMST,03:04:00,03:08:00,4.0,REVERSE,16,39,SOURCE
601,601,11018,2.0,13,KMST,MVL,03:08:00,03:17:00,9.0,REVERSE,16,38,SOURCE
600,600,11018,2.0,14,MVL,LNL,03:17:00,03:25:00,8.0,REVERSE,16,37,SOURCE
599,599,11018,2.0,15,LNL,KAD,03:24:00,03:30:00,6.0,REVERSE,16,36,SOURCE
598,598,11018,2.0,16,KAD,PDI,03:30:00,03:55:00,25.0,REVERSE,16,35,SOURCE
597,597,11018,2.0,17,PDI,KJT,03:55:00,03:58:00,3.0,REVERSE,16,34,SOURCE
596,596,11018,2.0,18,KJT,BVS,03:58:00,04:07:00,9.0,REVERSE,16,33,SOURCE
595,595,11018,2.0,19,BVS,NRL,04:07:00,04:15:00,8.0,REVERSE,16,32,SOURCE
594,594,11018,2.0,20,NRL,SHLU,04:15:00,04:20:00,5.0,REVERSE,16,31,SOURCE
593,593,11018,2.0,21,SHLU,VGI,04:20:00,04:25:00,5.0,REVERSE,16,30,SOURCE
592,592,11018,2.0,22,VGI,BUD,04:25:00,04:38:00,13.0,REVERSE,16,29,SOURCE
591,591,11018,2.0,23,BUD,ABH,04:38:00,04:47:00,9.0,REVERSE,16,28,SOURCE
590,590,11018,2.0,24,ABH,ULNR,04:47:00,04:50:00,3.0,REVERSE,16,27,SOURCE
589,589,11018,2.0,25,ULNR,VLDI,04:50:00,04:52:00,2.0,REVERSE,16,26,SOURCE
588,588,11018,2.0,26,VLDI,KYN,04:52:00,04:55:00,3.0,REVERSE,16,25,SOURCE
587,587,11018,2.0,27,KYN,THK,04:54:00,04:59:00,5.0,REVERSE,16,24,SOURCE
586,586,11018,2.0,28,THK,DI,04:59:00,05:01:00,2.0,REVERSE,16,23,SOURCE
585,585,11018,2.0,29,DI,KOPR,05:01:00,05:03:00,2.0,REVERSE,16,22,SOURCE
584,584,11018,2.0,30,KOPR,DIVA,05:03:00,05:08:00,5.0,REVERSE,16,21,SOURCE
583,583,11018,2.0,31,DIVA,MBQ,05:08:00,05:11:00,3.0,REVERSE,16,20,SOURCE
582,582,11018,2.0,32,MBQ,KLVA,05:11:00,05:17:00,6.0,REVERSE,16,19,SOURCE
581,581,11018,2.0,33,KLVA,TNA,05:17:00,05:20:00,3.0,REVERSE,16,18,SOURCE
580,580,11018,2.0,34,TNA,MLND,05:20:00,05:23:00,3.0,REVERSE,16,17,SOURCE
579,579,11018,2.0,35,MLND,NHU,05:23:00,05:26:00,3.0,REVERSE,16,16,SOURCE
578,578,11018,2.0,36,NHU,BND,05:26:00,05:28:00,2.0,REVERSE,16,15,SOURCE
577,577,11018,2.0,37,VK,GC,05:32:00,05:37:00,5.0,REVERSE,16,13,SOURCE
576,576,11018,2.0,38,GC,VVH,05:37:00,05:39:00,2.0,REVERSE,16,12,SOURCE
575,575,11018,2.0,39,VVH,CLA,05:39:00,05:42:00,3.0,REVERSE,16,11,SOURCE
574,574,11018,2.0,40,CLA,SIN,05:42:00,05:45:00,3.0,REVERSE,16,10,SOURCE
573,573,11018,2.0,41,SIN,MTN,05:45:00,05:48:00,3.0,REVERSE,16,9,SOURCE
572,572,11018,2.0,42,MTN,DR,05:48:00,05:50:00,2.0,REVERSE,16,8,SOURCE
614,614,11019,1.0,1,CSMT,MSD,15:10:00,15:11:00,1.0,FORWARD,17,1,SOURCE
615,615,11019,1.0,2,MSD,SNRD,15:11:00,15:13:00,2.0,FORWARD,17,2,SOURCE
616,616,11019,1.0,3,SNRD,BY,15:13:00,15:16:00,3.0,FORWARD,17,3,SOURCE
617,617,11019,1.0,4,CRD,PR,15:18:00,15:21:00,3.0,FORWARD,17,6,SOURCE
618,618,11019,1.0,5,PR,DR,15:21:00,15:23:00,2.0,FORWARD,17,7,SOURCE
619,619,11019,1.0,6,DR,MTN,15:25:00,15:26:00,1.0,FORWARD,17,8,SOURCE
620,620,11019,1.0,7,MTN,SIN,15:26:00,15:29:00,3.0,FORWARD,17,9,SOURCE
621,621,11019,1.0,8,SIN,CLA,15:29:00,15:31:00,2.0,FORWARD,17,10,SOURCE
622,622,11019,1.0,9,CLA,VVH,15:31:00,15:33:00,2.0,FORWARD,17,11,SOURCE
623,623,11019,1.0,10,VVH,GC,15:33:00,15:34:00,1.0,FORWARD,17,12,SOURCE
624,624,11019,1.0,11,GC,VK,15:34:00,15:38:00,4.0,FORWARD,17,13,SOURCE
625,625,11019,1.0,12,BND,NHU,15:41:00,15:43:00,2.0,FORWARD,17,15,SOURCE
626,626,11019,1.0,13,NHU,MLND,15:43:00,15:44:00,1.0,FORWARD,17,16,SOURCE
627,627,11019,1.0,14,MLND,TNA,15:44:00,15:47:00,3.0,FORWARD,17,17,SOURCE
628,628,11019,1.0,15,TNA,KLVA,15:47:00,15:49:00,2.0,FORWARD,17,18,SOURCE
629,629,11019,1.0,16,KLVA,MBQ,15:49:00,15:53:00,4.0,FORWARD,17,19,SOURCE
630,630,11019,1.0,17,MBQ,DIVA,15:53:00,15:55:00,2.0,FORWARD,17,20,SOURCE
631,631,11019,1.0,18,DIVA,KOPR,15:55:00,15:59:00,4.0,FORWARD,17,21,SOURCE
632,632,11019,1.0,19,KOPR,DI,15:59:00,16:00:00,1.0,FORWARD,17,22,SOURCE
633,633,11019,1.0,20,DI,THK,16:00:00,16:02:00,2.0,FORWARD,17,23,SOURCE
634,634,11019,1.0,21,THK,KYN,16:02:00,16:05:00,3.0,FORWARD,17,24,SOURCE
635,635,11019,1.0,22,KYN,VLDI,16:10:00,16:12:00,2.0,FORWARD,17,25,SOURCE
636,636,11019,1.0,23,VLDI,ULNR,16:12:00,16:14:00,2.0,FORWARD,17,26,SOURCE
637,637,11019,1.0,24,ULNR,ABH,16:14:00,16:16:00,2.0,FORWARD,17,27,SOURCE
638,638,11019,1.0,25,ABH,BUD,16:16:00,16:24:00,8.0,FORWARD,17,28,SOURCE
639,639,11019,1.0,26,BUD,VGI,16:24:00,16:34:00,10.0,FORWARD,17,29,SOURCE
640,640,11019,1.0,27,VGI,SHLU,16:34:00,16:37:00,3.0,FORWARD,17,30,SOURCE
641,641,11019,1.0,28,SHLU,NRL,16:37:00,16:41:00,4.0,FORWARD,17,31,SOURCE
642,642,11019,1.0,29,NRL,BVS,16:41:00,16:48:00,7.0,FORWARD,17,32,SOURCE
643,643,11019,1.0,30,BVS,KJT,16:48:00,16:53:00,5.0,FORWARD,17,33,SOURCE
644,644,11019,1.0,31,KJT,PDI,16:55:00,17:00:00,5.0,FORWARD,17,34,SOURCE
645,645,11019,1.0,32,PDI,KAD,17:00:00,17:36:00,36.0,FORWARD,17,35,SOURCE
646,646,11019,1.0,33,KAD,LNL,17:36:00,17:43:00,7.0,FORWARD,17,36,SOURCE
647,647,11019,1.0,34,LNL,MVL,17:45:00,17:53:00,8.0,FORWARD,17,37,SOURCE
648,648,11019,1.0,35,MVL,KMST,17:53:00,18:04:00,11.0,FORWARD,17,38,SOURCE
649,649,11019,1.0,36,KMST,KNHE,18:04:00,18:09:00,5.0,FORWARD,17,39,SOURCE
650,650,11019,1.0,37,KNHE,VDN,18:09:00,18:15:00,6.0,FORWARD,17,40,SOURCE
651,651,11019,1.0,38,VDN,TGN,18:15:00,18:20:00,5.0,FORWARD,17,41,SOURCE
652,652,11019,1.0,39,TGN,GRWD,18:20:00,18:23:00,3.0,FORWARD,17,42,SOURCE
653,653,11019,1.0,40,DEHR,AKRD,18:31:00,18:37:00,6.0,FORWARD,17,45,SOURCE
654,654,11019,1.0,41,AKRD,CCH,18:37:00,18:41:00,4.0,FORWARD,17,46,SOURCE
655,655,11019,1.0,42,CCH,PMP,18:41:00,18:44:00,3.0,FORWARD,17,47,SOURCE
656,656,11019,1.0,43,PMP,KSWD,18:44:00,18:46:00,2.0,FORWARD,17,48,SOURCE
657,657,11019,1.0,44,KSWD,DAPD,18:46:00,18:51:00,5.0,FORWARD,17,49,SOURCE
658,658,11019,1.0,45,DAPD,KK,18:51:00,18:53:00,2.0,FORWARD,17,50,SOURCE
659,659,11019,1.0,46,KK,SVJR,18:53:00,18:57:00,4.0,FORWARD,17,51,SOURCE
660,660,11019,1.0,47,SVJR,PUNE,18:57:00,19:00:00,3.0,FORWARD,17,52,SOURCE
663,663,11020,2.0,1,PUNE,SVJR,23:45:00,23:52:00,7.0,REVERSE,18,52,SOURCE
662,662,11020,2.0,2,SVJR,KK,23:52:00,23:56:00,4.0,REVERSE,18,51,SOURCE
661,661,11020,2.0,3,KK,DAPD,23:56:00,23:58:00,2.0,REVERSE,18,50,SOURCE
706,706,11020,3.0,1,KSWD,PMP,00:02:00,00:04:00,2.0,REVERSE,18,48,SOURCE
705,705,11020,3.0,2,PMP,CCH,00:04:00,00:06:00,2.0,REVERSE,18,47,SOURCE
704,704,11020,3.0,3,CCH,AKRD,00:06:00,00:10:00,4.0,REVERSE,18,46,SOURCE
703,703,11020,3.0,4,AKRD,DEHR,00:10:00,00:15:00,5.0,REVERSE,18,45,SOURCE
702,702,11020,3.0,5,GRWD,TGN,00:21:00,00:24:00,3.0,REVERSE,18,42,SOURCE
701,701,11020,3.0,6,TGN,VDN,00:24:00,00:28:00,4.0,REVERSE,18,41,SOURCE
700,700,11020,3.0,7,VDN,KNHE,00:28:00,00:34:00,6.0,REVERSE,18,40,SOURCE
699,699,11020,3.0,8,KNHE,KMST,00:34:00,00:38:00,4.0,REVERSE,18,39,SOURCE
698,698,11020,3.0,9,KMST,MVL,00:38:00,00:47:00,9.0,REVERSE,18,38,SOURCE
697,697,11020,3.0,10,MVL,LNL,00:47:00,00:55:00,8.0,REVERSE,18,37,SOURCE
696,696,11020,3.0,11,LNL,KAD,00:54:00,01:02:00,8.0,REVERSE,18,36,SOURCE
695,695,11020,3.0,12,KAD,PDI,01:02:00,01:38:00,36.0,REVERSE,18,35,SOURCE
694,694,11020,3.0,13,PDI,KJT,01:38:00,01:45:00,7.0,REVERSE,18,34,SOURCE
693,693,11020,3.0,14,KJT,BVS,01:44:00,01:53:00,9.0,REVERSE,18,33,SOURCE
692,692,11020,3.0,15,BVS,NRL,01:53:00,02:01:00,8.0,REVERSE,18,32,SOURCE
691,691,11020,3.0,16,NRL,SHLU,02:01:00,02:06:00,5.0,REVERSE,18,31,SOURCE
690,690,11020,3.0,17,SHLU,VGI,02:06:00,02:10:00,4.0,REVERSE,18,30,SOURCE
689,689,11020,3.0,18,VGI,BUD,02:10:00,02:23:00,13.0,REVERSE,18,29,SOURCE
688,688,11020,3.0,19,BUD,ABH,02:23:00,02:32:00,9.0,REVERSE,18,28,SOURCE
687,687,11020,3.0,20,ABH,ULNR,02:32:00,02:34:00,2.0,REVERSE,18,27,SOURCE
686,686,11020,3.0,21,ULNR,VLDI,02:34:00,02:37:00,3.0,REVERSE,18,26,SOURCE
685,685,11020,3.0,22,VLDI,KYN,02:37:00,02:40:00,3.0,REVERSE,18,25,SOURCE
684,684,11020,3.0,23,KYN,THK,02:39:00,02:43:00,4.0,REVERSE,18,24,SOURCE
683,683,11020,3.0,24,THK,DI,02:43:00,02:45:00,2.0,REVERSE,18,23,SOURCE
682,682,11020,3.0,25,DI,KOPR,02:45:00,02:46:00,1.0,REVERSE,18,22,SOURCE
681,681,11020,3.0,26,KOPR,DIVA,02:46:00,02:50:00,4.0,REVERSE,18,21,SOURCE
680,680,11020,3.0,27,DIVA,MBQ,02:50:00,02:53:00,3.0,REVERSE,18,20,SOURCE
679,679,11020,3.0,28,MBQ,KLVA,02:53:00,02:57:00,4.0,REVERSE,18,19,SOURCE
678,678,11020,3.0,29,KLVA,TNA,02:57:00,03:00:00,3.0,REVERSE,18,18,SOURCE
677,677,11020,3.0,30,TNA,MLND,02:59:00,03:03:00,4.0,REVERSE,18,17,SOURCE
676,676,11020,3.0,31,MLND,NHU,03:03:00,03:05:00,2.0,REVERSE,18,16,SOURCE
675,675,11020,3.0,32,NHU,BND,03:05:00,03:06:00,1.0,REVERSE,18,15,SOURCE
674,674,11020,3.0,33,VK,GC,03:10:00,03:14:00,4.0,REVERSE,18,13,SOURCE
673,673,11020,3.0,34,GC,VVH,03:14:00,03:15:00,1.0,REVERSE,18,12,SOURCE
672,672,11020,3.0,35,VVH,CLA,03:15:00,03:18:00,3.0,REVERSE,18,11,SOURCE
671,671,11020,3.0,36,CLA,SIN,03:18:00,03:20:00,2.0,REVERSE,18,10,SOURCE
670,670,11020,3.0,37,SIN,MTN,03:20:00,03:23:00,3.0,REVERSE,18,9,SOURCE
669,669,11020,3.0,38,MTN,DR,03:23:00,03:25:00,2.0,REVERSE,18,8,SOURCE
668,668,11020,3.0,39,DR,PR,03:24:00,03:28:00,4.0,REVERSE,18,7,SOURCE
667,667,11020,3.0,40,PR,CRD,03:28:00,03:35:00,7.0,REVERSE,18,6,SOURCE
666,666,11020,3.0,41,BY,SNRD,03:41:00,03:47:00,6.0,REVERSE,18,3,SOURCE
665,665,11020,3.0,42,SNRD,MSD,03:47:00,03:51:00,4.0,REVERSE,18,2,SOURCE
664,664,11020,3.0,43,MSD,CSMT,03:51:00,03:55:00,4.0,REVERSE,18,1,SOURCE
707,707,11023,1.0,1,CSMT,MSD,17:50:00,17:51:00,1.0,FORWARD,19,1,SOURCE
708,708,11023,1.0,2,MSD,SNRD,17:51:00,17:53:00,2.0,FORWARD,19,2,SOURCE
709,709,11023,1.0,3,SNRD,BY,17:53:00,17:55:00,2.0,FORWARD,19,3,SOURCE
710,710,11023,1.0,4,CRD,PR,17:58:00,18:00:00,2.0,FORWARD,19,6,SOURCE
711,711,11023,1.0,5,PR,DR,18:00:00,18:02:00,2.0,FORWARD,19,7,SOURCE
712,712,11023,1.0,6,DR,MTN,18:04:00,18:05:00,1.0,FORWARD,19,8,SOURCE
713,713,11023,1.0,7,MTN,SIN,18:05:00,18:08:00,3.0,FORWARD,19,9,SOURCE
714,714,11023,1.0,8,SIN,CLA,18:08:00,18:11:00,3.0,FORWARD,19,10,SOURCE
715,715,11023,1.0,9,CLA,VVH,18:11:00,18:13:00,2.0,FORWARD,19,11,SOURCE
716,716,11023,1.0,10,VVH,GC,18:13:00,18:14:00,1.0,FORWARD,19,12,SOURCE
717,717,11023,1.0,11,GC,VK,18:14:00,18:18:00,4.0,FORWARD,19,13,SOURCE
718,718,11023,1.0,12,BND,NHU,18:22:00,18:23:00,1.0,FORWARD,19,15,SOURCE
719,719,11023,1.0,13,NHU,MLND,18:23:00,18:25:00,2.0,FORWARD,19,16,SOURCE
720,720,11023,1.0,14,MLND,TNA,18:25:00,18:28:00,3.0,FORWARD,19,17,SOURCE
721,721,11023,1.0,15,TNA,KLVA,18:28:00,18:30:00,2.0,FORWARD,19,18,SOURCE
722,722,11023,1.0,16,KLVA,MBQ,18:30:00,18:35:00,5.0,FORWARD,19,19,SOURCE
723,723,11023,1.0,17,MBQ,DIVA,18:35:00,18:37:00,2.0,FORWARD,19,20,SOURCE
724,724,11023,1.0,18,DIVA,KOPR,18:37:00,18:42:00,5.0,FORWARD,19,21,SOURCE
725,725,11023,1.0,19,KOPR,DI,18:42:00,18:43:00,1.0,FORWARD,19,22,SOURCE
726,726,11023,1.0,20,DI,THK,18:43:00,18:44:00,1.0,FORWARD,19,23,SOURCE
727,727,11023,1.0,21,THK,KYN,18:44:00,18:48:00,4.0,FORWARD,19,24,SOURCE
728,728,11023,1.0,22,KYN,VLDI,18:50:00,18:53:00,3.0,FORWARD,19,25,SOURCE
729,729,11023,1.0,23,VLDI,ULNR,18:53:00,18:54:00,1.0,FORWARD,19,26,SOURCE
730,730,11023,1.0,24,ULNR,ABH,18:54:00,18:57:00,3.0,FORWARD,19,27,SOURCE
731,731,11023,1.0,25,ABH,BUD,18:57:00,19:05:00,8.0,FORWARD,19,28,SOURCE
732,732,11023,1.0,26,BUD,VGI,19:05:00,19:16:00,11.0,FORWARD,19,29,SOURCE
733,733,11023,1.0,27,VGI,SHLU,19:16:00,19:21:00,5.0,FORWARD,19,30,SOURCE
734,734,11023,1.0,28,SHLU,NRL,19:21:00,19:25:00,4.0,FORWARD,19,31,SOURCE
735,735,11023,1.0,29,NRL,BVS,19:25:00,19:32:00,7.0,FORWARD,19,32,SOURCE
736,736,11023,1.0,30,BVS,KJT,19:32:00,19:38:00,6.0,FORWARD,19,33,SOURCE
737,737,11023,1.0,31,KJT,PDI,19:40:00,19:44:00,4.0,FORWARD,19,34,SOURCE
738,738,11023,1.0,32,PDI,KAD,19:44:00,20:14:00,30.0,FORWARD,19,35,SOURCE
739,739,11023,1.0,33,KAD,LNL,20:16:00,20:23:00,7.0,FORWARD,19,36,SOURCE
740,740,11023,1.0,34,LNL,MVL,20:25:00,20:31:00,6.0,FORWARD,19,37,SOURCE
741,741,11023,1.0,35,MVL,KMST,20:31:00,20:38:00,7.0,FORWARD,19,38,SOURCE
742,742,11023,1.0,36,KMST,KNHE,20:38:00,20:42:00,4.0,FORWARD,19,39,SOURCE
743,743,11023,1.0,37,KNHE,VDN,20:42:00,20:46:00,4.0,FORWARD,19,40,SOURCE
744,744,11023,1.0,38,VDN,TGN,20:46:00,20:50:00,4.0,FORWARD,19,41,SOURCE
745,745,11023,1.0,39,TGN,GRWD,20:52:00,20:55:00,3.0,FORWARD,19,42,SOURCE
746,746,11023,1.0,40,DEHR,AKRD,21:05:00,21:11:00,6.0,FORWARD,19,45,SOURCE
747,747,11023,1.0,41,AKRD,CCH,21:11:00,21:14:00,3.0,FORWARD,19,46,SOURCE
748,748,11023,1.0,42,CCH,PMP,21:14:00,21:16:00,2.0,FORWARD,19,47,SOURCE
749,749,11023,1.0,43,PMP,KSWD,21:18:00,21:20:00,2.0,FORWARD,19,48,SOURCE
750,750,11023,1.0,44,KSWD,DAPD,21:20:00,21:24:00,4.0,FORWARD,19,49,SOURCE
751,751,11023,1.0,45,DAPD,KK,21:24:00,21:26:00,2.0,FORWARD,19,50,SOURCE
752,752,11023,1.0,46,KK,SVJR,21:28:00,21:33:00,5.0,FORWARD,19,51,SOURCE
753,753,11023,1.0,47,SVJR,PUNE,21:35:00,21:55:00,20.0,FORWARD,19,52,SOURCE
800,800,11024,2.0,1,PUNE,SVJR,06:50:00,07:25:00,35.0,REVERSE,20,52,SOURCE
799,799,11024,2.0,2,SVJR,KK,07:24:00,07:30:00,6.0,REVERSE,20,51,SOURCE
798,798,11024,2.0,3,KK,DAPD,07:29:00,07:32:00,3.0,REVERSE,20,50,SOURCE
797,797,11024,2.0,4,DAPD,KSWD,07:32:00,07:37:00,5.0,REVERSE,20,49,SOURCE
796,796,11024,2.0,5,KSWD,PMP,07:37:00,07:40:00,3.0,REVERSE,20,48,SOURCE
795,795,11024,2.0,6,PMP,CCH,07:39:00,07:43:00,4.0,REVERSE,20,47,SOURCE
794,794,11024,2.0,7,CCH,AKRD,07:43:00,07:48:00,5.0,REVERSE,20,46,SOURCE
793,793,11024,2.0,8,AKRD,DEHR,07:48:00,07:55:00,7.0,REVERSE,20,45,SOURCE
792,792,11024,2.0,9,GRWD,TGN,08:07:00,08:15:00,8.0,REVERSE,20,42,SOURCE
791,791,11024,2.0,10,TGN,VDN,08:13:00,08:20:00,7.0,REVERSE,20,41,SOURCE
790,790,11024,2.0,11,VDN,KNHE,08:20:00,08:27:00,7.0,REVERSE,20,40,SOURCE
789,789,11024,2.0,12,KNHE,KMST,08:27:00,08:33:00,6.0,REVERSE,20,39,SOURCE
788,788,11024,2.0,13,KMST,MVL,08:33:00,08:45:00,12.0,REVERSE,20,38,SOURCE
787,787,11024,2.0,14,MVL,LNL,08:45:00,08:55:00,10.0,REVERSE,20,37,SOURCE
786,786,11024,2.0,15,LNL,KAD,08:54:00,09:05:00,11.0,REVERSE,20,36,SOURCE
785,785,11024,2.0,16,KAD,PDI,09:04:00,09:42:00,38.0,REVERSE,20,35,SOURCE
784,784,11024,2.0,17,PDI,KJT,09:42:00,09:50:00,8.0,REVERSE,20,34,SOURCE
783,783,11024,2.0,18,KJT,BVS,09:49:00,10:00:00,11.0,REVERSE,20,33,SOURCE
782,782,11024,2.0,19,BVS,NRL,10:00:00,10:10:00,10.0,REVERSE,20,32,SOURCE
781,781,11024,2.0,20,NRL,SHLU,10:09:00,10:13:00,4.0,REVERSE,20,31,SOURCE
780,780,11024,2.0,21,SHLU,VGI,10:13:00,10:16:00,3.0,REVERSE,20,30,SOURCE
779,779,11024,2.0,22,VGI,BUD,10:16:00,10:24:00,8.0,REVERSE,20,29,SOURCE
778,778,11024,2.0,23,BUD,ABH,10:24:00,10:30:00,6.0,REVERSE,20,28,SOURCE
777,777,11024,2.0,24,ABH,ULNR,10:30:00,10:32:00,2.0,REVERSE,20,27,SOURCE
776,776,11024,2.0,25,ULNR,VLDI,10:32:00,10:34:00,2.0,REVERSE,20,26,SOURCE
775,775,11024,2.0,26,VLDI,KYN,10:34:00,10:40:00,6.0,REVERSE,20,25,SOURCE
774,774,11024,2.0,27,KYN,THK,10:35:00,10:43:00,8.0,REVERSE,20,24,SOURCE
773,773,11024,2.0,28,THK,DI,10:43:00,10:45:00,2.0,REVERSE,20,23,SOURCE
772,772,11024,2.0,29,DI,KOPR,10:45:00,10:46:00,1.0,REVERSE,20,22,SOURCE
771,771,11024,2.0,30,KOPR,DIVA,10:46:00,10:50:00,4.0,REVERSE,20,21,SOURCE
770,770,11024,2.0,31,DIVA,MBQ,10:50:00,10:52:00,2.0,REVERSE,20,20,SOURCE
769,769,11024,2.0,32,MBQ,KLVA,10:52:00,10:56:00,4.0,REVERSE,20,19,SOURCE
768,768,11024,2.0,33,KLVA,TNA,10:56:00,11:00:00,4.0,REVERSE,20,18,SOURCE
767,767,11024,2.0,34,TNA,MLND,10:58:00,11:03:00,5.0,REVERSE,20,17,SOURCE
766,766,11024,2.0,35,MLND,NHU,11:03:00,11:06:00,3.0,REVERSE,20,16,SOURCE
765,765,11024,2.0,36,NHU,BND,11:06:00,11:08:00,2.0,REVERSE,20,15,SOURCE
764,764,11024,2.0,37,VK,GC,11:12:00,11:16:00,4.0,REVERSE,20,13,SOURCE
763,763,11024,2.0,38,GC,VVH,11:16:00,11:18:00,2.0,REVERSE,20,12,SOURCE
762,762,11024,2.0,39,VVH,CLA,11:18:00,11:21:00,3.0,REVERSE,20,11,SOURCE
761,761,11024,2.0,40,CLA,SIN,11:21:00,11:24:00,3.0,REVERSE,20,10,SOURCE
760,760,11024,2.0,41,SIN,MTN,11:24:00,11:27:00,3.0,REVERSE,20,9,SOURCE
759,759,11024,2.0,42,MTN,DR,11:27:00,11:30:00,3.0,REVERSE,20,8,SOURCE
758,758,11024,2.0,43,DR,PR,11:28:00,11:33:00,5.0,REVERSE,20,7,SOURCE
757,757,11024,2.0,44,PR,CRD,11:33:00,11:38:00,5.0,REVERSE,20,6,SOURCE
756,756,11024,2.0,45,BY,SNRD,11:43:00,11:49:00,6.0,REVERSE,20,3,SOURCE
755,755,11024,2.0,46,SNRD,MSD,11:49:00,11:52:00,3.0,REVERSE,20,2,SOURCE
754,754,11024,2.0,47,MSD,CSMT,11:52:00,11:55:00,3.0,REVERSE,20,1,SOURCE
804,804,11025,1.0,1,THK,KYN,08:00:00,08:10:00,10.0,FORWARD,21,24,SOURCE
803,803,11025,1.0,2,DI,THK,08:10:00,08:13:00,3.0,FORWARD,21,23,SOURCE
802,802,11025,1.0,3,KOPR,DI,08:13:00,08:14:00,1.0,FORWARD,21,22,SOURCE
801,801,11025,1.0,4,DIVA,KOPR,08:14:00,08:21:00,7.0,FORWARD,21,21,SOURCE
805,805,11025,1.0,5,KJT,PDI,10:00:00,10:06:00,6.0,FORWARD,21,34,SOURCE
806,806,11025,1.0,6,PDI,KAD,10:06:00,10:46:00,40.0,FORWARD,21,35,SOURCE
807,807,11025,1.0,7,KAD,LNL,10:46:00,10:53:00,7.0,FORWARD,21,36,SOURCE
808,808,11025,1.0,8,LNL,MVL,10:55:00,11:00:00,5.0,FORWARD,21,37,SOURCE
809,809,11025,1.0,9,MVL,KMST,11:00:00,11:06:00,6.0,FORWARD,21,38,SOURCE
810,810,11025,1.0,10,KMST,KNHE,11:06:00,11:09:00,3.0,FORWARD,21,39,SOURCE
811,811,11025,1.0,11,KNHE,VDN,11:09:00,11:13:00,4.0,FORWARD,21,40,SOURCE
812,812,11025,1.0,12,VDN,TGN,11:13:00,11:16:00,3.0,FORWARD,21,41,SOURCE
813,813,11025,1.0,13,TGN,GRWD,11:16:00,11:18:00,2.0,FORWARD,21,42,SOURCE
814,814,11025,1.0,14,DEHR,AKRD,11:23:00,11:26:00,3.0,FORWARD,21,45,SOURCE
815,815,11025,1.0,15,AKRD,CCH,11:26:00,11:28:00,2.0,FORWARD,21,46,SOURCE
816,816,11025,1.0,16,CCH,PMP,11:30:00,11:35:00,5.0,FORWARD,21,47,SOURCE
817,817,11025,1.0,17,PMP,KSWD,11:35:00,11:39:00,4.0,FORWARD,21,48,SOURCE
818,818,11025,1.0,18,KSWD,DAPD,11:39:00,11:47:00,8.0,FORWARD,21,49,SOURCE
819,819,11025,1.0,19,DAPD,KK,11:47:00,11:51:00,4.0,FORWARD,21,50,SOURCE
820,820,11025,1.0,20,KK,SVJR,11:51:00,11:59:00,8.0,FORWARD,21,51,SOURCE
821,821,11025,1.0,21,SVJR,PUNE,11:59:00,12:05:00,6.0,FORWARD,21,52,SOURCE
842,842,11026,1.0,1,PUNE,SVJR,12:50:00,12:52:00,2.0,REVERSE,22,52,SOURCE
841,841,11026,1.0,2,SVJR,KK,12:52:00,12:56:00,4.0,REVERSE,22,51,SOURCE
840,840,11026,1.0,3,KK,DAPD,12:56:00,12:58:00,2.0,REVERSE,22,50,SOURCE
839,839,11026,1.0,4,DAPD,KSWD,12:58:00,13:01:00,3.0,REVERSE,22,49,SOURCE
838,838,11026,1.0,5,KSWD,PMP,13:01:00,13:03:00,2.0,REVERSE,22,48,SOURCE
837,837,11026,1.0,6,PMP,CCH,13:03:00,13:08:00,5.0,REVERSE,22,47,SOURCE
836,836,11026,1.0,7,CCH,AKRD,13:06:00,13:11:00,5.0,REVERSE,22,46,SOURCE
835,835,11026,1.0,8,AKRD,DEHR,13:11:00,13:17:00,6.0,REVERSE,22,45,SOURCE
834,834,11026,1.0,9,GRWD,TGN,13:24:00,13:27:00,3.0,REVERSE,22,42,SOURCE
833,833,11026,1.0,10,TGN,VDN,13:27:00,13:31:00,4.0,REVERSE,22,41,SOURCE
832,832,11026,1.0,11,VDN,KNHE,13:31:00,13:37:00,6.0,REVERSE,22,40,SOURCE
831,831,11026,1.0,12,KNHE,KMST,13:37:00,13:41:00,4.0,REVERSE,22,39,SOURCE
830,830,11026,1.0,13,KMST,MVL,13:41:00,13:51:00,10.0,REVERSE,22,38,SOURCE
829,829,11026,1.0,14,MVL,LNL,13:51:00,14:00:00,9.0,REVERSE,22,37,SOURCE
828,828,11026,1.0,15,LNL,KAD,13:58:00,14:07:00,9.0,REVERSE,22,36,SOURCE
827,827,11026,1.0,16,KAD,PDI,14:07:00,14:47:00,40.0,REVERSE,22,35,SOURCE
826,826,11026,1.0,17,PDI,KJT,14:47:00,14:55:00,8.0,REVERSE,22,34,SOURCE
822,822,11026,1.0,18,KOPR,DIVA,16:28:00,16:35:00,7.0,REVERSE,22,21,SOURCE
823,823,11026,1.0,19,DI,KOPR,16:35:00,16:37:00,2.0,REVERSE,22,22,SOURCE
824,824,11026,1.0,20,THK,DI,16:37:00,16:40:00,3.0,REVERSE,22,23,SOURCE
825,825,11026,1.0,21,KYN,THK,16:40:00,16:45:00,5.0,REVERSE,22,24,SOURCE
843,843,11027,1.0,1,CSMT,MSD,23:45:00,23:46:00,1.0,FORWARD,23,1,SOURCE
844,844,11027,1.0,2,MSD,SNRD,23:46:00,23:47:00,1.0,FORWARD,23,2,SOURCE
845,845,11027,1.0,3,SNRD,BY,23:47:00,23:48:00,1.0,FORWARD,23,3,SOURCE
846,846,11027,1.0,4,CRD,PR,23:50:00,23:52:00,2.0,FORWARD,23,6,SOURCE
847,847,11027,1.0,5,PR,DR,23:52:00,23:53:00,1.0,FORWARD,23,7,SOURCE
848,848,11027,1.0,6,DR,MTN,23:55:00,23:56:00,1.0,FORWARD,23,8,SOURCE
849,849,11027,1.0,7,MTN,SIN,23:56:00,23:59:00,3.0,FORWARD,23,9,SOURCE
850,850,11027,2.0,1,CLA,VVH,00:01:00,00:04:00,3.0,FORWARD,23,11,SOURCE
851,851,11027,2.0,2,VVH,GC,00:04:00,00:05:00,1.0,FORWARD,23,12,SOURCE
852,852,11027,2.0,3,GC,VK,00:05:00,00:09:00,4.0,FORWARD,23,13,SOURCE
853,853,11027,2.0,4,BND,NHU,00:12:00,00:14:00,2.0,FORWARD,23,15,SOURCE
854,854,11027,2.0,5,NHU,MLND,00:14:00,00:16:00,2.0,FORWARD,23,16,SOURCE
855,855,11027,2.0,6,MLND,TNA,00:16:00,00:18:00,2.0,FORWARD,23,17,SOURCE
856,856,11027,2.0,7,TNA,KLVA,00:18:00,00:21:00,3.0,FORWARD,23,18,SOURCE
857,857,11027,2.0,8,KLVA,MBQ,00:21:00,00:25:00,4.0,FORWARD,23,19,SOURCE
858,858,11027,2.0,9,MBQ,DIVA,00:25:00,00:28:00,3.0,FORWARD,23,20,SOURCE
859,859,11027,2.0,10,DIVA,KOPR,00:28:00,00:32:00,4.0,FORWARD,23,21,SOURCE
860,860,11027,2.0,11,KOPR,DI,00:32:00,00:33:00,1.0,FORWARD,23,22,SOURCE
861,861,11027,2.0,12,DI,THK,00:33:00,00:34:00,1.0,FORWARD,23,23,SOURCE
862,862,11027,2.0,13,THK,KYN,00:34:00,00:38:00,4.0,FORWARD,23,24,SOURCE
863,863,11027,2.0,14,KYN,VLDI,00:40:00,00:42:00,2.0,FORWARD,23,25,SOURCE
864,864,11027,2.0,15,VLDI,ULNR,00:42:00,00:44:00,2.0,FORWARD,23,26,SOURCE
865,865,11027,2.0,16,ULNR,ABH,00:44:00,00:46:00,2.0,FORWARD,23,27,SOURCE
866,866,11027,2.0,17,ABH,BUD,00:46:00,00:54:00,8.0,FORWARD,23,28,SOURCE
867,867,11027,2.0,18,BUD,VGI,00:54:00,01:04:00,10.0,FORWARD,23,29,SOURCE
868,868,11027,2.0,19,VGI,SHLU,01:04:00,01:07:00,3.0,FORWARD,23,30,SOURCE
869,869,11027,2.0,20,SHLU,NRL,01:07:00,01:11:00,4.0,FORWARD,23,31,SOURCE
870,870,11027,2.0,21,NRL,BVS,01:11:00,01:18:00,7.0,FORWARD,23,32,SOURCE
871,871,11027,2.0,22,BVS,KJT,01:18:00,01:23:00,5.0,FORWARD,23,33,SOURCE
872,872,11027,2.0,23,KJT,PDI,01:25:00,01:30:00,5.0,FORWARD,23,34,SOURCE
873,873,11027,2.0,24,PDI,KAD,01:30:00,02:06:00,36.0,FORWARD,23,35,SOURCE
874,874,11027,2.0,25,KAD,LNL,02:06:00,02:13:00,7.0,FORWARD,23,36,SOURCE
875,875,11027,2.0,26,LNL,MVL,02:15:00,02:21:00,6.0,FORWARD,23,37,SOURCE
876,876,11027,2.0,27,MVL,KMST,02:21:00,02:27:00,6.0,FORWARD,23,38,SOURCE
877,877,11027,2.0,28,KMST,KNHE,02:27:00,02:31:00,4.0,FORWARD,23,39,SOURCE
878,878,11027,2.0,29,KNHE,VDN,02:31:00,02:35:00,4.0,FORWARD,23,40,SOURCE
879,879,11027,2.0,30,VDN,TGN,02:35:00,02:38:00,3.0,FORWARD,23,41,SOURCE
880,880,11027,2.0,31,TGN,GRWD,02:38:00,02:40:00,2.0,FORWARD,23,42,SOURCE
881,881,11027,2.0,32,DEHR,AKRD,02:46:00,02:50:00,4.0,FORWARD,23,45,SOURCE
882,882,11027,2.0,33,AKRD,CCH,02:50:00,02:52:00,2.0,FORWARD,23,46,SOURCE
883,883,11027,2.0,34,CCH,PMP,02:52:00,02:54:00,2.0,FORWARD,23,47,SOURCE
884,884,11027,2.0,35,PMP,KSWD,02:54:00,02:56:00,2.0,FORWARD,23,48,SOURCE
885,885,11027,2.0,36,KSWD,DAPD,02:56:00,02:58:00,2.0,FORWARD,23,49,SOURCE
886,886,11027,2.0,37,DAPD,KK,02:58:00,03:00:00,2.0,FORWARD,23,50,SOURCE
887,887,11027,2.0,38,KK,SVJR,03:02:00,03:16:00,14.0,FORWARD,23,51,SOURCE
888,888,11027,2.0,39,SVJR,PUNE,03:16:00,03:25:00,9.0,FORWARD,23,52,SOURCE
895,895,11028,2.0,1,PUNE,SVJR,23:20:00,23:34:00,14.0,REVERSE,24,52,SOURCE
894,894,11028,2.0,2,SVJR,KK,23:34:00,23:40:00,6.0,REVERSE,24,51,SOURCE
893,893,11028,2.0,3,KK,DAPD,23:39:00,23:42:00,3.0,REVERSE,24,50,SOURCE
892,892,11028,2.0,4,DAPD,KSWD,23:42:00,23:46:00,4.0,REVERSE,24,49,SOURCE
891,891,11028,2.0,5,KSWD,PMP,23:46:00,23:49:00,3.0,REVERSE,24,48,SOURCE
890,890,11028,2.0,6,PMP,CCH,23:49:00,23:52:00,3.0,REVERSE,24,47,SOURCE
889,889,11028,2.0,7,CCH,AKRD,23:52:00,23:55:00,3.0,REVERSE,24,46,SOURCE
934,934,11028,3.0,1,GRWD,TGN,00:08:00,00:11:00,3.0,REVERSE,24,42,SOURCE
933,933,11028,3.0,2,TGN,VDN,00:11:00,00:16:00,5.0,REVERSE,24,41,SOURCE
932,932,11028,3.0,3,VDN,KNHE,00:16:00,00:21:00,5.0,REVERSE,24,40,SOURCE
931,931,11028,3.0,4,KNHE,KMST,00:21:00,00:26:00,5.0,REVERSE,24,39,SOURCE
930,930,11028,3.0,5,KMST,MVL,00:26:00,00:36:00,10.0,REVERSE,24,38,SOURCE
929,929,11028,3.0,6,MVL,LNL,00:36:00,00:45:00,9.0,REVERSE,24,37,SOURCE
928,928,11028,3.0,7,LNL,KAD,00:44:00,00:52:00,8.0,REVERSE,24,36,SOURCE
927,927,11028,3.0,8,KAD,PDI,00:52:00,01:28:00,36.0,REVERSE,24,35,SOURCE
926,926,11028,3.0,9,PDI,KJT,01:28:00,01:35:00,7.0,REVERSE,24,34,SOURCE
925,925,11028,3.0,10,KJT,BVS,01:34:00,01:43:00,9.0,REVERSE,24,33,SOURCE
924,924,11028,3.0,11,BVS,NRL,01:43:00,01:51:00,8.0,REVERSE,24,32,SOURCE
923,923,11028,3.0,12,NRL,SHLU,01:51:00,01:56:00,5.0,REVERSE,24,31,SOURCE
922,922,11028,3.0,13,SHLU,VGI,01:56:00,02:01:00,5.0,REVERSE,24,30,SOURCE
921,921,11028,3.0,14,VGI,BUD,02:01:00,02:14:00,13.0,REVERSE,24,29,SOURCE
920,920,11028,3.0,15,BUD,ABH,02:14:00,02:23:00,9.0,REVERSE,24,28,SOURCE
919,919,11028,3.0,16,ABH,ULNR,02:23:00,02:26:00,3.0,REVERSE,24,27,SOURCE
918,918,11028,3.0,17,ULNR,VLDI,02:26:00,02:28:00,2.0,REVERSE,24,26,SOURCE
917,917,11028,3.0,18,VLDI,KYN,02:28:00,02:30:00,2.0,REVERSE,24,25,SOURCE
916,916,11028,3.0,19,KYN,THK,02:29:00,02:33:00,4.0,REVERSE,24,24,SOURCE
915,915,11028,3.0,20,THK,DI,02:33:00,02:34:00,1.0,REVERSE,24,23,SOURCE
913,913,11028,3.0,21,KOPR,DIVA,02:34:00,02:38:00,4.0,REVERSE,24,21,SOURCE
914,914,11028,3.0,22,DI,KOPR,02:34:00,02:34:00,0.0,REVERSE,24,22,SOURCE
912,912,11028,3.0,23,DIVA,MBQ,02:38:00,02:39:00,1.0,REVERSE,24,20,SOURCE
911,911,11028,3.0,24,MBQ,KLVA,02:39:00,02:43:00,4.0,REVERSE,24,19,SOURCE
910,910,11028,3.0,25,KLVA,TNA,02:43:00,02:45:00,2.0,REVERSE,24,18,SOURCE
909,909,11028,3.0,26,TNA,MLND,02:44:00,02:48:00,4.0,REVERSE,24,17,SOURCE
908,908,11028,3.0,27,MLND,NHU,02:48:00,02:51:00,3.0,REVERSE,24,16,SOURCE
907,907,11028,3.0,28,NHU,BND,02:51:00,02:53:00,2.0,REVERSE,24,15,SOURCE
906,906,11028,3.0,29,VK,GC,02:57:00,03:01:00,4.0,REVERSE,24,13,SOURCE
905,905,11028,3.0,30,GC,VVH,03:01:00,03:03:00,2.0,REVERSE,24,12,SOURCE
904,904,11028,3.0,31,VVH,CLA,03:03:00,03:06:00,3.0,REVERSE,24,11,SOURCE
903,903,11028,3.0,32,CLA,SIN,03:06:00,03:09:00,3.0,REVERSE,24,10,SOURCE
902,902,11028,3.0,33,SIN,MTN,03:09:00,03:12:00,3.0,REVERSE,24,9,SOURCE
901,901,11028,3.0,34,MTN,DR,03:12:00,03:15:00,3.0,REVERSE,24,8,SOURCE
900,900,11028,3.0,35,DR,PR,03:14:00,03:18:00,4.0,REVERSE,24,7,SOURCE
899,899,11028,3.0,36,PR,CRD,03:18:00,03:25:00,7.0,REVERSE,24,6,SOURCE
898,898,11028,3.0,37,BY,SNRD,03:31:00,03:37:00,6.0,REVERSE,24,3,SOURCE
897,897,11028,3.0,38,SNRD,MSD,03:37:00,03:41:00,4.0,REVERSE,24,2,SOURCE
896,896,11028,3.0,39,MSD,CSMT,03:41:00,03:45:00,4.0,REVERSE,24,1,SOURCE
935,935,11029,1.0,1,CSMT,MSD,08:40:00,08:41:00,1.0,FORWARD,25,1,SOURCE
936,936,11029,1.0,2,MSD,SNRD,08:41:00,08:43:00,2.0,FORWARD,25,2,SOURCE
937,937,11029,1.0,3,SNRD,BY,08:43:00,08:46:00,3.0,FORWARD,25,3,SOURCE
938,938,11029,1.0,4,CRD,PR,08:48:00,08:51:00,3.0,FORWARD,25,6,SOURCE
939,939,11029,1.0,5,PR,DR,08:51:00,08:53:00,2.0,FORWARD,25,7,SOURCE
940,940,11029,1.0,6,DR,MTN,08:55:00,08:56:00,1.0,FORWARD,25,8,SOURCE
941,941,11029,1.0,7,MTN,SIN,08:56:00,08:58:00,2.0,FORWARD,25,9,SOURCE
942,942,11029,1.0,8,SIN,CLA,08:58:00,09:00:00,2.0,FORWARD,25,10,SOURCE
943,943,11029,1.0,9,CLA,VVH,09:00:00,09:02:00,2.0,FORWARD,25,11,SOURCE
944,944,11029,1.0,10,VVH,GC,09:02:00,09:03:00,1.0,FORWARD,25,12,SOURCE
945,945,11029,1.0,11,GC,VK,09:03:00,09:05:00,2.0,FORWARD,25,13,SOURCE
946,946,11029,1.0,12,BND,NHU,09:08:00,09:09:00,1.0,FORWARD,25,15,SOURCE
947,947,11029,1.0,13,NHU,MLND,09:09:00,09:11:00,2.0,FORWARD,25,16,SOURCE
948,948,11029,1.0,14,MLND,TNA,09:11:00,09:13:00,2.0,FORWARD,25,17,SOURCE
949,949,11029,1.0,15,TNA,KLVA,09:15:00,09:17:00,2.0,FORWARD,25,18,SOURCE
950,950,11029,1.0,16,KLVA,MBQ,09:17:00,09:21:00,4.0,FORWARD,25,19,SOURCE
951,951,11029,1.0,17,MBQ,DIVA,09:21:00,09:24:00,3.0,FORWARD,25,20,SOURCE
952,952,11029,1.0,18,DIVA,KOPR,09:24:00,09:28:00,4.0,FORWARD,25,21,SOURCE
953,953,11029,1.0,19,KOPR,DI,09:28:00,09:29:00,1.0,FORWARD,25,22,SOURCE
954,954,11029,1.0,20,DI,THK,09:29:00,09:30:00,1.0,FORWARD,25,23,SOURCE
955,955,11029,1.0,21,THK,KYN,09:30:00,09:33:00,3.0,FORWARD,25,24,SOURCE
956,956,11029,1.0,22,KYN,VLDI,09:35:00,09:37:00,2.0,FORWARD,25,25,SOURCE
957,957,11029,1.0,23,VLDI,ULNR,09:37:00,09:39:00,2.0,FORWARD,25,26,SOURCE
958,958,11029,1.0,24,ULNR,ABH,09:39:00,09:41:00,2.0,FORWARD,25,27,SOURCE
959,959,11029,1.0,25,ABH,BUD,09:41:00,09:47:00,6.0,FORWARD,25,28,SOURCE
960,960,11029,1.0,26,BUD,VGI,09:47:00,09:56:00,9.0,FORWARD,25,29,SOURCE
961,961,11029,1.0,27,VGI,SHLU,09:56:00,10:00:00,4.0,FORWARD,25,30,SOURCE
962,962,11029,1.0,28,SHLU,NRL,10:00:00,10:03:00,3.0,FORWARD,25,31,SOURCE
963,963,11029,1.0,29,NRL,BVS,10:05:00,10:12:00,7.0,FORWARD,25,32,SOURCE
964,964,11029,1.0,30,BVS,KJT,10:12:00,10:18:00,6.0,FORWARD,25,33,SOURCE
965,965,11029,1.0,31,KJT,PDI,10:20:00,10:25:00,5.0,FORWARD,25,34,SOURCE
966,966,11029,1.0,32,PDI,KAD,10:25:00,10:58:00,33.0,FORWARD,25,35,SOURCE
967,967,11029,1.0,33,KAD,LNL,11:00:00,11:13:00,13.0,FORWARD,25,36,SOURCE
968,968,11029,1.0,34,LNL,MVL,11:15:00,11:20:00,5.0,FORWARD,25,37,SOURCE
969,969,11029,1.0,35,MVL,KMST,11:20:00,11:27:00,7.0,FORWARD,25,38,SOURCE
970,970,11029,1.0,36,KMST,KNHE,11:27:00,11:31:00,4.0,FORWARD,25,39,SOURCE
971,971,11029,1.0,37,KNHE,VDN,11:31:00,11:35:00,4.0,FORWARD,25,40,SOURCE
972,972,11029,1.0,38,VDN,TGN,11:35:00,11:38:00,3.0,FORWARD,25,41,SOURCE
973,973,11029,1.0,39,TGN,GRWD,11:40:00,11:43:00,3.0,FORWARD,25,42,SOURCE
974,974,11029,1.0,40,DEHR,AKRD,11:50:00,11:55:00,5.0,FORWARD,25,45,SOURCE
975,975,11029,1.0,41,AKRD,CCH,11:55:00,11:58:00,3.0,FORWARD,25,46,SOURCE
976,976,11029,1.0,42,CCH,PMP,12:00:00,12:02:00,2.0,FORWARD,25,47,SOURCE
977,977,11029,1.0,43,PMP,KSWD,12:02:00,12:04:00,2.0,FORWARD,25,48,SOURCE
978,978,11029,1.0,44,KSWD,DAPD,12:04:00,12:08:00,4.0,FORWARD,25,49,SOURCE
979,979,11029,1.0,45,DAPD,KK,12:08:00,12:10:00,2.0,FORWARD,25,50,SOURCE
980,980,11029,1.0,46,KK,SVJR,12:12:00,12:18:00,6.0,FORWARD,25,51,SOURCE
981,981,11029,1.0,47,SVJR,PUNE,12:20:00,12:40:00,20.0,FORWARD,25,52,SOURCE
1028,1028,11030,1.0,1,PUNE,SVJR,15:40:00,15:55:00,15.0,REVERSE,26,52,SOURCE
1027,1027,11030,1.0,2,SVJR,KK,15:53:00,16:01:00,8.0,REVERSE,26,51,SOURCE
1026,1026,11030,1.0,3,KK,DAPD,16:01:00,16:05:00,4.0,REVERSE,26,50,SOURCE
1025,1025,11030,1.0,4,DAPD,KSWD,16:05:00,16:12:00,7.0,REVERSE,26,49,SOURCE
1024,1024,11030,1.0,5,KSWD,PMP,16:12:00,16:16:00,4.0,REVERSE,26,48,SOURCE
1023,1023,11030,1.0,6,PMP,CCH,16:16:00,16:22:00,6.0,REVERSE,26,47,SOURCE
1022,1022,11030,1.0,7,CCH,AKRD,16:20:00,16:25:00,5.0,REVERSE,26,46,SOURCE
1021,1021,11030,1.0,8,AKRD,DEHR,16:25:00,16:29:00,4.0,REVERSE,26,45,SOURCE
1020,1020,11030,1.0,9,GRWD,TGN,16:35:00,16:40:00,5.0,REVERSE,26,42,SOURCE
1019,1019,11030,1.0,10,TGN,VDN,16:38:00,16:44:00,6.0,REVERSE,26,41,SOURCE
1018,1018,11030,1.0,11,VDN,KNHE,16:44:00,16:50:00,6.0,REVERSE,26,40,SOURCE
1017,1017,11030,1.0,12,KNHE,KMST,16:50:00,16:55:00,5.0,REVERSE,26,39,SOURCE
1016,1016,11030,1.0,13,KMST,MVL,16:55:00,17:05:00,10.0,REVERSE,26,38,SOURCE
1015,1015,11030,1.0,14,MVL,LNL,17:05:00,17:15:00,10.0,REVERSE,26,37,SOURCE
1014,1014,11030,1.0,15,LNL,KAD,17:13:00,17:25:00,12.0,REVERSE,26,36,SOURCE
1013,1013,11030,1.0,16,KAD,PDI,17:23:00,18:01:00,38.0,REVERSE,26,35,SOURCE
1012,1012,11030,1.0,17,PDI,KJT,18:01:00,18:10:00,9.0,REVERSE,26,34,SOURCE
1011,1011,11030,1.0,18,KJT,BVS,18:08:00,18:16:00,8.0,REVERSE,26,33,SOURCE
1010,1010,11030,1.0,19,BVS,NRL,18:16:00,18:23:00,7.0,REVERSE,26,32,SOURCE
1009,1009,11030,1.0,20,NRL,SHLU,18:23:00,18:27:00,4.0,REVERSE,26,31,SOURCE
1008,1008,11030,1.0,21,SHLU,VGI,18:27:00,18:30:00,3.0,REVERSE,26,30,SOURCE
1007,1007,11030,1.0,22,VGI,BUD,18:30:00,18:40:00,10.0,REVERSE,26,29,SOURCE
1006,1006,11030,1.0,23,BUD,ABH,18:40:00,18:48:00,8.0,REVERSE,26,28,SOURCE
1005,1005,11030,1.0,24,ABH,ULNR,18:48:00,18:50:00,2.0,REVERSE,26,27,SOURCE
1004,1004,11030,1.0,25,ULNR,VLDI,18:50:00,18:52:00,2.0,REVERSE,26,26,SOURCE
1003,1003,11030,1.0,26,VLDI,KYN,18:52:00,18:55:00,3.0,REVERSE,26,25,SOURCE
1002,1002,11030,1.0,27,KYN,THK,18:53:00,18:59:00,6.0,REVERSE,26,24,SOURCE
1001,1001,11030,1.0,28,THK,DI,18:59:00,19:01:00,2.0,REVERSE,26,23,SOURCE
1000,1000,11030,1.0,29,DI,KOPR,19:01:00,19:02:00,1.0,REVERSE,26,22,SOURCE
999,999,11030,1.0,30,KOPR,DIVA,19:02:00,19:07:00,5.0,REVERSE,26,21,SOURCE
998,998,11030,1.0,31,DIVA,MBQ,19:07:00,19:10:00,3.0,REVERSE,26,20,SOURCE
997,997,11030,1.0,32,MBQ,KLVA,19:10:00,19:15:00,5.0,REVERSE,26,19,SOURCE
996,996,11030,1.0,33,KLVA,TNA,19:15:00,19:20:00,5.0,REVERSE,26,18,SOURCE
995,995,11030,1.0,34,TNA,MLND,19:18:00,19:24:00,6.0,REVERSE,26,17,SOURCE
994,994,11030,1.0,35,MLND,NHU,19:24:00,19:28:00,4.0,REVERSE,26,16,SOURCE
993,993,11030,1.0,36,NHU,BND,19:28:00,19:30:00,2.0,REVERSE,26,15,SOURCE
992,992,11030,1.0,37,VK,GC,19:36:00,19:42:00,6.0,REVERSE,26,13,SOURCE
991,991,11030,1.0,38,GC,VVH,19:42:00,19:44:00,2.0,REVERSE,26,12,SOURCE
990,990,11030,1.0,39,VVH,CLA,19:44:00,19:48:00,4.0,REVERSE,26,11,SOURCE
989,989,11030,1.0,40,CLA,SIN,19:48:00,19:52:00,4.0,REVERSE,26,10,SOURCE
988,988,11030,1.0,41,SIN,MTN,19:52:00,19:56:00,4.0,REVERSE,26,9,SOURCE
987,987,11030,1.0,42,MTN,DR,19:56:00,20:00:00,4.0,REVERSE,26,8,SOURCE
986,986,11030,1.0,43,DR,PR,19:58:00,20:02:00,4.0,REVERSE,26,7,SOURCE
985,985,11030,1.0,44,PR,CRD,20:02:00,20:07:00,5.0,REVERSE,26,6,SOURCE
984,984,11030,1.0,45,BY,SNRD,20:12:00,20:16:00,4.0,REVERSE,26,3,SOURCE
983,983,11030,1.0,46,SNRD,MSD,20:16:00,20:19:00,3.0,REVERSE,26,2,SOURCE
982,982,11030,1.0,47,MSD,CSMT,20:19:00,20:22:00,3.0,REVERSE,26,1,SOURCE
1029,1029,11035,1.0,1,DR,MTN,21:30:00,21:31:00,1.0,FORWARD,27,8,SOURCE
1030,1030,11035,1.0,2,MTN,SIN,21:31:00,21:34:00,3.0,FORWARD,27,9,SOURCE
1031,1031,11035,1.0,3,SIN,CLA,21:34:00,21:36:00,2.0,FORWARD,27,10,SOURCE
1032,1032,11035,1.0,4,CLA,VVH,21:36:00,21:39:00,3.0,FORWARD,27,11,SOURCE
1033,1033,11035,1.0,5,VVH,GC,21:39:00,21:40:00,1.0,FORWARD,27,12,SOURCE
1034,1034,11035,1.0,6,GC,VK,21:40:00,21:43:00,3.0,FORWARD,27,13,SOURCE
1035,1035,11035,1.0,7,BND,NHU,21:47:00,21:49:00,2.0,FORWARD,27,15,SOURCE
1036,1036,11035,1.0,8,NHU,MLND,21:49:00,21:51:00,2.0,FORWARD,27,16,SOURCE
1037,1037,11035,1.0,9,MLND,TNA,21:51:00,21:53:00,2.0,FORWARD,27,17,SOURCE
1038,1038,11035,1.0,10,TNA,KLVA,21:53:00,21:56:00,3.0,FORWARD,27,18,SOURCE
1039,1039,11035,1.0,11,KLVA,MBQ,21:56:00,22:00:00,4.0,FORWARD,27,19,SOURCE
1040,1040,11035,1.0,12,MBQ,DIVA,22:00:00,22:02:00,2.0,FORWARD,27,20,SOURCE
1041,1041,11035,1.0,13,DIVA,KOPR,22:02:00,22:06:00,4.0,FORWARD,27,21,SOURCE
1042,1042,11035,1.0,14,KOPR,DI,22:06:00,22:08:00,2.0,FORWARD,27,22,SOURCE
1043,1043,11035,1.0,15,DI,THK,22:08:00,22:09:00,1.0,FORWARD,27,23,SOURCE
1044,1044,11035,1.0,16,THK,KYN,22:09:00,22:13:00,4.0,FORWARD,27,24,SOURCE
1045,1045,11035,1.0,17,KYN,VLDI,22:15:00,22:18:00,3.0,FORWARD,27,25,SOURCE
1046,1046,11035,1.0,18,VLDI,ULNR,22:18:00,22:20:00,2.0,FORWARD,27,26,SOURCE
1047,1047,11035,1.0,19,ULNR,ABH,22:20:00,22:23:00,3.0,FORWARD,27,27,SOURCE
1048,1048,11035,1.0,20,ABH,BUD,22:23:00,22:32:00,9.0,FORWARD,27,28,SOURCE
1049,1049,11035,1.0,21,BUD,VGI,22:32:00,22:44:00,12.0,FORWARD,27,29,SOURCE
1050,1050,11035,1.0,22,VGI,SHLU,22:44:00,22:49:00,5.0,FORWARD,27,30,SOURCE
1051,1051,11035,1.0,23,SHLU,NRL,22:49:00,22:53:00,4.0,FORWARD,27,31,SOURCE
1052,1052,11035,1.0,24,NRL,BVS,22:53:00,23:01:00,8.0,FORWARD,27,32,SOURCE
1053,1053,11035,1.0,25,BVS,KJT,23:01:00,23:08:00,7.0,FORWARD,27,33,SOURCE
1054,1054,11035,1.0,26,KJT,PDI,23:10:00,23:14:00,4.0,FORWARD,27,34,SOURCE
1055,1055,11035,1.0,27,PDI,KAD,23:14:00,23:47:00,33.0,FORWARD,27,35,SOURCE
1056,1056,11035,1.0,28,KAD,LNL,23:47:00,23:53:00,6.0,FORWARD,27,36,SOURCE
1057,1057,11035,2.0,1,MVL,KMST,00:02:00,00:11:00,9.0,FORWARD,27,38,SOURCE
1058,1058,11035,2.0,2,KMST,KNHE,00:11:00,00:16:00,5.0,FORWARD,27,39,SOURCE
1059,1059,11035,2.0,3,KNHE,VDN,00:16:00,00:21:00,5.0,FORWARD,27,40,SOURCE
1060,1060,11035,2.0,4,VDN,TGN,00:21:00,00:25:00,4.0,FORWARD,27,41,SOURCE
1061,1061,11035,2.0,5,TGN,GRWD,00:25:00,00:28:00,3.0,FORWARD,27,42,SOURCE
1062,1062,11035,2.0,6,DEHR,AKRD,00:35:00,00:40:00,5.0,FORWARD,27,45,SOURCE
1063,1063,11035,2.0,7,AKRD,CCH,00:40:00,00:43:00,3.0,FORWARD,27,46,SOURCE
1064,1064,11035,2.0,8,CCH,PMP,00:43:00,00:45:00,2.0,FORWARD,27,47,SOURCE
1065,1065,11035,2.0,9,PMP,KSWD,00:45:00,00:48:00,3.0,FORWARD,27,48,SOURCE
1066,1066,11035,2.0,10,KSWD,DAPD,00:48:00,00:51:00,3.0,FORWARD,27,49,SOURCE
1067,1067,11035,2.0,11,DAPD,KK,00:51:00,00:53:00,2.0,FORWARD,27,50,SOURCE
1068,1068,11035,2.0,12,KK,SVJR,00:53:00,00:57:00,4.0,FORWARD,27,51,SOURCE
1069,1069,11035,2.0,13,SVJR,PUNE,00:57:00,01:00:00,3.0,FORWARD,27,52,SOURCE
1111,1111,11036,2.0,1,PUNE,SVJR,02:10:00,02:22:00,12.0,REVERSE,28,52,SOURCE
1110,1110,11036,2.0,2,SVJR,KK,02:22:00,02:26:00,4.0,REVERSE,28,51,SOURCE
1109,1109,11036,2.0,3,KK,DAPD,02:26:00,02:28:00,2.0,REVERSE,28,50,SOURCE
1108,1108,11036,2.0,4,DAPD,KSWD,02:28:00,02:32:00,4.0,REVERSE,28,49,SOURCE
1107,1107,11036,2.0,5,KSWD,PMP,02:32:00,02:34:00,2.0,REVERSE,28,48,SOURCE
1106,1106,11036,2.0,6,PMP,CCH,02:34:00,02:36:00,2.0,REVERSE,28,47,SOURCE
1105,1105,11036,2.0,7,CCH,AKRD,02:36:00,02:40:00,4.0,REVERSE,28,46,SOURCE
1104,1104,11036,2.0,8,AKRD,DEHR,02:40:00,02:44:00,4.0,REVERSE,28,45,SOURCE
1103,1103,11036,2.0,9,GRWD,TGN,02:51:00,02:54:00,3.0,REVERSE,28,42,SOURCE
1102,1102,11036,2.0,10,TGN,VDN,02:54:00,02:58:00,4.0,REVERSE,28,41,SOURCE
1101,1101,11036,2.0,11,VDN,KNHE,02:58:00,03:03:00,5.0,REVERSE,28,40,SOURCE
1100,1100,11036,2.0,12,KNHE,KMST,03:03:00,03:08:00,5.0,REVERSE,28,39,SOURCE
1099,1099,11036,2.0,13,KMST,MVL,03:08:00,03:16:00,8.0,REVERSE,28,38,SOURCE
1098,1098,11036,2.0,14,MVL,LNL,03:16:00,03:25:00,9.0,REVERSE,28,37,SOURCE
1097,1097,11036,2.0,15,LNL,KAD,03:24:00,03:29:00,5.0,REVERSE,28,36,SOURCE
1096,1096,11036,2.0,16,KAD,PDI,03:29:00,03:55:00,26.0,REVERSE,28,35,SOURCE
1095,1095,11036,2.0,17,PDI,KJT,03:55:00,03:58:00,3.0,REVERSE,28,34,SOURCE
1094,1094,11036,2.0,18,KJT,BVS,03:58:00,04:06:00,8.0,REVERSE,28,33,SOURCE
1093,1093,11036,2.0,19,BVS,NRL,04:06:00,04:14:00,8.0,REVERSE,28,32,SOURCE
1092,1092,11036,2.0,20,NRL,SHLU,04:14:00,04:19:00,5.0,REVERSE,28,31,SOURCE
1091,1091,11036,2.0,21,SHLU,VGI,04:19:00,04:24:00,5.0,REVERSE,28,30,SOURCE
1090,1090,11036,2.0,22,VGI,BUD,04:24:00,04:37:00,13.0,REVERSE,28,29,SOURCE
1089,1089,11036,2.0,23,BUD,ABH,04:37:00,04:46:00,9.0,REVERSE,28,28,SOURCE
1088,1088,11036,2.0,24,ABH,ULNR,04:46:00,04:49:00,3.0,REVERSE,28,27,SOURCE
1087,1087,11036,2.0,25,ULNR,VLDI,04:49:00,04:52:00,3.0,REVERSE,28,26,SOURCE
1086,1086,11036,2.0,26,VLDI,KYN,04:52:00,04:55:00,3.0,REVERSE,28,25,SOURCE
1085,1085,11036,2.0,27,KYN,THK,04:54:00,04:59:00,5.0,REVERSE,28,24,SOURCE
1084,1084,11036,2.0,28,THK,DI,04:59:00,05:01:00,2.0,REVERSE,28,23,SOURCE
1083,1083,11036,2.0,29,DI,KOPR,05:01:00,05:03:00,2.0,REVERSE,28,22,SOURCE
1082,1082,11036,2.0,30,KOPR,DIVA,05:03:00,05:08:00,5.0,REVERSE,28,21,SOURCE
1081,1081,11036,2.0,31,DIVA,MBQ,05:08:00,05:11:00,3.0,REVERSE,28,20,SOURCE
1080,1080,11036,2.0,32,MBQ,KLVA,05:11:00,05:17:00,6.0,REVERSE,28,19,SOURCE
1079,1079,11036,2.0,33,KLVA,TNA,05:17:00,05:20:00,3.0,REVERSE,28,18,SOURCE
1078,1078,11036,2.0,34,TNA,MLND,05:20:00,05:23:00,3.0,REVERSE,28,17,SOURCE
1077,1077,11036,2.0,35,MLND,NHU,05:23:00,05:26:00,3.0,REVERSE,28,16,SOURCE
1076,1076,11036,2.0,36,NHU,BND,05:26:00,05:28:00,2.0,REVERSE,28,15,SOURCE
1075,1075,11036,2.0,37,VK,GC,05:32:00,05:37:00,5.0,REVERSE,28,13,SOURCE
1074,1074,11036,2.0,38,GC,VVH,05:37:00,05:38:00,1.0,REVERSE,28,12,SOURCE
1073,1073,11036,2.0,39,VVH,CLA,05:38:00,05:41:00,3.0,REVERSE,28,11,SOURCE
1072,1072,11036,2.0,40,CLA,SIN,05:41:00,05:44:00,3.0,REVERSE,28,10,SOURCE
1071,1071,11036,2.0,41,SIN,MTN,05:44:00,05:48:00,4.0,REVERSE,28,9,SOURCE
1070,1070,11036,2.0,42,MTN,DR,05:48:00,05:50:00,2.0,REVERSE,28,8,SOURCE
1112,1112,11041,1.0,1,CSMT,MSD,14:00:00,14:01:00,1.0,FORWARD,29,1,SOURCE
1113,1113,11041,1.0,2,MSD,SNRD,14:01:00,14:03:00,2.0,FORWARD,29,2,SOURCE
1114,1114,11041,1.0,3,SNRD,BY,14:03:00,14:05:00,2.0,FORWARD,29,3,SOURCE
1115,1115,11041,1.0,4,CRD,PR,14:08:00,14:10:00,2.0,FORWARD,29,6,SOURCE
1116,1116,11041,1.0,5,PR,DR,14:10:00,14:12:00,2.0,FORWARD,29,7,SOURCE
1117,1117,11041,1.0,6,DR,MTN,14:15:00,14:16:00,1.0,FORWARD,29,8,SOURCE
1118,1118,11041,1.0,7,MTN,SIN,14:16:00,14:19:00,3.0,FORWARD,29,9,SOURCE
1119,1119,11041,1.0,8,SIN,CLA,14:19:00,14:21:00,2.0,FORWARD,29,10,SOURCE
1120,1120,11041,1.0,9,CLA,VVH,14:21:00,14:23:00,2.0,FORWARD,29,11,SOURCE
1121,1121,11041,1.0,10,VVH,GC,14:23:00,14:25:00,2.0,FORWARD,29,12,SOURCE
1122,1122,11041,1.0,11,GC,VK,14:25:00,14:28:00,3.0,FORWARD,29,13,SOURCE
1123,1123,11041,1.0,12,BND,NHU,14:31:00,14:33:00,2.0,FORWARD,29,15,SOURCE
1124,1124,11041,1.0,13,NHU,MLND,14:33:00,14:35:00,2.0,FORWARD,29,16,SOURCE
1125,1125,11041,1.0,14,MLND,TNA,14:35:00,14:38:00,3.0,FORWARD,29,17,SOURCE
1126,1126,11041,1.0,15,TNA,KLVA,14:40:00,14:43:00,3.0,FORWARD,29,18,SOURCE
1127,1127,11041,1.0,16,KLVA,MBQ,14:43:00,14:47:00,4.0,FORWARD,29,19,SOURCE
1128,1128,11041,1.0,17,MBQ,DIVA,14:47:00,14:50:00,3.0,FORWARD,29,20,SOURCE
1129,1129,11041,1.0,18,DIVA,KOPR,14:50:00,14:54:00,4.0,FORWARD,29,21,SOURCE
1130,1130,11041,1.0,19,KOPR,DI,14:54:00,14:55:00,1.0,FORWARD,29,22,SOURCE
1131,1131,11041,1.0,20,DI,THK,14:55:00,14:57:00,2.0,FORWARD,29,23,SOURCE
1132,1132,11041,1.0,21,THK,KYN,14:57:00,15:00:00,3.0,FORWARD,29,24,SOURCE
1133,1133,11041,1.0,22,KYN,VLDI,15:05:00,15:07:00,2.0,FORWARD,29,25,SOURCE
1134,1134,11041,1.0,23,VLDI,ULNR,15:07:00,15:09:00,2.0,FORWARD,29,26,SOURCE
1135,1135,11041,1.0,24,ULNR,ABH,15:09:00,15:11:00,2.0,FORWARD,29,27,SOURCE
1136,1136,11041,1.0,25,ABH,BUD,15:11:00,15:18:00,7.0,FORWARD,29,28,SOURCE
1137,1137,11041,1.0,26,BUD,VGI,15:18:00,15:29:00,11.0,FORWARD,29,29,SOURCE
1138,1138,11041,1.0,27,VGI,SHLU,15:29:00,15:32:00,3.0,FORWARD,29,30,SOURCE
1139,1139,11041,1.0,28,SHLU,NRL,15:32:00,15:36:00,4.0,FORWARD,29,31,SOURCE
1140,1140,11041,1.0,29,NRL,BVS,15:36:00,15:42:00,6.0,FORWARD,29,32,SOURCE
1141,1141,11041,1.0,30,BVS,KJT,15:42:00,15:48:00,6.0,FORWARD,29,33,SOURCE
1142,1142,11041,1.0,31,KJT,PDI,15:50:00,15:55:00,5.0,FORWARD,29,34,SOURCE
1143,1143,11041,1.0,32,PDI,KAD,15:55:00,16:31:00,36.0,FORWARD,29,35,SOURCE
1144,1144,11041,1.0,33,KAD,LNL,16:31:00,16:38:00,7.0,FORWARD,29,36,SOURCE
1145,1145,11041,1.0,34,LNL,MVL,16:40:00,16:46:00,6.0,FORWARD,29,37,SOURCE
1146,1146,11041,1.0,35,MVL,KMST,16:46:00,16:53:00,7.0,FORWARD,29,38,SOURCE
1147,1147,11041,1.0,36,KMST,KNHE,16:53:00,16:56:00,3.0,FORWARD,29,39,SOURCE
1148,1148,11041,1.0,37,KNHE,VDN,16:56:00,17:00:00,4.0,FORWARD,29,40,SOURCE
1149,1149,11041,1.0,38,VDN,TGN,17:00:00,17:03:00,3.0,FORWARD,29,41,SOURCE
1150,1150,11041,1.0,39,TGN,GRWD,17:03:00,17:06:00,3.0,FORWARD,29,42,SOURCE
1151,1151,11041,1.0,40,DEHR,AKRD,17:11:00,17:15:00,4.0,FORWARD,29,45,SOURCE
1152,1152,11041,1.0,41,AKRD,CCH,17:15:00,17:17:00,2.0,FORWARD,29,46,SOURCE
1153,1153,11041,1.0,42,CCH,PMP,17:17:00,17:19:00,2.0,FORWARD,29,47,SOURCE
1154,1154,11041,1.0,43,PMP,KSWD,17:19:00,17:21:00,2.0,FORWARD,29,48,SOURCE
1155,1155,11041,1.0,44,KSWD,DAPD,17:21:00,17:24:00,3.0,FORWARD,29,49,SOURCE
1156,1156,11041,1.0,45,DAPD,KK,17:24:00,17:26:00,2.0,FORWARD,29,50,SOURCE
1157,1157,11041,1.0,46,KK,SVJR,17:28:00,17:47:00,19.0,FORWARD,29,51,SOURCE
1158,1158,11041,1.0,47,SVJR,PUNE,17:47:00,18:00:00,13.0,FORWARD,29,52,SOURCE
1205,1205,11042,2.0,1,PUNE,SVJR,09:30:00,09:39:00,9.0,REVERSE,30,52,SOURCE
1204,1204,11042,2.0,2,SVJR,KK,09:39:00,09:45:00,6.0,REVERSE,30,51,SOURCE
1203,1203,11042,2.0,3,KK,DAPD,09:44:00,09:47:00,3.0,REVERSE,30,50,SOURCE
1202,1202,11042,2.0,4,DAPD,KSWD,09:47:00,09:51:00,4.0,REVERSE,30,49,SOURCE
1201,1201,11042,2.0,5,KSWD,PMP,09:51:00,09:53:00,2.0,REVERSE,30,48,SOURCE
1200,1200,11042,2.0,6,PMP,CCH,09:53:00,09:56:00,3.0,REVERSE,30,47,SOURCE
1199,1199,11042,2.0,7,CCH,AKRD,09:56:00,09:59:00,3.0,REVERSE,30,46,SOURCE
1198,1198,11042,2.0,8,AKRD,DEHR,09:59:00,10:04:00,5.0,REVERSE,30,45,SOURCE
1197,1197,11042,2.0,9,GRWD,TGN,10:11:00,10:14:00,3.0,REVERSE,30,42,SOURCE
1196,1196,11042,2.0,10,TGN,VDN,10:14:00,10:18:00,4.0,REVERSE,30,41,SOURCE
1195,1195,11042,2.0,11,VDN,KNHE,10:18:00,10:23:00,5.0,REVERSE,30,40,SOURCE
1194,1194,11042,2.0,12,KNHE,KMST,10:23:00,10:28:00,5.0,REVERSE,30,39,SOURCE
1193,1193,11042,2.0,13,KMST,MVL,10:28:00,10:37:00,9.0,REVERSE,30,38,SOURCE
1192,1192,11042,2.0,14,MVL,LNL,10:37:00,10:45:00,8.0,REVERSE,30,37,SOURCE
1191,1191,11042,2.0,15,LNL,KAD,10:44:00,10:50:00,6.0,REVERSE,30,36,SOURCE
1190,1190,11042,2.0,16,KAD,PDI,10:50:00,11:18:00,28.0,REVERSE,30,35,SOURCE
1189,1189,11042,2.0,17,PDI,KJT,11:18:00,11:22:00,4.0,REVERSE,30,34,SOURCE
1188,1188,11042,2.0,18,KJT,BVS,11:22:00,11:32:00,10.0,REVERSE,30,33,SOURCE
1187,1187,11042,2.0,19,BVS,NRL,11:32:00,11:41:00,9.0,REVERSE,30,32,SOURCE
1186,1186,11042,2.0,20,NRL,SHLU,11:41:00,11:46:00,5.0,REVERSE,30,31,SOURCE
1185,1185,11042,2.0,21,SHLU,VGI,11:46:00,11:52:00,6.0,REVERSE,30,30,SOURCE
1184,1184,11042,2.0,22,VGI,BUD,11:52:00,12:06:00,14.0,REVERSE,30,29,SOURCE
1183,1183,11042,2.0,23,BUD,ABH,12:06:00,12:16:00,10.0,REVERSE,30,28,SOURCE
1182,1182,11042,2.0,24,ABH,ULNR,12:16:00,12:20:00,4.0,REVERSE,30,27,SOURCE
1181,1181,11042,2.0,25,ULNR,VLDI,12:20:00,12:22:00,2.0,REVERSE,30,26,SOURCE
1180,1180,11042,2.0,26,VLDI,KYN,12:22:00,12:25:00,3.0,REVERSE,30,25,SOURCE
1179,1179,11042,2.0,27,KYN,THK,12:24:00,12:28:00,4.0,REVERSE,30,24,SOURCE
1178,1178,11042,2.0,28,THK,DI,12:28:00,12:30:00,2.0,REVERSE,30,23,SOURCE
1177,1177,11042,2.0,29,DI,KOPR,12:30:00,12:31:00,1.0,REVERSE,30,22,SOURCE
1176,1176,11042,2.0,30,KOPR,DIVA,12:31:00,12:35:00,4.0,REVERSE,30,21,SOURCE
1175,1175,11042,2.0,31,DIVA,MBQ,12:35:00,12:37:00,2.0,REVERSE,30,20,SOURCE
1174,1174,11042,2.0,32,MBQ,KLVA,12:37:00,12:41:00,4.0,REVERSE,30,19,SOURCE
1173,1173,11042,2.0,33,KLVA,TNA,12:41:00,12:45:00,4.0,REVERSE,30,18,SOURCE
1172,1172,11042,2.0,34,TNA,MLND,12:44:00,12:48:00,4.0,REVERSE,30,17,SOURCE
1171,1171,11042,2.0,35,MLND,NHU,12:48:00,12:51:00,3.0,REVERSE,30,16,SOURCE
1170,1170,11042,2.0,36,NHU,BND,12:51:00,12:53:00,2.0,REVERSE,30,15,SOURCE
1169,1169,11042,2.0,37,VK,GC,12:57:00,13:02:00,5.0,REVERSE,30,13,SOURCE
1168,1168,11042,2.0,38,GC,VVH,13:02:00,13:03:00,1.0,REVERSE,30,12,SOURCE
1167,1167,11042,2.0,39,VVH,CLA,13:03:00,13:06:00,3.0,REVERSE,30,11,SOURCE
1166,1166,11042,2.0,40,CLA,SIN,13:06:00,13:10:00,4.0,REVERSE,30,10,SOURCE
1165,1165,11042,2.0,41,SIN,MTN,13:10:00,13:13:00,3.0,REVERSE,30,9,SOURCE
1164,1164,11042,2.0,42,MTN,DR,13:13:00,13:15:00,2.0,REVERSE,30,8,SOURCE
1163,1163,11042,2.0,43,DR,PR,13:14:00,13:18:00,4.0,REVERSE,30,7,SOURCE
1162,1162,11042,2.0,44,PR,CRD,13:18:00,13:25:00,7.0,REVERSE,30,6,SOURCE
1161,1161,11042,2.0,45,BY,SNRD,13:31:00,13:37:00,6.0,REVERSE,30,3,SOURCE
1160,1160,11042,2.0,46,SNRD,MSD,13:37:00,13:41:00,4.0,REVERSE,30,2,SOURCE
1159,1159,11042,2.0,47,MSD,CSMT,13:41:00,13:45:00,4.0,REVERSE,30,1,SOURCE
1206,1206,11043,1.0,1,VVH,GC,00:16:00,00:18:00,2.0,FORWARD,31,12,SOURCE
1207,1207,11043,1.0,2,GC,VK,00:18:00,00:21:00,3.0,FORWARD,31,13,SOURCE
1208,1208,11043,1.0,3,BND,NHU,00:25:00,00:27:00,2.0,FORWARD,31,15,SOURCE
1209,1209,11043,1.0,4,NHU,MLND,00:27:00,00:29:00,2.0,FORWARD,31,16,SOURCE
1210,1210,11043,1.0,5,MLND,TNA,00:29:00,00:33:00,4.0,FORWARD,31,17,SOURCE
1211,1211,11043,1.0,6,DIVA,KOPR,00:46:00,00:51:00,5.0,FORWARD,31,21,SOURCE
1212,1212,11043,1.0,7,KOPR,DI,00:51:00,00:53:00,2.0,FORWARD,31,22,SOURCE
1213,1213,11043,1.0,8,DI,THK,00:53:00,00:54:00,1.0,FORWARD,31,23,SOURCE
1214,1214,11043,1.0,9,THK,KYN,00:54:00,00:58:00,4.0,FORWARD,31,24,SOURCE
1215,1215,11043,1.0,10,KYN,VLDI,01:00:00,01:03:00,3.0,FORWARD,31,25,SOURCE
1216,1216,11043,1.0,11,VLDI,ULNR,01:03:00,01:05:00,2.0,FORWARD,31,26,SOURCE
1217,1217,11043,1.0,12,ULNR,ABH,01:05:00,01:09:00,4.0,FORWARD,31,27,SOURCE
1218,1218,11043,1.0,13,ABH,BUD,01:09:00,01:18:00,9.0,FORWARD,31,28,SOURCE
1219,1219,11043,1.0,14,BUD,VGI,01:18:00,01:32:00,14.0,FORWARD,31,29,SOURCE
1220,1220,11043,1.0,15,VGI,SHLU,01:32:00,01:37:00,5.0,FORWARD,31,30,SOURCE
1221,1221,11043,1.0,16,SHLU,NRL,01:37:00,01:42:00,5.0,FORWARD,31,31,SOURCE
1222,1222,11043,1.0,17,NRL,BVS,01:42:00,01:51:00,9.0,FORWARD,31,32,SOURCE
1223,1223,11043,1.0,18,BVS,KJT,01:51:00,01:58:00,7.0,FORWARD,31,33,SOURCE
1224,1224,11043,1.0,19,KJT,PDI,02:00:00,02:05:00,5.0,FORWARD,31,34,SOURCE
1225,1225,11043,1.0,20,PDI,KAD,02:05:00,02:37:00,32.0,FORWARD,31,35,SOURCE
1226,1226,11043,1.0,21,KAD,LNL,02:37:00,02:43:00,6.0,FORWARD,31,36,SOURCE
1227,1227,11043,1.0,22,LNL,MVL,02:45:00,02:53:00,8.0,FORWARD,31,37,SOURCE
1228,1228,11043,1.0,23,MVL,KMST,02:53:00,03:03:00,10.0,FORWARD,31,38,SOURCE
1229,1229,11043,1.0,24,KMST,KNHE,03:03:00,03:08:00,5.0,FORWARD,31,39,SOURCE
1230,1230,11043,1.0,25,KNHE,VDN,03:08:00,03:13:00,5.0,FORWARD,31,40,SOURCE
1231,1231,11043,1.0,26,VDN,TGN,03:13:00,03:18:00,5.0,FORWARD,31,41,SOURCE
1232,1232,11043,1.0,27,TGN,GRWD,03:18:00,03:21:00,3.0,FORWARD,31,42,SOURCE
1233,1233,11043,1.0,28,DEHR,AKRD,03:28:00,03:34:00,6.0,FORWARD,31,45,SOURCE
1234,1234,11043,1.0,29,AKRD,CCH,03:34:00,03:37:00,3.0,FORWARD,31,46,SOURCE
1235,1235,11043,1.0,30,CCH,PMP,03:37:00,03:40:00,3.0,FORWARD,31,47,SOURCE
1236,1236,11043,1.0,31,PMP,KSWD,03:40:00,03:42:00,2.0,FORWARD,31,48,SOURCE
1237,1237,11043,1.0,32,KSWD,DAPD,03:42:00,03:46:00,4.0,FORWARD,31,49,SOURCE
1238,1238,11043,1.0,33,DAPD,KK,03:46:00,03:49:00,3.0,FORWARD,31,50,SOURCE
1239,1239,11043,1.0,34,KK,SVJR,03:49:00,03:53:00,4.0,FORWARD,31,51,SOURCE
1240,1240,11043,1.0,35,SVJR,PUNE,03:53:00,03:55:00,2.0,FORWARD,31,52,SOURCE
1275,1275,11044,3.0,1,PUNE,SVJR,02:00:00,02:08:00,8.0,REVERSE,32,52,SOURCE
1274,1274,11044,3.0,2,SVJR,KK,02:08:00,02:12:00,4.0,REVERSE,32,51,SOURCE
1273,1273,11044,3.0,3,KK,DAPD,02:12:00,02:14:00,2.0,REVERSE,32,50,SOURCE
1272,1272,11044,3.0,4,DAPD,KSWD,02:14:00,02:18:00,4.0,REVERSE,32,49,SOURCE
1271,1271,11044,3.0,5,KSWD,PMP,02:18:00,02:20:00,2.0,REVERSE,32,48,SOURCE
1270,1270,11044,3.0,6,PMP,CCH,02:20:00,02:23:00,3.0,REVERSE,32,47,SOURCE
1269,1269,11044,3.0,7,CCH,AKRD,02:23:00,02:26:00,3.0,REVERSE,32,46,SOURCE
1268,1268,11044,3.0,8,AKRD,DEHR,02:26:00,02:32:00,6.0,REVERSE,32,45,SOURCE
1267,1267,11044,3.0,9,GRWD,TGN,02:39:00,02:42:00,3.0,REVERSE,32,42,SOURCE
1266,1266,11044,3.0,10,TGN,VDN,02:42:00,02:46:00,4.0,REVERSE,32,41,SOURCE
1265,1265,11044,3.0,11,VDN,KNHE,02:46:00,02:52:00,6.0,REVERSE,32,40,SOURCE
1264,1264,11044,3.0,12,KNHE,KMST,02:52:00,02:57:00,5.0,REVERSE,32,39,SOURCE
1263,1263,11044,3.0,13,KMST,MVL,02:57:00,03:06:00,9.0,REVERSE,32,38,SOURCE
1262,1262,11044,3.0,14,MVL,LNL,03:06:00,03:15:00,9.0,REVERSE,32,37,SOURCE
1261,1261,11044,3.0,15,LNL,KAD,03:14:00,03:20:00,6.0,REVERSE,32,36,SOURCE
1260,1260,11044,3.0,16,KAD,PDI,03:20:00,03:47:00,27.0,REVERSE,32,35,SOURCE
1259,1259,11044,3.0,17,PDI,KJT,03:47:00,03:50:00,3.0,REVERSE,32,34,SOURCE
1258,1258,11044,3.0,18,KJT,BVS,03:50:00,03:59:00,9.0,REVERSE,32,33,SOURCE
1257,1257,11044,3.0,19,BVS,NRL,03:59:00,04:08:00,9.0,REVERSE,32,32,SOURCE
1256,1256,11044,3.0,20,NRL,SHLU,04:08:00,04:13:00,5.0,REVERSE,32,31,SOURCE
1255,1255,11044,3.0,21,SHLU,VGI,04:13:00,04:18:00,5.0,REVERSE,32,30,SOURCE
1254,1254,11044,3.0,22,VGI,BUD,04:18:00,04:32:00,14.0,REVERSE,32,29,SOURCE
1253,1253,11044,3.0,23,BUD,ABH,04:32:00,04:42:00,10.0,REVERSE,32,28,SOURCE
1252,1252,11044,3.0,24,ABH,ULNR,04:42:00,04:45:00,3.0,REVERSE,32,27,SOURCE
1251,1251,11044,3.0,25,ULNR,VLDI,04:45:00,04:47:00,2.0,REVERSE,32,26,SOURCE
1250,1250,11044,3.0,26,VLDI,KYN,04:47:00,04:50:00,3.0,REVERSE,32,25,SOURCE
1249,1249,11044,3.0,27,KYN,THK,04:49:00,04:52:00,3.0,REVERSE,32,24,SOURCE
1248,1248,11044,3.0,28,THK,DI,04:52:00,04:53:00,1.0,REVERSE,32,23,SOURCE
1247,1247,11044,3.0,29,DI,KOPR,04:53:00,04:54:00,1.0,REVERSE,32,22,SOURCE
1246,1246,11044,3.0,30,KOPR,DIVA,04:54:00,04:57:00,3.0,REVERSE,32,21,SOURCE
1245,1245,11044,3.0,31,TNA,MLND,05:03:00,05:11:00,8.0,REVERSE,32,17,SOURCE
1244,1244,11044,3.0,32,MLND,NHU,05:11:00,05:16:00,5.0,REVERSE,32,16,SOURCE
1243,1243,11044,3.0,33,NHU,BND,05:16:00,05:19:00,3.0,REVERSE,32,15,SOURCE
1242,1242,11044,3.0,34,VK,GC,05:28:00,05:36:00,8.0,REVERSE,32,13,SOURCE
1241,1241,11044,3.0,35,GC,VVH,05:36:00,05:39:00,3.0,REVERSE,32,12,SOURCE
1276,1276,11049,2.0,1,KOPR,DI,04:48:00,04:56:00,8.0,FORWARD,33,22,SOURCE
1277,1277,11049,2.0,2,DI,THK,04:56:00,04:58:00,2.0,FORWARD,33,23,SOURCE
1278,1278,11049,2.0,3,THK,KYN,04:58:00,05:15:00,17.0,FORWARD,33,24,SOURCE
1279,1279,11049,2.0,4,KYN,VLDI,05:20:00,05:22:00,2.0,FORWARD,33,25,SOURCE
1280,1280,11049,2.0,5,VLDI,ULNR,05:22:00,05:24:00,2.0,FORWARD,33,26,SOURCE
1281,1281,11049,2.0,6,ULNR,ABH,05:24:00,05:26:00,2.0,FORWARD,33,27,SOURCE
1282,1282,11049,2.0,7,ABH,BUD,05:26:00,05:33:00,7.0,FORWARD,33,28,SOURCE
1283,1283,11049,2.0,8,BUD,VGI,05:33:00,05:43:00,10.0,FORWARD,33,29,SOURCE
1284,1284,11049,2.0,9,VGI,SHLU,05:43:00,05:47:00,4.0,FORWARD,33,30,SOURCE
1285,1285,11049,2.0,10,SHLU,NRL,05:47:00,05:51:00,4.0,FORWARD,33,31,SOURCE
1286,1286,11049,2.0,11,NRL,BVS,05:51:00,05:57:00,6.0,FORWARD,33,32,SOURCE
1287,1287,11049,2.0,12,BVS,KJT,05:57:00,06:03:00,6.0,FORWARD,33,33,SOURCE
1288,1288,11049,2.0,13,KJT,PDI,06:05:00,06:10:00,5.0,FORWARD,33,34,SOURCE
1289,1289,11049,2.0,14,PDI,KAD,06:10:00,06:46:00,36.0,FORWARD,33,35,SOURCE
1290,1290,11049,2.0,15,KAD,LNL,06:46:00,06:53:00,7.0,FORWARD,33,36,SOURCE
1291,1291,11049,2.0,16,LNL,MVL,06:55:00,07:02:00,7.0,FORWARD,33,37,SOURCE
1292,1292,11049,2.0,17,MVL,KMST,07:02:00,07:11:00,9.0,FORWARD,33,38,SOURCE
1293,1293,11049,2.0,18,KMST,KNHE,07:11:00,07:16:00,5.0,FORWARD,33,39,SOURCE
1294,1294,11049,2.0,19,KNHE,VDN,07:16:00,07:21:00,5.0,FORWARD,33,40,SOURCE
1295,1295,11049,2.0,20,VDN,TGN,07:21:00,07:25:00,4.0,FORWARD,33,41,SOURCE
1296,1296,11049,2.0,21,TGN,GRWD,07:25:00,07:28:00,3.0,FORWARD,33,42,SOURCE
1297,1297,11049,2.0,22,DEHR,AKRD,07:35:00,07:40:00,5.0,FORWARD,33,45,SOURCE
1298,1298,11049,2.0,23,AKRD,CCH,07:40:00,07:43:00,3.0,FORWARD,33,46,SOURCE
1299,1299,11049,2.0,24,CCH,PMP,07:43:00,07:46:00,3.0,FORWARD,33,47,SOURCE
1300,1300,11049,2.0,25,PMP,KSWD,07:46:00,07:48:00,2.0,FORWARD,33,48,SOURCE
1301,1301,11049,2.0,26,KSWD,DAPD,07:48:00,07:52:00,4.0,FORWARD,33,49,SOURCE
1302,1302,11049,2.0,27,DAPD,KK,07:52:00,07:54:00,2.0,FORWARD,33,50,SOURCE
1303,1303,11049,2.0,28,KK,SVJR,07:54:00,07:58:00,4.0,FORWARD,33,51,SOURCE
1304,1304,11049,2.0,29,SVJR,PUNE,07:58:00,08:00:00,2.0,FORWARD,33,52,SOURCE
1333,1333,11050,1.0,1,PUNE,SVJR,19:40:00,19:52:00,12.0,REVERSE,34,52,SOURCE
1332,1332,11050,1.0,2,SVJR,KK,19:52:00,19:55:00,3.0,REVERSE,34,51,SOURCE
1331,1331,11050,1.0,3,KK,DAPD,19:55:00,19:57:00,2.0,REVERSE,34,50,SOURCE
1330,1330,11050,1.0,4,DAPD,KSWD,19:57:00,20:00:00,3.0,REVERSE,34,49,SOURCE
1329,1329,11050,1.0,5,KSWD,PMP,20:00:00,20:02:00,2.0,REVERSE,34,48,SOURCE
1328,1328,11050,1.0,6,PMP,CCH,20:02:00,20:04:00,2.0,REVERSE,34,47,SOURCE
1327,1327,11050,1.0,7,CCH,AKRD,20:04:00,20:06:00,2.0,REVERSE,34,46,SOURCE
1326,1326,11050,1.0,8,AKRD,DEHR,20:06:00,20:11:00,5.0,REVERSE,34,45,SOURCE
1325,1325,11050,1.0,9,GRWD,TGN,20:16:00,20:19:00,3.0,REVERSE,34,42,SOURCE
1324,1324,11050,1.0,10,TGN,VDN,20:19:00,20:22:00,3.0,REVERSE,34,41,SOURCE
1323,1323,11050,1.0,11,VDN,KNHE,20:22:00,20:26:00,4.0,REVERSE,34,40,SOURCE
1322,1322,11050,1.0,12,KNHE,KMST,20:26:00,20:30:00,4.0,REVERSE,34,39,SOURCE
1321,1321,11050,1.0,13,KMST,MVL,20:30:00,20:37:00,7.0,REVERSE,34,38,SOURCE
1320,1320,11050,1.0,14,MVL,LNL,20:37:00,20:45:00,8.0,REVERSE,34,37,SOURCE
1319,1319,11050,1.0,15,LNL,KAD,20:43:00,20:51:00,8.0,REVERSE,34,36,SOURCE
1318,1318,11050,1.0,16,KAD,PDI,20:51:00,21:21:00,30.0,REVERSE,34,35,SOURCE
1317,1317,11050,1.0,17,PDI,KJT,21:21:00,21:30:00,9.0,REVERSE,34,34,SOURCE
1316,1316,11050,1.0,18,KJT,BVS,21:28:00,21:38:00,10.0,REVERSE,34,33,SOURCE
1315,1315,11050,1.0,19,BVS,NRL,21:38:00,21:45:00,7.0,REVERSE,34,32,SOURCE
1314,1314,11050,1.0,20,NRL,SHLU,21:45:00,21:49:00,4.0,REVERSE,34,31,SOURCE
1313,1313,11050,1.0,21,SHLU,VGI,21:49:00,21:54:00,5.0,REVERSE,34,30,SOURCE
1312,1312,11050,1.0,22,VGI,BUD,21:54:00,22:05:00,11.0,REVERSE,34,29,SOURCE
1311,1311,11050,1.0,23,BUD,ABH,22:05:00,22:14:00,9.0,REVERSE,34,28,SOURCE
1310,1310,11050,1.0,24,ABH,ULNR,22:14:00,22:16:00,2.0,REVERSE,34,27,SOURCE
1309,1309,11050,1.0,25,ULNR,VLDI,22:16:00,22:18:00,2.0,REVERSE,34,26,SOURCE
1308,1308,11050,1.0,26,VLDI,KYN,22:18:00,22:25:00,7.0,REVERSE,34,25,SOURCE
1307,1307,11050,1.0,27,KYN,THK,22:20:00,22:28:00,8.0,REVERSE,34,24,SOURCE
1306,1306,11050,1.0,28,THK,DI,22:28:00,22:30:00,2.0,REVERSE,34,23,SOURCE
1305,1305,11050,1.0,29,DI,KOPR,22:30:00,22:34:00,4.0,REVERSE,34,22,SOURCE
1334,1334,11087,2.0,1,KOPR,DI,01:11:00,01:21:00,10.0,FORWARD,35,22,SOURCE
1335,1335,11087,2.0,2,DI,THK,01:21:00,01:24:00,3.0,FORWARD,35,23,SOURCE
1336,1336,11087,2.0,3,THK,KYN,01:24:00,01:45:00,21.0,FORWARD,35,24,SOURCE
1337,1337,11087,2.0,4,KYN,VLDI,01:50:00,01:52:00,2.0,FORWARD,35,25,SOURCE
1338,1338,11087,2.0,5,VLDI,ULNR,01:52:00,01:54:00,2.0,FORWARD,35,26,SOURCE
1339,1339,11087,2.0,6,ULNR,ABH,01:54:00,01:56:00,2.0,FORWARD,35,27,SOURCE
1340,1340,11087,2.0,7,ABH,BUD,01:56:00,02:02:00,6.0,FORWARD,35,28,SOURCE
1341,1341,11087,2.0,8,BUD,VGI,02:02:00,02:11:00,9.0,FORWARD,35,29,SOURCE
1342,1342,11087,2.0,9,VGI,SHLU,02:11:00,02:14:00,3.0,FORWARD,35,30,SOURCE
1343,1343,11087,2.0,10,SHLU,NRL,02:14:00,02:18:00,4.0,FORWARD,35,31,SOURCE
1344,1344,11087,2.0,11,NRL,BVS,02:18:00,02:23:00,5.0,FORWARD,35,32,SOURCE
1345,1345,11087,2.0,12,BVS,KJT,02:23:00,02:28:00,5.0,FORWARD,35,33,SOURCE
1346,1346,11087,2.0,13,KJT,PDI,02:30:00,02:36:00,6.0,FORWARD,35,34,SOURCE
1347,1347,11087,2.0,14,PDI,KAD,02:36:00,03:16:00,40.0,FORWARD,35,35,SOURCE
1348,1348,11087,2.0,15,KAD,LNL,03:16:00,03:23:00,7.0,FORWARD,35,36,SOURCE
1349,1349,11087,2.0,16,LNL,MVL,03:25:00,03:31:00,6.0,FORWARD,35,37,SOURCE
1350,1350,11087,2.0,17,MVL,KMST,03:31:00,03:39:00,8.0,FORWARD,35,38,SOURCE
1351,1351,11087,2.0,18,KMST,KNHE,03:39:00,03:43:00,4.0,FORWARD,35,39,SOURCE
1352,1352,11087,2.0,19,KNHE,VDN,03:43:00,03:47:00,4.0,FORWARD,35,40,SOURCE
1353,1353,11087,2.0,20,VDN,TGN,03:47:00,03:50:00,3.0,FORWARD,35,41,SOURCE
1354,1354,11087,2.0,21,TGN,GRWD,03:50:00,03:53:00,3.0,FORWARD,35,42,SOURCE
1355,1355,11087,2.0,22,DEHR,AKRD,03:59:00,04:03:00,4.0,FORWARD,35,45,SOURCE
1356,1356,11087,2.0,23,AKRD,CCH,04:03:00,04:06:00,3.0,FORWARD,35,46,SOURCE
1357,1357,11087,2.0,24,CCH,PMP,04:06:00,04:08:00,2.0,FORWARD,35,47,SOURCE
1358,1358,11087,2.0,25,PMP,KSWD,04:08:00,04:10:00,2.0,FORWARD,35,48,SOURCE
1359,1359,11087,2.0,26,KSWD,DAPD,04:10:00,04:13:00,3.0,FORWARD,35,49,SOURCE
1360,1360,11087,2.0,27,DAPD,KK,04:13:00,04:15:00,2.0,FORWARD,35,50,SOURCE
1361,1361,11087,2.0,28,KK,SVJR,04:15:00,04:18:00,3.0,FORWARD,35,51,SOURCE
1362,1362,11087,2.0,29,SVJR,PUNE,04:20:00,04:45:00,25.0,FORWARD,35,52,SOURCE
1391,1391,11088,1.0,1,PUNE,SVJR,19:50:00,19:52:00,2.0,REVERSE,36,52,SOURCE
1390,1390,11088,1.0,2,SVJR,KK,19:52:00,19:55:00,3.0,REVERSE,36,51,SOURCE
1389,1389,11088,1.0,3,KK,DAPD,19:55:00,19:57:00,2.0,REVERSE,36,50,SOURCE
1388,1388,11088,1.0,4,DAPD,KSWD,19:57:00,20:00:00,3.0,REVERSE,36,49,SOURCE
1387,1387,11088,1.0,5,KSWD,PMP,20:00:00,20:02:00,2.0,REVERSE,36,48,SOURCE
1386,1386,11088,1.0,6,PMP,CCH,20:02:00,20:04:00,2.0,REVERSE,36,47,SOURCE
1385,1385,11088,1.0,7,CCH,AKRD,20:04:00,20:06:00,2.0,REVERSE,36,46,SOURCE
1384,1384,11088,1.0,8,AKRD,DEHR,20:06:00,20:10:00,4.0,REVERSE,36,45,SOURCE
1383,1383,11088,1.0,9,GRWD,TGN,20:16:00,20:19:00,3.0,REVERSE,36,42,SOURCE
1382,1382,11088,1.0,10,TGN,VDN,20:19:00,20:22:00,3.0,REVERSE,36,41,SOURCE
1381,1381,11088,1.0,11,VDN,KNHE,20:22:00,20:26:00,4.0,REVERSE,36,40,SOURCE
1380,1380,11088,1.0,12,KNHE,KMST,20:26:00,20:30:00,4.0,REVERSE,36,39,SOURCE
1379,1379,11088,1.0,13,KMST,MVL,20:30:00,20:37:00,7.0,REVERSE,36,38,SOURCE
1378,1378,11088,1.0,14,MVL,LNL,20:37:00,20:45:00,8.0,REVERSE,36,37,SOURCE
1377,1377,11088,1.0,15,LNL,KAD,20:43:00,20:51:00,8.0,REVERSE,36,36,SOURCE
1376,1376,11088,1.0,16,KAD,PDI,20:51:00,21:23:00,32.0,REVERSE,36,35,SOURCE
1375,1375,11088,1.0,17,PDI,KJT,21:23:00,21:30:00,7.0,REVERSE,36,34,SOURCE
1374,1374,11088,1.0,18,KJT,BVS,21:28:00,21:37:00,9.0,REVERSE,36,33,SOURCE
1373,1373,11088,1.0,19,BVS,NRL,21:37:00,21:45:00,8.0,REVERSE,36,32,SOURCE
1372,1372,11088,1.0,20,NRL,SHLU,21:45:00,21:49:00,4.0,REVERSE,36,31,SOURCE
1371,1371,11088,1.0,21,SHLU,VGI,21:49:00,21:53:00,4.0,REVERSE,36,30,SOURCE
1370,1370,11088,1.0,22,VGI,BUD,21:53:00,22:05:00,12.0,REVERSE,36,29,SOURCE
1369,1369,11088,1.0,23,BUD,ABH,22:05:00,22:13:00,8.0,REVERSE,36,28,SOURCE
1368,1368,11088,1.0,24,ABH,ULNR,22:13:00,22:16:00,3.0,REVERSE,36,27,SOURCE
1367,1367,11088,1.0,25,ULNR,VLDI,22:16:00,22:18:00,2.0,REVERSE,36,26,SOURCE
1366,1366,11088,1.0,26,VLDI,KYN,22:18:00,22:25:00,7.0,REVERSE,36,25,SOURCE
1365,1365,11088,1.0,27,KYN,THK,22:20:00,22:28:00,8.0,REVERSE,36,24,SOURCE
1364,1364,11088,1.0,28,THK,DI,22:28:00,22:30:00,2.0,REVERSE,36,23,SOURCE
1363,1363,11088,1.0,29,DI,KOPR,22:30:00,22:34:00,4.0,REVERSE,36,22,SOURCE
1392,1392,11089,2.0,1,KOPR,DI,01:11:00,01:21:00,10.0,FORWARD,37,22,SOURCE
1393,1393,11089,2.0,2,DI,THK,01:21:00,01:24:00,3.0,FORWARD,37,23,SOURCE
1394,1394,11089,2.0,3,THK,KYN,01:24:00,01:45:00,21.0,FORWARD,37,24,SOURCE
1395,1395,11089,2.0,4,KYN,VLDI,01:50:00,01:52:00,2.0,FORWARD,37,25,SOURCE
1396,1396,11089,2.0,5,VLDI,ULNR,01:52:00,01:54:00,2.0,FORWARD,37,26,SOURCE
1397,1397,11089,2.0,6,ULNR,ABH,01:54:00,01:56:00,2.0,FORWARD,37,27,SOURCE
1398,1398,11089,2.0,7,ABH,BUD,01:56:00,02:02:00,6.0,FORWARD,37,28,SOURCE
1399,1399,11089,2.0,8,BUD,VGI,02:02:00,02:11:00,9.0,FORWARD,37,29,SOURCE
1400,1400,11089,2.0,9,VGI,SHLU,02:11:00,02:14:00,3.0,FORWARD,37,30,SOURCE
1401,1401,11089,2.0,10,SHLU,NRL,02:14:00,02:18:00,4.0,FORWARD,37,31,SOURCE
1402,1402,11089,2.0,11,NRL,BVS,02:18:00,02:23:00,5.0,FORWARD,37,32,SOURCE
1403,1403,11089,2.0,12,BVS,KJT,02:23:00,02:28:00,5.0,FORWARD,37,33,SOURCE
1404,1404,11089,2.0,13,KJT,PDI,02:30:00,02:36:00,6.0,FORWARD,37,34,SOURCE
1405,1405,11089,2.0,14,PDI,KAD,02:36:00,03:16:00,40.0,FORWARD,37,35,SOURCE
1406,1406,11089,2.0,15,KAD,LNL,03:16:00,03:23:00,7.0,FORWARD,37,36,SOURCE
1407,1407,11089,2.0,16,LNL,MVL,03:25:00,03:31:00,6.0,FORWARD,37,37,SOURCE
1408,1408,11089,2.0,17,MVL,KMST,03:31:00,03:39:00,8.0,FORWARD,37,38,SOURCE
1409,1409,11089,2.0,18,KMST,KNHE,03:39:00,03:43:00,4.0,FORWARD,37,39,SOURCE
1410,1410,11089,2.0,19,KNHE,VDN,03:43:00,03:47:00,4.0,FORWARD,37,40,SOURCE
1411,1411,11089,2.0,20,VDN,TGN,03:47:00,03:50:00,3.0,FORWARD,37,41,SOURCE
1412,1412,11089,2.0,21,TGN,GRWD,03:50:00,03:53:00,3.0,FORWARD,37,42,SOURCE
1413,1413,11089,2.0,22,DEHR,AKRD,03:59:00,04:03:00,4.0,FORWARD,37,45,SOURCE
1414,1414,11089,2.0,23,AKRD,CCH,04:03:00,04:06:00,3.0,FORWARD,37,46,SOURCE
1415,1415,11089,2.0,24,CCH,PMP,04:06:00,04:08:00,2.0,FORWARD,37,47,SOURCE
1416,1416,11089,2.0,25,PMP,KSWD,04:08:00,04:10:00,2.0,FORWARD,37,48,SOURCE
1417,1417,11089,2.0,26,KSWD,DAPD,04:10:00,04:13:00,3.0,FORWARD,37,49,SOURCE
1418,1418,11089,2.0,27,DAPD,KK,04:13:00,04:15:00,2.0,FORWARD,37,50,SOURCE
1419,1419,11089,2.0,28,KK,SVJR,04:15:00,04:18:00,3.0,FORWARD,37,51,SOURCE
1420,1420,11089,2.0,29,SVJR,PUNE,04:20:00,04:45:00,25.0,FORWARD,37,52,SOURCE
1449,1449,11090,1.0,1,PUNE,SVJR,19:50:00,19:52:00,2.0,REVERSE,38,52,SOURCE
1448,1448,11090,1.0,2,SVJR,KK,19:52:00,19:55:00,3.0,REVERSE,38,51,SOURCE
1447,1447,11090,1.0,3,KK,DAPD,19:55:00,19:57:00,2.0,REVERSE,38,50,SOURCE
1446,1446,11090,1.0,4,DAPD,KSWD,19:57:00,20:00:00,3.0,REVERSE,38,49,SOURCE
1445,1445,11090,1.0,5,KSWD,PMP,20:00:00,20:02:00,2.0,REVERSE,38,48,SOURCE
1444,1444,11090,1.0,6,PMP,CCH,20:02:00,20:04:00,2.0,REVERSE,38,47,SOURCE
1443,1443,11090,1.0,7,CCH,AKRD,20:04:00,20:06:00,2.0,REVERSE,38,46,SOURCE
1442,1442,11090,1.0,8,AKRD,DEHR,20:06:00,20:10:00,4.0,REVERSE,38,45,SOURCE
1441,1441,11090,1.0,9,GRWD,TGN,20:16:00,20:19:00,3.0,REVERSE,38,42,SOURCE
1440,1440,11090,1.0,10,TGN,VDN,20:19:00,20:22:00,3.0,REVERSE,38,41,SOURCE
1439,1439,11090,1.0,11,VDN,KNHE,20:22:00,20:26:00,4.0,REVERSE,38,40,SOURCE
1438,1438,11090,1.0,12,KNHE,KMST,20:26:00,20:30:00,4.0,REVERSE,38,39,SOURCE
1437,1437,11090,1.0,13,KMST,MVL,20:30:00,20:37:00,7.0,REVERSE,38,38,SOURCE
1436,1436,11090,1.0,14,MVL,LNL,20:37:00,20:45:00,8.0,REVERSE,38,37,SOURCE
1435,1435,11090,1.0,15,LNL,KAD,20:43:00,20:51:00,8.0,REVERSE,38,36,SOURCE
1434,1434,11090,1.0,16,KAD,PDI,20:51:00,21:23:00,32.0,REVERSE,38,35,SOURCE
1433,1433,11090,1.0,17,PDI,KJT,21:23:00,21:30:00,7.0,REVERSE,38,34,SOURCE
1432,1432,11090,1.0,18,KJT,BVS,21:28:00,21:37:00,9.0,REVERSE,38,33,SOURCE
1431,1431,11090,1.0,19,BVS,NRL,21:37:00,21:45:00,8.0,REVERSE,38,32,SOURCE
1430,1430,11090,1.0,20,NRL,SHLU,21:45:00,21:49:00,4.0,REVERSE,38,31,SOURCE
1429,1429,11090,1.0,21,SHLU,VGI,21:49:00,21:53:00,4.0,REVERSE,38,30,SOURCE
1428,1428,11090,1.0,22,VGI,BUD,21:53:00,22:05:00,12.0,REVERSE,38,29,SOURCE
1427,1427,11090,1.0,23,BUD,ABH,22:05:00,22:13:00,8.0,REVERSE,38,28,SOURCE
1426,1426,11090,1.0,24,ABH,ULNR,22:13:00,22:16:00,3.0,REVERSE,38,27,SOURCE
1425,1425,11090,1.0,25,ULNR,VLDI,22:16:00,22:18:00,2.0,REVERSE,38,26,SOURCE
1424,1424,11090,1.0,26,VLDI,KYN,22:18:00,22:25:00,7.0,REVERSE,38,25,SOURCE
1423,1423,11090,1.0,27,KYN,THK,22:20:00,22:28:00,8.0,REVERSE,38,24,SOURCE
1422,1422,11090,1.0,28,THK,DI,22:28:00,22:30:00,2.0,REVERSE,38,23,SOURCE
1421,1421,11090,1.0,29,DI,KOPR,22:30:00,22:34:00,4.0,REVERSE,38,22,SOURCE
1450,1450,11091,2.0,1,KOPR,DI,01:11:00,01:21:00,10.0,FORWARD,39,22,SOURCE
1451,1451,11091,2.0,2,DI,THK,01:21:00,01:24:00,3.0,FORWARD,39,23,SOURCE
1452,1452,11091,2.0,3,THK,KYN,01:24:00,01:45:00,21.0,FORWARD,39,24,SOURCE
1453,1453,11091,2.0,4,KYN,VLDI,01:50:00,01:52:00,2.0,FORWARD,39,25,SOURCE
1454,1454,11091,2.0,5,VLDI,ULNR,01:52:00,01:54:00,2.0,FORWARD,39,26,SOURCE
1455,1455,11091,2.0,6,ULNR,ABH,01:54:00,01:56:00,2.0,FORWARD,39,27,SOURCE
1456,1456,11091,2.0,7,ABH,BUD,01:56:00,02:02:00,6.0,FORWARD,39,28,SOURCE
1457,1457,11091,2.0,8,BUD,VGI,02:02:00,02:11:00,9.0,FORWARD,39,29,SOURCE
1458,1458,11091,2.0,9,VGI,SHLU,02:11:00,02:14:00,3.0,FORWARD,39,30,SOURCE
1459,1459,11091,2.0,10,SHLU,NRL,02:14:00,02:18:00,4.0,FORWARD,39,31,SOURCE
1460,1460,11091,2.0,11,NRL,BVS,02:18:00,02:23:00,5.0,FORWARD,39,32,SOURCE
1461,1461,11091,2.0,12,BVS,KJT,02:23:00,02:28:00,5.0,FORWARD,39,33,SOURCE
1462,1462,11091,2.0,13,KJT,PDI,02:30:00,02:36:00,6.0,FORWARD,39,34,SOURCE
1463,1463,11091,2.0,14,PDI,KAD,02:36:00,03:16:00,40.0,FORWARD,39,35,SOURCE
1464,1464,11091,2.0,15,KAD,LNL,03:16:00,03:23:00,7.0,FORWARD,39,36,SOURCE
1465,1465,11091,2.0,16,LNL,MVL,03:25:00,03:31:00,6.0,FORWARD,39,37,SOURCE
1466,1466,11091,2.0,17,MVL,KMST,03:31:00,03:39:00,8.0,FORWARD,39,38,SOURCE
1467,1467,11091,2.0,18,KMST,KNHE,03:39:00,03:43:00,4.0,FORWARD,39,39,SOURCE
1468,1468,11091,2.0,19,KNHE,VDN,03:43:00,03:47:00,4.0,FORWARD,39,40,SOURCE
1469,1469,11091,2.0,20,VDN,TGN,03:47:00,03:50:00,3.0,FORWARD,39,41,SOURCE
1470,1470,11091,2.0,21,TGN,GRWD,03:50:00,03:53:00,3.0,FORWARD,39,42,SOURCE
1471,1471,11091,2.0,22,DEHR,AKRD,03:59:00,04:03:00,4.0,FORWARD,39,45,SOURCE
1472,1472,11091,2.0,23,AKRD,CCH,04:03:00,04:06:00,3.0,FORWARD,39,46,SOURCE
1473,1473,11091,2.0,24,CCH,PMP,04:06:00,04:08:00,2.0,FORWARD,39,47,SOURCE
1474,1474,11091,2.0,25,PMP,KSWD,04:08:00,04:10:00,2.0,FORWARD,39,48,SOURCE
1475,1475,11091,2.0,26,KSWD,DAPD,04:10:00,04:13:00,3.0,FORWARD,39,49,SOURCE
1476,1476,11091,2.0,27,DAPD,KK,04:13:00,04:15:00,2.0,FORWARD,39,50,SOURCE
1477,1477,11091,2.0,28,KK,SVJR,04:15:00,04:18:00,3.0,FORWARD,39,51,SOURCE
1478,1478,11091,2.0,29,SVJR,PUNE,04:20:00,04:45:00,25.0,FORWARD,39,52,SOURCE
1507,1507,11092,1.0,1,PUNE,SVJR,19:50:00,19:52:00,2.0,REVERSE,40,52,SOURCE
1506,1506,11092,1.0,2,SVJR,KK,19:52:00,19:55:00,3.0,REVERSE,40,51,SOURCE
1505,1505,11092,1.0,3,KK,DAPD,19:55:00,19:57:00,2.0,REVERSE,40,50,SOURCE
1504,1504,11092,1.0,4,DAPD,KSWD,19:57:00,20:00:00,3.0,REVERSE,40,49,SOURCE
1503,1503,11092,1.0,5,KSWD,PMP,20:00:00,20:02:00,2.0,REVERSE,40,48,SOURCE
1502,1502,11092,1.0,6,PMP,CCH,20:02:00,20:04:00,2.0,REVERSE,40,47,SOURCE
1501,1501,11092,1.0,7,CCH,AKRD,20:04:00,20:06:00,2.0,REVERSE,40,46,SOURCE
1500,1500,11092,1.0,8,AKRD,DEHR,20:06:00,20:10:00,4.0,REVERSE,40,45,SOURCE
1499,1499,11092,1.0,9,GRWD,TGN,20:16:00,20:19:00,3.0,REVERSE,40,42,SOURCE
1498,1498,11092,1.0,10,TGN,VDN,20:19:00,20:22:00,3.0,REVERSE,40,41,SOURCE
1497,1497,11092,1.0,11,VDN,KNHE,20:22:00,20:26:00,4.0,REVERSE,40,40,SOURCE
1496,1496,11092,1.0,12,KNHE,KMST,20:26:00,20:30:00,4.0,REVERSE,40,39,SOURCE
1495,1495,11092,1.0,13,KMST,MVL,20:30:00,20:37:00,7.0,REVERSE,40,38,SOURCE
1494,1494,11092,1.0,14,MVL,LNL,20:37:00,20:45:00,8.0,REVERSE,40,37,SOURCE
1493,1493,11092,1.0,15,LNL,KAD,20:43:00,20:51:00,8.0,REVERSE,40,36,SOURCE
1492,1492,11092,1.0,16,KAD,PDI,20:51:00,21:23:00,32.0,REVERSE,40,35,SOURCE
1491,1491,11092,1.0,17,PDI,KJT,21:23:00,21:30:00,7.0,REVERSE,40,34,SOURCE
1490,1490,11092,1.0,18,KJT,BVS,21:28:00,21:37:00,9.0,REVERSE,40,33,SOURCE
1489,1489,11092,1.0,19,BVS,NRL,21:37:00,21:45:00,8.0,REVERSE,40,32,SOURCE
1488,1488,11092,1.0,20,NRL,SHLU,21:45:00,21:49:00,4.0,REVERSE,40,31,SOURCE
1487,1487,11092,1.0,21,SHLU,VGI,21:49:00,21:53:00,4.0,REVERSE,40,30,SOURCE
1486,1486,11092,1.0,22,VGI,BUD,21:53:00,22:05:00,12.0,REVERSE,40,29,SOURCE
1485,1485,11092,1.0,23,BUD,ABH,22:05:00,22:13:00,8.0,REVERSE,40,28,SOURCE
1484,1484,11092,1.0,24,ABH,ULNR,22:13:00,22:16:00,3.0,REVERSE,40,27,SOURCE
1483,1483,11092,1.0,25,ULNR,VLDI,22:16:00,22:18:00,2.0,REVERSE,40,26,SOURCE
1482,1482,11092,1.0,26,VLDI,KYN,22:18:00,22:25:00,7.0,REVERSE,40,25,SOURCE
1481,1481,11092,1.0,27,KYN,THK,22:20:00,22:28:00,8.0,REVERSE,40,24,SOURCE
1480,1480,11092,1.0,28,THK,DI,22:28:00,22:30:00,2.0,REVERSE,40,23,SOURCE
1479,1479,11092,1.0,29,DI,KOPR,22:30:00,22:34:00,4.0,REVERSE,40,22,SOURCE
1508,1508,11095,2.0,1,KOPR,DI,01:11:00,01:21:00,10.0,FORWARD,41,22,SOURCE
1509,1509,11095,2.0,2,DI,THK,01:21:00,01:24:00,3.0,FORWARD,41,23,SOURCE
1510,1510,11095,2.0,3,THK,KYN,01:24:00,01:45:00,21.0,FORWARD,41,24,SOURCE
1511,1511,11095,2.0,4,KYN,VLDI,01:50:00,01:52:00,2.0,FORWARD,41,25,SOURCE
1512,1512,11095,2.0,5,VLDI,ULNR,01:52:00,01:53:00,1.0,FORWARD,41,26,SOURCE
1513,1513,11095,2.0,6,ULNR,ABH,01:53:00,01:55:00,2.0,FORWARD,41,27,SOURCE
1514,1514,11095,2.0,7,ABH,BUD,01:55:00,02:02:00,7.0,FORWARD,41,28,SOURCE
1515,1515,11095,2.0,8,BUD,VGI,02:02:00,02:11:00,9.0,FORWARD,41,29,SOURCE
1516,1516,11095,2.0,9,VGI,SHLU,02:11:00,02:14:00,3.0,FORWARD,41,30,SOURCE
1517,1517,11095,2.0,10,SHLU,NRL,02:14:00,02:17:00,3.0,FORWARD,41,31,SOURCE
1518,1518,11095,2.0,11,NRL,BVS,02:17:00,02:23:00,6.0,FORWARD,41,32,SOURCE
1519,1519,11095,2.0,12,BVS,KJT,02:23:00,02:28:00,5.0,FORWARD,41,33,SOURCE
1520,1520,11095,2.0,13,KJT,PDI,02:30:00,02:36:00,6.0,FORWARD,41,34,SOURCE
1521,1521,11095,2.0,14,PDI,KAD,02:36:00,03:16:00,40.0,FORWARD,41,35,SOURCE
1522,1522,11095,2.0,15,KAD,LNL,03:16:00,03:23:00,7.0,FORWARD,41,36,SOURCE
1523,1523,11095,2.0,16,LNL,MVL,03:25:00,03:31:00,6.0,FORWARD,41,37,SOURCE
1524,1524,11095,2.0,17,MVL,KMST,03:31:00,03:39:00,8.0,FORWARD,41,38,SOURCE
1525,1525,11095,2.0,18,KMST,KNHE,03:39:00,03:43:00,4.0,FORWARD,41,39,SOURCE
1526,1526,11095,2.0,19,KNHE,VDN,03:43:00,03:47:00,4.0,FORWARD,41,40,SOURCE
1527,1527,11095,2.0,20,VDN,TGN,03:47:00,03:51:00,4.0,FORWARD,41,41,SOURCE
1528,1528,11095,2.0,21,TGN,GRWD,03:51:00,03:54:00,3.0,FORWARD,41,42,SOURCE
1529,1529,11095,2.0,22,DEHR,AKRD,03:59:00,04:04:00,5.0,FORWARD,41,45,SOURCE
1530,1530,11095,2.0,23,AKRD,CCH,04:04:00,04:06:00,2.0,FORWARD,41,46,SOURCE
1531,1531,11095,2.0,24,CCH,PMP,04:06:00,04:08:00,2.0,FORWARD,41,47,SOURCE
1532,1532,11095,2.0,25,PMP,KSWD,04:08:00,04:10:00,2.0,FORWARD,41,48,SOURCE
1533,1533,11095,2.0,26,KSWD,DAPD,04:10:00,04:14:00,4.0,FORWARD,41,49,SOURCE
1534,1534,11095,2.0,27,DAPD,KK,04:14:00,04:16:00,2.0,FORWARD,41,50,SOURCE
1535,1535,11095,2.0,28,KK,SVJR,04:16:00,04:18:00,2.0,FORWARD,41,51,SOURCE
1536,1536,11095,2.0,29,SVJR,PUNE,04:20:00,04:45:00,25.0,FORWARD,41,52,SOURCE
1565,1565,11096,1.0,1,PUNE,SVJR,19:50:00,19:52:00,2.0,REVERSE,42,52,SOURCE
1564,1564,11096,1.0,2,SVJR,KK,19:52:00,19:55:00,3.0,REVERSE,42,51,SOURCE
1563,1563,11096,1.0,3,KK,DAPD,19:55:00,19:57:00,2.0,REVERSE,42,50,SOURCE
1562,1562,11096,1.0,4,DAPD,KSWD,19:57:00,20:00:00,3.0,REVERSE,42,49,SOURCE
1561,1561,11096,1.0,5,KSWD,PMP,20:00:00,20:02:00,2.0,REVERSE,42,48,SOURCE
1560,1560,11096,1.0,6,PMP,CCH,20:02:00,20:04:00,2.0,REVERSE,42,47,SOURCE
1559,1559,11096,1.0,7,CCH,AKRD,20:04:00,20:06:00,2.0,REVERSE,42,46,SOURCE
1558,1558,11096,1.0,8,AKRD,DEHR,20:06:00,20:10:00,4.0,REVERSE,42,45,SOURCE
1557,1557,11096,1.0,9,GRWD,TGN,20:16:00,20:18:00,2.0,REVERSE,42,42,SOURCE
1556,1556,11096,1.0,10,TGN,VDN,20:18:00,20:22:00,4.0,REVERSE,42,41,SOURCE
1555,1555,11096,1.0,11,VDN,KNHE,20:22:00,20:26:00,4.0,REVERSE,42,40,SOURCE
1554,1554,11096,1.0,12,KNHE,KMST,20:26:00,20:30:00,4.0,REVERSE,42,39,SOURCE
1553,1553,11096,1.0,13,KMST,MVL,20:30:00,20:37:00,7.0,REVERSE,42,38,SOURCE
1552,1552,11096,1.0,14,MVL,LNL,20:37:00,20:45:00,8.0,REVERSE,42,37,SOURCE
1551,1551,11096,1.0,15,LNL,KAD,20:43:00,20:51:00,8.0,REVERSE,42,36,SOURCE
1550,1550,11096,1.0,16,KAD,PDI,20:51:00,21:23:00,32.0,REVERSE,42,35,SOURCE
1549,1549,11096,1.0,17,PDI,KJT,21:23:00,21:30:00,7.0,REVERSE,42,34,SOURCE
1548,1548,11096,1.0,18,KJT,BVS,21:28:00,21:37:00,9.0,REVERSE,42,33,SOURCE
1547,1547,11096,1.0,19,BVS,NRL,21:37:00,21:44:00,7.0,REVERSE,42,32,SOURCE
1546,1546,11096,1.0,20,NRL,SHLU,21:44:00,21:49:00,5.0,REVERSE,42,31,SOURCE
1545,1545,11096,1.0,21,SHLU,VGI,21:49:00,21:53:00,4.0,REVERSE,42,30,SOURCE
1544,1544,11096,1.0,22,VGI,BUD,21:53:00,22:05:00,12.0,REVERSE,42,29,SOURCE
1543,1543,11096,1.0,23,BUD,ABH,22:05:00,22:13:00,8.0,REVERSE,42,28,SOURCE
1542,1542,11096,1.0,24,ABH,ULNR,22:13:00,22:15:00,2.0,REVERSE,42,27,SOURCE
1541,1541,11096,1.0,25,ULNR,VLDI,22:15:00,22:17:00,2.0,REVERSE,42,26,SOURCE
1540,1540,11096,1.0,26,VLDI,KYN,22:17:00,22:25:00,8.0,REVERSE,42,25,SOURCE
1539,1539,11096,1.0,27,KYN,THK,22:20:00,22:28:00,8.0,REVERSE,42,24,SOURCE
1538,1538,11096,1.0,28,THK,DI,22:28:00,22:30:00,2.0,REVERSE,42,23,SOURCE
1537,1537,11096,1.0,29,DI,KOPR,22:30:00,22:34:00,4.0,REVERSE,42,22,SOURCE
1566,1566,12115,1.0,1,CSMT,MSD,22:42:00,22:43:00,1.0,FORWARD,43,1,SOURCE
1567,1567,12115,1.0,2,MSD,SNRD,22:43:00,22:45:00,2.0,FORWARD,43,2,SOURCE
1568,1568,12115,1.0,3,SNRD,BY,22:45:00,22:47:00,2.0,FORWARD,43,3,SOURCE
1569,1569,12115,1.0,4,CRD,PR,22:49:00,22:51:00,2.0,FORWARD,43,6,SOURCE
1570,1570,12115,1.0,5,PR,DR,22:51:00,22:53:00,2.0,FORWARD,43,7,SOURCE
1571,1571,12115,1.0,6,DR,MTN,22:55:00,22:56:00,1.0,FORWARD,43,8,SOURCE
1572,1572,12115,1.0,7,MTN,SIN,22:56:00,22:59:00,3.0,FORWARD,43,9,SOURCE
1573,1573,12115,1.0,8,SIN,CLA,22:59:00,23:01:00,2.0,FORWARD,43,10,SOURCE
1574,1574,12115,1.0,9,CLA,VVH,23:01:00,23:03:00,2.0,FORWARD,43,11,SOURCE
1575,1575,12115,1.0,10,VVH,GC,23:03:00,23:05:00,2.0,FORWARD,43,12,SOURCE
1576,1576,12115,1.0,11,GC,VK,23:05:00,23:08:00,3.0,FORWARD,43,13,SOURCE
1577,1577,12115,1.0,12,BND,NHU,23:12:00,23:13:00,1.0,FORWARD,43,15,SOURCE
1578,1578,12115,1.0,13,NHU,MLND,23:13:00,23:15:00,2.0,FORWARD,43,16,SOURCE
1579,1579,12115,1.0,14,MLND,TNA,23:15:00,23:18:00,3.0,FORWARD,43,17,SOURCE
1580,1580,12115,1.0,15,TNA,KLVA,23:20:00,23:22:00,2.0,FORWARD,43,18,SOURCE
1581,1581,12115,1.0,16,KLVA,MBQ,23:22:00,23:26:00,4.0,FORWARD,43,19,SOURCE
1582,1582,12115,1.0,17,MBQ,DIVA,23:26:00,23:29:00,3.0,FORWARD,43,20,SOURCE
1583,1583,12115,1.0,18,DIVA,KOPR,23:29:00,23:33:00,4.0,FORWARD,43,21,SOURCE
1584,1584,12115,1.0,19,KOPR,DI,23:33:00,23:34:00,1.0,FORWARD,43,22,SOURCE
1585,1585,12115,1.0,20,DI,THK,23:34:00,23:35:00,1.0,FORWARD,43,23,SOURCE
1586,1586,12115,1.0,21,THK,KYN,23:35:00,23:38:00,3.0,FORWARD,43,24,SOURCE
1587,1587,12115,1.0,22,KYN,VLDI,23:40:00,23:42:00,2.0,FORWARD,43,25,SOURCE
1588,1588,12115,1.0,23,VLDI,ULNR,23:42:00,23:44:00,2.0,FORWARD,43,26,SOURCE
1589,1589,12115,1.0,24,ULNR,ABH,23:44:00,23:46:00,2.0,FORWARD,43,27,SOURCE
1590,1590,12115,1.0,25,ABH,BUD,23:46:00,23:52:00,6.0,FORWARD,43,28,SOURCE
1591,1591,12115,2.0,1,VGI,SHLU,00:01:00,00:04:00,3.0,FORWARD,43,30,SOURCE
1592,1592,12115,2.0,2,SHLU,NRL,00:04:00,00:08:00,4.0,FORWARD,43,31,SOURCE
1593,1593,12115,2.0,3,NRL,BVS,00:08:00,00:13:00,5.0,FORWARD,43,32,SOURCE
1594,1594,12115,2.0,4,BVS,KJT,00:13:00,00:18:00,5.0,FORWARD,43,33,SOURCE
1595,1595,12115,2.0,5,KJT,PDI,00:20:00,00:25:00,5.0,FORWARD,43,34,SOURCE
1596,1596,12115,2.0,6,PDI,KAD,00:25:00,00:58:00,33.0,FORWARD,43,35,SOURCE
1597,1597,12115,2.0,7,KAD,LNL,01:00:00,01:08:00,8.0,FORWARD,43,36,SOURCE
1598,1598,12115,2.0,8,LNL,MVL,01:10:00,01:17:00,7.0,FORWARD,43,37,SOURCE
1599,1599,12115,2.0,9,MVL,KMST,01:17:00,01:26:00,9.0,FORWARD,43,38,SOURCE
1600,1600,12115,2.0,10,KMST,KNHE,01:26:00,01:31:00,5.0,FORWARD,43,39,SOURCE
1601,1601,12115,2.0,11,KNHE,VDN,01:31:00,01:36:00,5.0,FORWARD,43,40,SOURCE
1602,1602,12115,2.0,12,VDN,TGN,01:36:00,01:40:00,4.0,FORWARD,43,41,SOURCE
1603,1603,12115,2.0,13,TGN,GRWD,01:40:00,01:43:00,3.0,FORWARD,43,42,SOURCE
1604,1604,12115,2.0,14,DEHR,AKRD,01:50:00,01:55:00,5.0,FORWARD,43,45,SOURCE
1605,1605,12115,2.0,15,AKRD,CCH,01:55:00,01:58:00,3.0,FORWARD,43,46,SOURCE
1606,1606,12115,2.0,16,CCH,PMP,01:58:00,02:01:00,3.0,FORWARD,43,47,SOURCE
1607,1607,12115,2.0,17,PMP,KSWD,02:01:00,02:03:00,2.0,FORWARD,43,48,SOURCE
1608,1608,12115,2.0,18,KSWD,DAPD,02:03:00,02:07:00,4.0,FORWARD,43,49,SOURCE
1609,1609,12115,2.0,19,DAPD,KK,02:07:00,02:09:00,2.0,FORWARD,43,50,SOURCE
1610,1610,12115,2.0,20,KK,SVJR,02:09:00,02:13:00,4.0,FORWARD,43,51,SOURCE
1611,1611,12115,2.0,21,SVJR,PUNE,02:13:00,02:15:00,2.0,FORWARD,43,52,SOURCE
1658,1658,12116,2.0,1,PUNE,SVJR,03:05:00,03:17:00,12.0,REVERSE,44,52,SOURCE
1657,1657,12116,2.0,2,SVJR,KK,03:17:00,03:20:00,3.0,REVERSE,44,51,SOURCE
1656,1656,12116,2.0,3,KK,DAPD,03:20:00,03:22:00,2.0,REVERSE,44,50,SOURCE
1655,1655,12116,2.0,4,DAPD,KSWD,03:22:00,03:26:00,4.0,REVERSE,44,49,SOURCE
1654,1654,12116,2.0,5,KSWD,PMP,03:26:00,03:28:00,2.0,REVERSE,44,48,SOURCE
1653,1653,12116,2.0,6,PMP,CCH,03:28:00,03:30:00,2.0,REVERSE,44,47,SOURCE
1652,1652,12116,2.0,7,CCH,AKRD,03:30:00,03:33:00,3.0,REVERSE,44,46,SOURCE
1651,1651,12116,2.0,8,AKRD,DEHR,03:33:00,03:37:00,4.0,REVERSE,44,45,SOURCE
1650,1650,12116,2.0,9,GRWD,TGN,03:43:00,03:46:00,3.0,REVERSE,44,42,SOURCE
1649,1649,12116,2.0,10,TGN,VDN,03:46:00,03:49:00,3.0,REVERSE,44,41,SOURCE
1648,1648,12116,2.0,11,VDN,KNHE,03:49:00,03:54:00,5.0,REVERSE,44,40,SOURCE
1647,1647,12116,2.0,12,KNHE,KMST,03:54:00,03:58:00,4.0,REVERSE,44,39,SOURCE
1646,1646,12116,2.0,13,KMST,MVL,03:58:00,04:06:00,8.0,REVERSE,44,38,SOURCE
1645,1645,12116,2.0,14,MVL,LNL,04:06:00,04:15:00,9.0,REVERSE,44,37,SOURCE
1644,1644,12116,2.0,15,LNL,KAD,04:13:00,04:20:00,7.0,REVERSE,44,36,SOURCE
1643,1643,12116,2.0,16,KAD,PDI,04:18:00,04:48:00,30.0,REVERSE,44,35,SOURCE
1642,1642,12116,2.0,17,PDI,KJT,04:48:00,04:55:00,7.0,REVERSE,44,34,SOURCE
1641,1641,12116,2.0,18,KJT,BVS,04:53:00,05:02:00,9.0,REVERSE,44,33,SOURCE
1640,1640,12116,2.0,19,BVS,NRL,05:02:00,05:09:00,7.0,REVERSE,44,32,SOURCE
1639,1639,12116,2.0,20,NRL,SHLU,05:09:00,05:14:00,5.0,REVERSE,44,31,SOURCE
1638,1638,12116,2.0,21,SHLU,VGI,05:14:00,05:18:00,4.0,REVERSE,44,30,SOURCE
1637,1637,12116,2.0,22,VGI,BUD,05:18:00,05:29:00,11.0,REVERSE,44,29,SOURCE
1636,1636,12116,2.0,23,BUD,ABH,05:29:00,05:37:00,8.0,REVERSE,44,28,SOURCE
1635,1635,12116,2.0,24,ABH,ULNR,05:37:00,05:39:00,2.0,REVERSE,44,27,SOURCE
1634,1634,12116,2.0,25,ULNR,VLDI,05:39:00,05:41:00,2.0,REVERSE,44,26,SOURCE
1633,1633,12116,2.0,26,VLDI,KYN,05:41:00,05:45:00,4.0,REVERSE,44,25,SOURCE
1632,1632,12116,2.0,27,KYN,THK,05:43:00,05:48:00,5.0,REVERSE,44,24,SOURCE
1631,1631,12116,2.0,28,THK,DI,05:48:00,05:49:00,1.0,REVERSE,44,23,SOURCE
1630,1630,12116,2.0,29,DI,KOPR,05:49:00,05:51:00,2.0,REVERSE,44,22,SOURCE
1629,1629,12116,2.0,30,KOPR,DIVA,05:51:00,05:55:00,4.0,REVERSE,44,21,SOURCE
1628,1628,12116,2.0,31,DIVA,MBQ,05:55:00,05:57:00,2.0,REVERSE,44,20,SOURCE
1627,1627,12116,2.0,32,MBQ,KLVA,05:57:00,06:01:00,4.0,REVERSE,44,19,SOURCE
1626,1626,12116,2.0,33,KLVA,TNA,06:01:00,06:05:00,4.0,REVERSE,44,18,SOURCE
1625,1625,12116,2.0,34,TNA,MLND,06:03:00,06:07:00,4.0,REVERSE,44,17,SOURCE
1624,1624,12116,2.0,35,MLND,NHU,06:07:00,06:09:00,2.0,REVERSE,44,16,SOURCE
1623,1623,12116,2.0,36,NHU,BND,06:09:00,06:11:00,2.0,REVERSE,44,15,SOURCE
1622,1622,12116,2.0,37,VK,GC,06:14:00,06:18:00,4.0,REVERSE,44,13,SOURCE
1621,1621,12116,2.0,38,GC,VVH,06:18:00,06:19:00,1.0,REVERSE,44,12,SOURCE
1620,1620,12116,2.0,39,VVH,CLA,06:19:00,06:21:00,2.0,REVERSE,44,11,SOURCE
1619,1619,12116,2.0,40,CLA,SIN,06:21:00,06:24:00,3.0,REVERSE,44,10,SOURCE
1618,1618,12116,2.0,41,SIN,MTN,06:24:00,06:26:00,2.0,REVERSE,44,9,SOURCE
1617,1617,12116,2.0,42,MTN,DR,06:26:00,06:30:00,4.0,REVERSE,44,8,SOURCE
1616,1616,12116,2.0,43,DR,PR,06:28:00,06:34:00,6.0,REVERSE,44,7,SOURCE
1615,1615,12116,2.0,44,PR,CRD,06:34:00,06:41:00,7.0,REVERSE,44,6,SOURCE
1614,1614,12116,2.0,45,BY,SNRD,06:48:00,06:55:00,7.0,REVERSE,44,3,SOURCE
1613,1613,12116,2.0,46,SNRD,MSD,06:55:00,06:59:00,4.0,REVERSE,44,2,SOURCE
1612,1612,12116,2.0,47,MSD,CSMT,06:59:00,07:00:00,1.0,REVERSE,44,1,SOURCE
1659,1659,12123,1.0,1,CSMT,MSD,17:10:00,17:11:00,1.0,FORWARD,45,1,SOURCE
1660,1660,12123,1.0,2,MSD,SNRD,17:11:00,17:12:00,1.0,FORWARD,45,2,SOURCE
1661,1661,12123,1.0,3,SNRD,BY,17:12:00,17:13:00,1.0,FORWARD,45,3,SOURCE
1662,1662,12123,1.0,4,CRD,PR,17:15:00,17:16:00,1.0,FORWARD,45,6,SOURCE
1663,1663,12123,1.0,5,PR,DR,17:16:00,17:17:00,1.0,FORWARD,45,7,SOURCE
1664,1664,12123,1.0,6,DR,MTN,17:17:00,17:18:00,1.0,FORWARD,45,8,SOURCE
1665,1665,12123,1.0,7,MTN,SIN,17:18:00,17:21:00,3.0,FORWARD,45,9,SOURCE
1666,1666,12123,1.0,8,SIN,CLA,17:21:00,17:23:00,2.0,FORWARD,45,10,SOURCE
1667,1667,12123,1.0,9,CLA,VVH,17:23:00,17:25:00,2.0,FORWARD,45,11,SOURCE
1668,1668,12123,1.0,10,VVH,GC,17:25:00,17:26:00,1.0,FORWARD,45,12,SOURCE
1669,1669,12123,1.0,11,GC,VK,17:26:00,17:29:00,3.0,FORWARD,45,13,SOURCE
1670,1670,12123,1.0,12,BND,NHU,17:32:00,17:34:00,2.0,FORWARD,45,15,SOURCE
1671,1671,12123,1.0,13,NHU,MLND,17:34:00,17:35:00,1.0,FORWARD,45,16,SOURCE
1672,1672,12123,1.0,14,MLND,TNA,17:35:00,17:38:00,3.0,FORWARD,45,17,SOURCE
1673,1673,12123,1.0,15,TNA,KLVA,17:38:00,17:40:00,2.0,FORWARD,45,18,SOURCE
1674,1674,12123,1.0,16,KLVA,MBQ,17:40:00,17:43:00,3.0,FORWARD,45,19,SOURCE
1675,1675,12123,1.0,17,MBQ,DIVA,17:43:00,17:46:00,3.0,FORWARD,45,20,SOURCE
1676,1676,12123,1.0,18,DIVA,KOPR,17:46:00,17:49:00,3.0,FORWARD,45,21,SOURCE
1677,1677,12123,1.0,19,KOPR,DI,17:49:00,17:50:00,1.0,FORWARD,45,22,SOURCE
1678,1678,12123,1.0,20,DI,THK,17:50:00,17:51:00,1.0,FORWARD,45,23,SOURCE
1679,1679,12123,1.0,21,THK,KYN,17:51:00,17:55:00,4.0,FORWARD,45,24,SOURCE
1680,1680,12123,1.0,22,KYN,VLDI,17:55:00,17:57:00,2.0,FORWARD,45,25,SOURCE
1681,1681,12123,1.0,23,VLDI,ULNR,17:57:00,17:58:00,1.0,FORWARD,45,26,SOURCE
1682,1682,12123,1.0,24,ULNR,ABH,17:58:00,18:00:00,2.0,FORWARD,45,27,SOURCE
1683,1683,12123,1.0,25,ABH,BUD,18:00:00,18:07:00,7.0,FORWARD,45,28,SOURCE
1684,1684,12123,1.0,26,BUD,VGI,18:07:00,18:16:00,9.0,FORWARD,45,29,SOURCE
1685,1685,12123,1.0,27,VGI,SHLU,18:16:00,18:19:00,3.0,FORWARD,45,30,SOURCE
1686,1686,12123,1.0,28,SHLU,NRL,18:19:00,18:22:00,3.0,FORWARD,45,31,SOURCE
1687,1687,12123,1.0,29,NRL,BVS,18:22:00,18:28:00,6.0,FORWARD,45,32,SOURCE
1688,1688,12123,1.0,30,BVS,KJT,18:28:00,18:33:00,5.0,FORWARD,45,33,SOURCE
1689,1689,12123,1.0,31,KJT,PDI,18:35:00,18:40:00,5.0,FORWARD,45,34,SOURCE
1690,1690,12123,1.0,32,PDI,KAD,18:40:00,19:12:00,32.0,FORWARD,45,35,SOURCE
1691,1691,12123,1.0,33,KAD,LNL,19:12:00,19:18:00,6.0,FORWARD,45,36,SOURCE
1692,1692,12123,1.0,34,LNL,MVL,19:20:00,19:26:00,6.0,FORWARD,45,37,SOURCE
1693,1693,12123,1.0,35,MVL,KMST,19:26:00,19:32:00,6.0,FORWARD,45,38,SOURCE
1694,1694,12123,1.0,36,KMST,KNHE,19:32:00,19:36:00,4.0,FORWARD,45,39,SOURCE
1695,1695,12123,1.0,37,KNHE,VDN,19:36:00,19:40:00,4.0,FORWARD,45,40,SOURCE
1696,1696,12123,1.0,38,VDN,TGN,19:40:00,19:43:00,3.0,FORWARD,45,41,SOURCE
1697,1697,12123,1.0,39,TGN,GRWD,19:43:00,19:45:00,2.0,FORWARD,45,42,SOURCE
1698,1698,12123,1.0,40,DEHR,AKRD,19:51:00,19:54:00,3.0,FORWARD,45,45,SOURCE
1699,1699,12123,1.0,41,AKRD,CCH,19:54:00,19:57:00,3.0,FORWARD,45,46,SOURCE
1700,1700,12123,1.0,42,CCH,PMP,19:57:00,19:59:00,2.0,FORWARD,45,47,SOURCE
1701,1701,12123,1.0,43,PMP,KSWD,19:59:00,20:00:00,1.0,FORWARD,45,48,SOURCE
1702,1702,12123,1.0,44,KSWD,DAPD,20:00:00,20:03:00,3.0,FORWARD,45,49,SOURCE
1703,1703,12123,1.0,45,DAPD,KK,20:03:00,20:05:00,2.0,FORWARD,45,50,SOURCE
1704,1704,12123,1.0,46,KK,SVJR,20:05:00,20:08:00,3.0,FORWARD,45,51,SOURCE
1705,1705,12123,1.0,47,SVJR,PUNE,20:10:00,20:25:00,15.0,FORWARD,45,52,SOURCE
1752,1752,12124,1.0,1,PUNE,SVJR,07:15:00,07:17:00,2.0,REVERSE,46,52,SOURCE
1751,1751,12124,1.0,2,SVJR,KK,07:17:00,07:20:00,3.0,REVERSE,46,51,SOURCE
1750,1750,12124,1.0,3,KK,DAPD,07:20:00,07:22:00,2.0,REVERSE,46,50,SOURCE
1749,1749,12124,1.0,4,DAPD,KSWD,07:22:00,07:25:00,3.0,REVERSE,46,49,SOURCE
1748,1748,12124,1.0,5,KSWD,PMP,07:25:00,07:27:00,2.0,REVERSE,46,48,SOURCE
1747,1747,12124,1.0,6,PMP,CCH,07:27:00,07:29:00,2.0,REVERSE,46,47,SOURCE
1746,1746,12124,1.0,7,CCH,AKRD,07:29:00,07:31:00,2.0,REVERSE,46,46,SOURCE
1745,1745,12124,1.0,8,AKRD,DEHR,07:31:00,07:35:00,4.0,REVERSE,46,45,SOURCE
1744,1744,12124,1.0,9,GRWD,TGN,07:41:00,07:44:00,3.0,REVERSE,46,42,SOURCE
1743,1743,12124,1.0,10,TGN,VDN,07:44:00,07:47:00,3.0,REVERSE,46,41,SOURCE
1742,1742,12124,1.0,11,VDN,KNHE,07:47:00,07:51:00,4.0,REVERSE,46,40,SOURCE
1741,1741,12124,1.0,12,KNHE,KMST,07:51:00,07:55:00,4.0,REVERSE,46,39,SOURCE
1740,1740,12124,1.0,13,KMST,MVL,07:55:00,08:02:00,7.0,REVERSE,46,38,SOURCE
1739,1739,12124,1.0,14,MVL,LNL,08:02:00,08:10:00,8.0,REVERSE,46,37,SOURCE
1738,1738,12124,1.0,15,LNL,KAD,08:08:00,08:14:00,6.0,REVERSE,46,36,SOURCE
1737,1737,12124,1.0,16,KAD,PDI,08:14:00,08:34:00,20.0,REVERSE,46,35,SOURCE
1736,1736,12124,1.0,17,PDI,KJT,08:34:00,08:36:00,2.0,REVERSE,46,34,SOURCE
1735,1735,12124,1.0,18,KJT,BVS,08:36:00,08:43:00,7.0,REVERSE,46,33,SOURCE
1734,1734,12124,1.0,19,BVS,NRL,08:43:00,08:49:00,6.0,REVERSE,46,32,SOURCE
1733,1733,12124,1.0,20,NRL,SHLU,08:49:00,08:53:00,4.0,REVERSE,46,31,SOURCE
1732,1732,12124,1.0,21,SHLU,VGI,08:53:00,08:57:00,4.0,REVERSE,46,30,SOURCE
1731,1731,12124,1.0,22,VGI,BUD,08:57:00,09:08:00,11.0,REVERSE,46,29,SOURCE
1730,1730,12124,1.0,23,BUD,ABH,09:08:00,09:15:00,7.0,REVERSE,46,28,SOURCE
1729,1729,12124,1.0,24,ABH,ULNR,09:15:00,09:17:00,2.0,REVERSE,46,27,SOURCE
1728,1728,12124,1.0,25,ULNR,VLDI,09:17:00,09:19:00,2.0,REVERSE,46,26,SOURCE
1727,1727,12124,1.0,26,VLDI,KYN,09:19:00,09:21:00,2.0,REVERSE,46,25,SOURCE
1726,1726,12124,1.0,27,KYN,THK,09:21:00,09:25:00,4.0,REVERSE,46,24,SOURCE
1725,1725,12124,1.0,28,THK,DI,09:25:00,09:26:00,1.0,REVERSE,46,23,SOURCE
1724,1724,12124,1.0,29,DI,KOPR,09:26:00,09:27:00,1.0,REVERSE,46,22,SOURCE
1723,1723,12124,1.0,30,KOPR,DIVA,09:27:00,09:32:00,5.0,REVERSE,46,21,SOURCE
1722,1722,12124,1.0,31,DIVA,MBQ,09:32:00,09:34:00,2.0,REVERSE,46,20,SOURCE
1721,1721,12124,1.0,32,MBQ,KLVA,09:34:00,09:38:00,4.0,REVERSE,46,19,SOURCE
1720,1720,12124,1.0,33,KLVA,TNA,09:38:00,09:41:00,3.0,REVERSE,46,18,SOURCE
1719,1719,12124,1.0,34,TNA,MLND,09:41:00,09:43:00,2.0,REVERSE,46,17,SOURCE
1718,1718,12124,1.0,35,MLND,NHU,09:43:00,09:45:00,2.0,REVERSE,46,16,SOURCE
1717,1717,12124,1.0,36,NHU,BND,09:45:00,09:47:00,2.0,REVERSE,46,15,SOURCE
1716,1716,12124,1.0,37,VK,GC,09:50:00,09:54:00,4.0,REVERSE,46,13,SOURCE
1715,1715,12124,1.0,38,GC,VVH,09:54:00,09:55:00,1.0,REVERSE,46,12,SOURCE
1714,1714,12124,1.0,39,VVH,CLA,09:55:00,09:58:00,3.0,REVERSE,46,11,SOURCE
1713,1713,12124,1.0,40,CLA,SIN,09:58:00,10:00:00,2.0,REVERSE,46,10,SOURCE
1712,1712,12124,1.0,41,SIN,MTN,10:00:00,10:03:00,3.0,REVERSE,46,9,SOURCE
1710,1710,12124,1.0,42,DR,PR,10:03:00,10:07:00,4.0,REVERSE,46,7,SOURCE
1711,1711,12124,1.0,43,MTN,DR,10:03:00,10:05:00,2.0,REVERSE,46,8,SOURCE
1709,1709,12124,1.0,44,PR,CRD,10:07:00,10:11:00,4.0,REVERSE,46,6,SOURCE
1708,1708,12124,1.0,45,BY,SNRD,10:16:00,10:20:00,4.0,REVERSE,46,3,SOURCE
1707,1707,12124,1.0,46,SNRD,MSD,10:20:00,10:22:00,2.0,REVERSE,46,2,SOURCE
1706,1706,12124,1.0,47,MSD,CSMT,10:22:00,10:25:00,3.0,REVERSE,46,1,SOURCE
1753,1753,12125,1.0,1,CSMT,MSD,16:25:00,16:26:00,1.0,FORWARD,47,1,SOURCE
1754,1754,12125,1.0,2,MSD,SNRD,16:26:00,16:28:00,2.0,FORWARD,47,2,SOURCE
1755,1755,12125,1.0,3,SNRD,BY,16:28:00,16:30:00,2.0,FORWARD,47,3,SOURCE
1756,1756,12125,1.0,4,CRD,PR,16:33:00,16:35:00,2.0,FORWARD,47,6,SOURCE
1757,1757,12125,1.0,5,PR,DR,16:35:00,16:37:00,2.0,FORWARD,47,7,SOURCE
1758,1758,12125,1.0,6,DR,MTN,16:39:00,16:40:00,1.0,FORWARD,47,8,SOURCE
1759,1759,12125,1.0,7,MTN,SIN,16:40:00,16:42:00,2.0,FORWARD,47,9,SOURCE
1760,1760,12125,1.0,8,SIN,CLA,16:42:00,16:44:00,2.0,FORWARD,47,10,SOURCE
1761,1761,12125,1.0,9,CLA,VVH,16:44:00,16:46:00,2.0,FORWARD,47,11,SOURCE
1762,1762,12125,1.0,10,VVH,GC,16:46:00,16:48:00,2.0,FORWARD,47,12,SOURCE
1763,1763,12125,1.0,11,GC,VK,16:48:00,16:51:00,3.0,FORWARD,47,13,SOURCE
1764,1764,12125,1.0,12,BND,NHU,16:54:00,16:55:00,1.0,FORWARD,47,15,SOURCE
1765,1765,12125,1.0,13,NHU,MLND,16:55:00,16:57:00,2.0,FORWARD,47,16,SOURCE
1766,1766,12125,1.0,14,MLND,TNA,16:57:00,16:59:00,2.0,FORWARD,47,17,SOURCE
1767,1767,12125,1.0,15,TNA,KLVA,16:59:00,17:01:00,2.0,FORWARD,47,18,SOURCE
1768,1768,12125,1.0,16,KLVA,MBQ,17:01:00,17:05:00,4.0,FORWARD,47,19,SOURCE
1769,1769,12125,1.0,17,MBQ,DIVA,17:05:00,17:07:00,2.0,FORWARD,47,20,SOURCE
1770,1770,12125,1.0,18,DIVA,KOPR,17:07:00,17:10:00,3.0,FORWARD,47,21,SOURCE
1771,1771,12125,1.0,19,KOPR,DI,17:10:00,17:11:00,1.0,FORWARD,47,22,SOURCE
1772,1772,12125,1.0,20,DI,THK,17:11:00,17:13:00,2.0,FORWARD,47,23,SOURCE
1773,1773,12125,1.0,21,THK,KYN,17:13:00,17:16:00,3.0,FORWARD,47,24,SOURCE
1774,1774,12125,1.0,22,KYN,VLDI,17:16:00,17:17:00,1.0,FORWARD,47,25,SOURCE
1775,1775,12125,1.0,23,VLDI,ULNR,17:17:00,17:19:00,2.0,FORWARD,47,26,SOURCE
1776,1776,12125,1.0,24,ULNR,ABH,17:19:00,17:21:00,2.0,FORWARD,47,27,SOURCE
1777,1777,12125,1.0,25,ABH,BUD,17:21:00,17:27:00,6.0,FORWARD,47,28,SOURCE
1778,1778,12125,1.0,26,BUD,VGI,17:27:00,17:36:00,9.0,FORWARD,47,29,SOURCE
1779,1779,12125,1.0,27,VGI,SHLU,17:36:00,17:39:00,3.0,FORWARD,47,30,SOURCE
1780,1780,12125,1.0,28,SHLU,NRL,17:39:00,17:43:00,4.0,FORWARD,47,31,SOURCE
1781,1781,12125,1.0,29,NRL,BVS,17:43:00,17:48:00,5.0,FORWARD,47,32,SOURCE
1782,1782,12125,1.0,30,BVS,KJT,17:48:00,17:53:00,5.0,FORWARD,47,33,SOURCE
1783,1783,12125,1.0,31,KJT,PDI,17:55:00,18:00:00,5.0,FORWARD,47,34,SOURCE
1784,1784,12125,1.0,32,PDI,KAD,18:00:00,18:34:00,34.0,FORWARD,47,35,SOURCE
1785,1785,12125,1.0,33,KAD,LNL,18:34:00,18:40:00,6.0,FORWARD,47,36,SOURCE
1786,1786,12125,1.0,34,LNL,MVL,18:42:00,18:48:00,6.0,FORWARD,47,37,SOURCE
1787,1787,12125,1.0,35,MVL,KMST,18:48:00,18:56:00,8.0,FORWARD,47,38,SOURCE
1788,1788,12125,1.0,36,KMST,KNHE,18:56:00,19:00:00,4.0,FORWARD,47,39,SOURCE
1789,1789,12125,1.0,37,KNHE,VDN,19:00:00,19:04:00,4.0,FORWARD,47,40,SOURCE
1790,1790,12125,1.0,38,VDN,TGN,19:04:00,19:08:00,4.0,FORWARD,47,41,SOURCE
1791,1791,12125,1.0,39,TGN,GRWD,19:08:00,19:11:00,3.0,FORWARD,47,42,SOURCE
1792,1792,12125,1.0,40,DEHR,AKRD,19:16:00,19:21:00,5.0,FORWARD,47,45,SOURCE
1793,1793,12125,1.0,41,AKRD,CCH,19:21:00,19:24:00,3.0,FORWARD,47,46,SOURCE
1794,1794,12125,1.0,42,CCH,PMP,19:24:00,19:26:00,2.0,FORWARD,47,47,SOURCE
1795,1795,12125,1.0,43,PMP,KSWD,19:26:00,19:28:00,2.0,FORWARD,47,48,SOURCE
1796,1796,12125,1.0,44,KSWD,DAPD,19:28:00,19:31:00,3.0,FORWARD,47,49,SOURCE
1797,1797,12125,1.0,45,DAPD,KK,19:31:00,19:33:00,2.0,FORWARD,47,50,SOURCE
1798,1798,12125,1.0,46,KK,SVJR,19:33:00,19:36:00,3.0,FORWARD,47,51,SOURCE
1799,1799,12125,1.0,47,SVJR,PUNE,19:38:00,19:53:00,15.0,FORWARD,47,52,SOURCE
1846,1846,12126,1.0,1,PUNE,SVJR,07:50:00,07:52:00,2.0,REVERSE,48,52,SOURCE
1845,1845,12126,1.0,2,SVJR,KK,07:52:00,07:55:00,3.0,REVERSE,48,51,SOURCE
1844,1844,12126,1.0,3,KK,DAPD,07:55:00,07:57:00,2.0,REVERSE,48,50,SOURCE
1843,1843,12126,1.0,4,DAPD,KSWD,07:57:00,08:00:00,3.0,REVERSE,48,49,SOURCE
1842,1842,12126,1.0,5,KSWD,PMP,08:00:00,08:02:00,2.0,REVERSE,48,48,SOURCE
1841,1841,12126,1.0,6,PMP,CCH,08:02:00,08:04:00,2.0,REVERSE,48,47,SOURCE
1840,1840,12126,1.0,7,CCH,AKRD,08:04:00,08:06:00,2.0,REVERSE,48,46,SOURCE
1839,1839,12126,1.0,8,AKRD,DEHR,08:06:00,08:10:00,4.0,REVERSE,48,45,SOURCE
1838,1838,12126,1.0,9,GRWD,TGN,08:16:00,08:18:00,2.0,REVERSE,48,42,SOURCE
1837,1837,12126,1.0,10,TGN,VDN,08:18:00,08:22:00,4.0,REVERSE,48,41,SOURCE
1836,1836,12126,1.0,11,VDN,KNHE,08:22:00,08:26:00,4.0,REVERSE,48,40,SOURCE
1835,1835,12126,1.0,12,KNHE,KMST,08:26:00,08:30:00,4.0,REVERSE,48,39,SOURCE
1834,1834,12126,1.0,13,KMST,MVL,08:30:00,08:37:00,7.0,REVERSE,48,38,SOURCE
1833,1833,12126,1.0,14,MVL,LNL,08:37:00,08:45:00,8.0,REVERSE,48,37,SOURCE
1832,1832,12126,1.0,15,LNL,KAD,08:43:00,08:49:00,6.0,REVERSE,48,36,SOURCE
1831,1831,12126,1.0,16,KAD,PDI,08:49:00,09:10:00,21.0,REVERSE,48,35,SOURCE
1830,1830,12126,1.0,17,PDI,KJT,09:10:00,09:13:00,3.0,REVERSE,48,34,SOURCE
1829,1829,12126,1.0,18,KJT,BVS,09:13:00,09:21:00,8.0,REVERSE,48,33,SOURCE
1828,1828,12126,1.0,19,BVS,NRL,09:21:00,09:27:00,6.0,REVERSE,48,32,SOURCE
1827,1827,12126,1.0,20,NRL,SHLU,09:27:00,09:32:00,5.0,REVERSE,48,31,SOURCE
1826,1826,12126,1.0,21,SHLU,VGI,09:32:00,09:36:00,4.0,REVERSE,48,30,SOURCE
1825,1825,12126,1.0,22,VGI,BUD,09:36:00,09:47:00,11.0,REVERSE,48,29,SOURCE
1824,1824,12126,1.0,23,BUD,ABH,09:47:00,09:55:00,8.0,REVERSE,48,28,SOURCE
1823,1823,12126,1.0,24,ABH,ULNR,09:55:00,09:57:00,2.0,REVERSE,48,27,SOURCE
1822,1822,12126,1.0,25,ULNR,VLDI,09:57:00,09:59:00,2.0,REVERSE,48,26,SOURCE
1821,1821,12126,1.0,26,VLDI,KYN,09:59:00,10:02:00,3.0,REVERSE,48,25,SOURCE
1820,1820,12126,1.0,27,KYN,THK,10:02:00,10:06:00,4.0,REVERSE,48,24,SOURCE
1819,1819,12126,1.0,28,THK,DI,10:06:00,10:07:00,1.0,REVERSE,48,23,SOURCE
1818,1818,12126,1.0,29,DI,KOPR,10:07:00,10:08:00,1.0,REVERSE,48,22,SOURCE
1817,1817,12126,1.0,30,KOPR,DIVA,10:08:00,10:13:00,5.0,REVERSE,48,21,SOURCE
1816,1816,12126,1.0,31,DIVA,MBQ,10:13:00,10:16:00,3.0,REVERSE,48,20,SOURCE
1815,1815,12126,1.0,32,MBQ,KLVA,10:16:00,10:20:00,4.0,REVERSE,48,19,SOURCE
1814,1814,12126,1.0,33,KLVA,TNA,10:20:00,10:23:00,3.0,REVERSE,48,18,SOURCE
1813,1813,12126,1.0,34,TNA,MLND,10:23:00,10:25:00,2.0,REVERSE,48,17,SOURCE
1812,1812,12126,1.0,35,MLND,NHU,10:25:00,10:28:00,3.0,REVERSE,48,16,SOURCE
1811,1811,12126,1.0,36,NHU,BND,10:28:00,10:29:00,1.0,REVERSE,48,15,SOURCE
1810,1810,12126,1.0,37,VK,GC,10:33:00,10:37:00,4.0,REVERSE,48,13,SOURCE
1809,1809,12126,1.0,38,GC,VVH,10:37:00,10:38:00,1.0,REVERSE,48,12,SOURCE
1808,1808,12126,1.0,39,VVH,CLA,10:38:00,10:41:00,3.0,REVERSE,48,11,SOURCE
1807,1807,12126,1.0,40,CLA,SIN,10:41:00,10:44:00,3.0,REVERSE,48,10,SOURCE
1806,1806,12126,1.0,41,SIN,MTN,10:44:00,10:46:00,2.0,REVERSE,48,9,SOURCE
1805,1805,12126,1.0,42,MTN,DR,10:46:00,10:50:00,4.0,REVERSE,48,8,SOURCE
1804,1804,12126,1.0,43,DR,PR,10:48:00,10:52:00,4.0,REVERSE,48,7,SOURCE
1803,1803,12126,1.0,44,PR,CRD,10:52:00,10:56:00,4.0,REVERSE,48,6,SOURCE
1802,1802,12126,1.0,45,BY,SNRD,11:01:00,11:05:00,4.0,REVERSE,48,3,SOURCE
1801,1801,12126,1.0,46,SNRD,MSD,11:05:00,11:07:00,2.0,REVERSE,48,2,SOURCE
1800,1800,12126,1.0,47,MSD,CSMT,11:07:00,11:10:00,3.0,REVERSE,48,1,SOURCE
1847,1847,12127,1.0,1,CSMT,MSD,06:45:00,06:46:00,1.0,FORWARD,49,1,SOURCE
1848,1848,12127,1.0,2,MSD,SNRD,06:46:00,06:48:00,2.0,FORWARD,49,2,SOURCE
1849,1849,12127,1.0,3,SNRD,BY,06:48:00,06:50:00,2.0,FORWARD,49,3,SOURCE
1850,1850,12127,1.0,4,CRD,PR,06:52:00,06:54:00,2.0,FORWARD,49,6,SOURCE
1851,1851,12127,1.0,5,PR,DR,06:54:00,06:56:00,2.0,FORWARD,49,7,SOURCE
1852,1852,12127,1.0,6,DR,MTN,06:58:00,06:59:00,1.0,FORWARD,49,8,SOURCE
1853,1853,12127,1.0,7,MTN,SIN,06:59:00,07:01:00,2.0,FORWARD,49,9,SOURCE
1854,1854,12127,1.0,8,SIN,CLA,07:01:00,07:03:00,2.0,FORWARD,49,10,SOURCE
1855,1855,12127,1.0,9,CLA,VVH,07:03:00,07:04:00,1.0,FORWARD,49,11,SOURCE
1856,1856,12127,1.0,10,VVH,GC,07:04:00,07:05:00,1.0,FORWARD,49,12,SOURCE
1857,1857,12127,1.0,11,GC,VK,07:05:00,07:08:00,3.0,FORWARD,49,13,SOURCE
1858,1858,12127,1.0,12,BND,NHU,07:10:00,07:11:00,1.0,FORWARD,49,15,SOURCE
1859,1859,12127,1.0,13,NHU,MLND,07:11:00,07:13:00,2.0,FORWARD,49,16,SOURCE
1860,1860,12127,1.0,14,MLND,TNA,07:13:00,07:15:00,2.0,FORWARD,49,17,SOURCE
1861,1861,12127,1.0,15,TNA,KLVA,07:17:00,07:20:00,3.0,FORWARD,49,18,SOURCE
1862,1862,12127,1.0,16,KLVA,MBQ,07:20:00,07:24:00,4.0,FORWARD,49,19,SOURCE
1863,1863,12127,1.0,17,MBQ,DIVA,07:24:00,07:27:00,3.0,FORWARD,49,20,SOURCE
1864,1864,12127,1.0,18,DIVA,KOPR,07:27:00,07:31:00,4.0,FORWARD,49,21,SOURCE
1865,1865,12127,1.0,19,KOPR,DI,07:31:00,07:32:00,1.0,FORWARD,49,22,SOURCE
1866,1866,12127,1.0,20,DI,THK,07:32:00,07:34:00,2.0,FORWARD,49,23,SOURCE
1867,1867,12127,1.0,21,THK,KYN,07:34:00,07:37:00,3.0,FORWARD,49,24,SOURCE
1868,1868,12127,1.0,22,KYN,VLDI,07:37:00,07:40:00,3.0,FORWARD,49,25,SOURCE
1869,1869,12127,1.0,23,VLDI,ULNR,07:40:00,07:41:00,1.0,FORWARD,49,26,SOURCE
1870,1870,12127,1.0,24,ULNR,ABH,07:41:00,07:44:00,3.0,FORWARD,49,27,SOURCE
1871,1871,12127,1.0,25,ABH,BUD,07:44:00,07:52:00,8.0,FORWARD,49,28,SOURCE
1872,1872,12127,1.0,26,BUD,VGI,07:52:00,08:02:00,10.0,FORWARD,49,29,SOURCE
1873,1873,12127,1.0,27,VGI,SHLU,08:02:00,08:06:00,4.0,FORWARD,49,30,SOURCE
1874,1874,12127,1.0,28,SHLU,NRL,08:06:00,08:10:00,4.0,FORWARD,49,31,SOURCE
1875,1875,12127,1.0,29,NRL,BVS,08:10:00,08:17:00,7.0,FORWARD,49,32,SOURCE
1876,1876,12127,1.0,30,BVS,KJT,08:17:00,08:24:00,7.0,FORWARD,49,33,SOURCE
1877,1877,12127,1.0,31,KJT,PDI,08:24:00,08:27:00,3.0,FORWARD,49,34,SOURCE
1878,1878,12127,1.0,32,PDI,KAD,08:27:00,08:48:00,21.0,FORWARD,49,35,SOURCE
1879,1879,12127,1.0,33,KAD,LNL,08:48:00,08:50:00,2.0,FORWARD,49,36,SOURCE
1880,1880,12127,1.0,34,LNL,MVL,08:52:00,08:59:00,7.0,FORWARD,49,37,SOURCE
1881,1881,12127,1.0,35,MVL,KMST,08:59:00,09:07:00,8.0,FORWARD,49,38,SOURCE
1882,1882,12127,1.0,36,KMST,KNHE,09:07:00,09:11:00,4.0,FORWARD,49,39,SOURCE
1883,1883,12127,1.0,37,KNHE,VDN,09:11:00,09:16:00,5.0,FORWARD,49,40,SOURCE
1884,1884,12127,1.0,38,VDN,TGN,09:16:00,09:20:00,4.0,FORWARD,49,41,SOURCE
1885,1885,12127,1.0,39,TGN,GRWD,09:20:00,09:23:00,3.0,FORWARD,49,42,SOURCE
1886,1886,12127,1.0,40,DEHR,AKRD,09:29:00,09:34:00,5.0,FORWARD,49,45,SOURCE
1887,1887,12127,1.0,41,AKRD,CCH,09:34:00,09:37:00,3.0,FORWARD,49,46,SOURCE
1888,1888,12127,1.0,42,CCH,PMP,09:37:00,09:39:00,2.0,FORWARD,49,47,SOURCE
1889,1889,12127,1.0,43,PMP,KSWD,09:39:00,09:41:00,2.0,FORWARD,49,48,SOURCE
1890,1890,12127,1.0,44,KSWD,DAPD,09:41:00,09:44:00,3.0,FORWARD,49,49,SOURCE
1891,1891,12127,1.0,45,DAPD,KK,09:44:00,09:47:00,3.0,FORWARD,49,50,SOURCE
1892,1892,12127,1.0,46,KK,SVJR,09:47:00,09:50:00,3.0,FORWARD,49,51,SOURCE
1893,1893,12127,1.0,47,SVJR,PUNE,09:50:00,09:52:00,2.0,FORWARD,49,52,SOURCE
1940,1940,12128,1.0,1,PUNE,SVJR,17:55:00,17:57:00,2.0,REVERSE,50,52,SOURCE
1939,1939,12128,1.0,2,SVJR,KK,17:57:00,18:00:00,3.0,REVERSE,50,51,SOURCE
1938,1938,12128,1.0,3,KK,DAPD,18:00:00,18:02:00,2.0,REVERSE,50,50,SOURCE
1937,1937,12128,1.0,4,DAPD,KSWD,18:02:00,18:05:00,3.0,REVERSE,50,49,SOURCE
1936,1936,12128,1.0,5,KSWD,PMP,18:05:00,18:06:00,1.0,REVERSE,50,48,SOURCE
1935,1935,12128,1.0,6,PMP,CCH,18:06:00,18:08:00,2.0,REVERSE,50,47,SOURCE
1934,1934,12128,1.0,7,CCH,AKRD,18:08:00,18:11:00,3.0,REVERSE,50,46,SOURCE
1933,1933,12128,1.0,8,AKRD,DEHR,18:11:00,18:15:00,4.0,REVERSE,50,45,SOURCE
1932,1932,12128,1.0,9,GRWD,TGN,18:20:00,18:22:00,2.0,REVERSE,50,42,SOURCE
1931,1931,12128,1.0,10,TGN,VDN,18:22:00,18:26:00,4.0,REVERSE,50,41,SOURCE
1930,1930,12128,1.0,11,VDN,KNHE,18:26:00,18:30:00,4.0,REVERSE,50,40,SOURCE
1929,1929,12128,1.0,12,KNHE,KMST,18:30:00,18:33:00,3.0,REVERSE,50,39,SOURCE
1928,1928,12128,1.0,13,KMST,MVL,18:33:00,18:40:00,7.0,REVERSE,50,38,SOURCE
1927,1927,12128,1.0,14,MVL,LNL,18:40:00,18:48:00,8.0,REVERSE,50,37,SOURCE
1926,1926,12128,1.0,15,LNL,KAD,18:46:00,18:52:00,6.0,REVERSE,50,36,SOURCE
1925,1925,12128,1.0,16,KAD,PDI,18:52:00,19:12:00,20.0,REVERSE,50,35,SOURCE
1924,1924,12128,1.0,17,PDI,KJT,19:12:00,19:14:00,2.0,REVERSE,50,34,SOURCE
1923,1923,12128,1.0,18,KJT,BVS,19:14:00,19:21:00,7.0,REVERSE,50,33,SOURCE
1922,1922,12128,1.0,19,BVS,NRL,19:21:00,19:27:00,6.0,REVERSE,50,32,SOURCE
1921,1921,12128,1.0,20,NRL,SHLU,19:27:00,19:31:00,4.0,REVERSE,50,31,SOURCE
1920,1920,12128,1.0,21,SHLU,VGI,19:31:00,19:35:00,4.0,REVERSE,50,30,SOURCE
1919,1919,12128,1.0,22,VGI,BUD,19:35:00,19:45:00,10.0,REVERSE,50,29,SOURCE
1918,1918,12128,1.0,23,BUD,ABH,19:45:00,19:53:00,8.0,REVERSE,50,28,SOURCE
1917,1917,12128,1.0,24,ABH,ULNR,19:53:00,19:55:00,2.0,REVERSE,50,27,SOURCE
1916,1916,12128,1.0,25,ULNR,VLDI,19:55:00,19:57:00,2.0,REVERSE,50,26,SOURCE
1915,1915,12128,1.0,26,VLDI,KYN,19:57:00,19:59:00,2.0,REVERSE,50,25,SOURCE
1914,1914,12128,1.0,27,KYN,THK,19:59:00,20:03:00,4.0,REVERSE,50,24,SOURCE
1913,1913,12128,1.0,28,THK,DI,20:03:00,20:04:00,1.0,REVERSE,50,23,SOURCE
1912,1912,12128,1.0,29,DI,KOPR,20:04:00,20:05:00,1.0,REVERSE,50,22,SOURCE
1911,1911,12128,1.0,30,KOPR,DIVA,20:05:00,20:09:00,4.0,REVERSE,50,21,SOURCE
1910,1910,12128,1.0,31,DIVA,MBQ,20:09:00,20:12:00,3.0,REVERSE,50,20,SOURCE
1909,1909,12128,1.0,32,MBQ,KLVA,20:12:00,20:16:00,4.0,REVERSE,50,19,SOURCE
1908,1908,12128,1.0,33,KLVA,TNA,20:16:00,20:20:00,4.0,REVERSE,50,18,SOURCE
1907,1907,12128,1.0,34,TNA,MLND,20:18:00,20:22:00,4.0,REVERSE,50,17,SOURCE
1906,1906,12128,1.0,35,MLND,NHU,20:22:00,20:23:00,1.0,REVERSE,50,16,SOURCE
1905,1905,12128,1.0,36,NHU,BND,20:23:00,20:25:00,2.0,REVERSE,50,15,SOURCE
1904,1904,12128,1.0,37,VK,GC,20:27:00,20:30:00,3.0,REVERSE,50,13,SOURCE
1903,1903,12128,1.0,38,GC,VVH,20:30:00,20:31:00,1.0,REVERSE,50,12,SOURCE
1902,1902,12128,1.0,39,VVH,CLA,20:31:00,20:33:00,2.0,REVERSE,50,11,SOURCE
1901,1901,12128,1.0,40,CLA,SIN,20:33:00,20:34:00,1.0,REVERSE,50,10,SOURCE
1900,1900,12128,1.0,41,SIN,MTN,20:34:00,20:36:00,2.0,REVERSE,50,9,SOURCE
1899,1899,12128,1.0,42,MTN,DR,20:36:00,20:39:00,3.0,REVERSE,50,8,SOURCE
1898,1898,12128,1.0,43,DR,PR,20:37:00,20:41:00,4.0,REVERSE,50,7,SOURCE
1897,1897,12128,1.0,44,PR,CRD,20:41:00,20:46:00,5.0,REVERSE,50,6,SOURCE
1896,1896,12128,1.0,45,BY,SNRD,20:50:00,20:55:00,5.0,REVERSE,50,3,SOURCE
1895,1895,12128,1.0,46,SNRD,MSD,20:55:00,20:57:00,2.0,REVERSE,50,2,SOURCE
1894,1894,12128,1.0,47,MSD,CSMT,20:57:00,21:00:00,3.0,REVERSE,50,1,SOURCE
1941,1941,12163,1.0,1,DR,MTN,20:30:00,20:31:00,1.0,FORWARD,51,8,SOURCE
1942,1942,12163,1.0,2,MTN,SIN,20:31:00,20:34:00,3.0,FORWARD,51,9,SOURCE
1943,1943,12163,1.0,3,SIN,CLA,20:34:00,20:36:00,2.0,FORWARD,51,10,SOURCE
1944,1944,12163,1.0,4,CLA,VVH,20:36:00,20:38:00,2.0,FORWARD,51,11,SOURCE
1945,1945,12163,1.0,5,VVH,GC,20:38:00,20:39:00,1.0,FORWARD,51,12,SOURCE
1946,1946,12163,1.0,6,GC,VK,20:39:00,20:43:00,4.0,FORWARD,51,13,SOURCE
1947,1947,12163,1.0,7,BND,NHU,20:46:00,20:48:00,2.0,FORWARD,51,15,SOURCE
1948,1948,12163,1.0,8,NHU,MLND,20:48:00,20:49:00,1.0,FORWARD,51,16,SOURCE
1949,1949,12163,1.0,9,MLND,TNA,20:49:00,20:52:00,3.0,FORWARD,51,17,SOURCE
1950,1950,12163,1.0,10,TNA,KLVA,20:52:00,20:54:00,2.0,FORWARD,51,18,SOURCE
1951,1951,12163,1.0,11,KLVA,MBQ,20:54:00,20:58:00,4.0,FORWARD,51,19,SOURCE
1952,1952,12163,1.0,12,MBQ,DIVA,20:58:00,21:00:00,2.0,FORWARD,51,20,SOURCE
1953,1953,12163,1.0,13,DIVA,KOPR,21:00:00,21:04:00,4.0,FORWARD,51,21,SOURCE
1954,1954,12163,1.0,14,KOPR,DI,21:04:00,21:05:00,1.0,FORWARD,51,22,SOURCE
1955,1955,12163,1.0,15,DI,THK,21:05:00,21:07:00,2.0,FORWARD,51,23,SOURCE
1956,1956,12163,1.0,16,THK,KYN,21:07:00,21:10:00,3.0,FORWARD,51,24,SOURCE
1957,1957,12163,1.0,17,KYN,VLDI,21:15:00,21:18:00,3.0,FORWARD,51,25,SOURCE
1958,1958,12163,1.0,18,VLDI,ULNR,21:18:00,21:20:00,2.0,FORWARD,51,26,SOURCE
1959,1959,12163,1.0,19,ULNR,ABH,21:20:00,21:23:00,3.0,FORWARD,51,27,SOURCE
1960,1960,12163,1.0,20,ABH,BUD,21:23:00,21:33:00,10.0,FORWARD,51,28,SOURCE
1961,1961,12163,1.0,21,BUD,VGI,21:33:00,21:47:00,14.0,FORWARD,51,29,SOURCE
1962,1962,12163,1.0,22,VGI,SHLU,21:47:00,21:52:00,5.0,FORWARD,51,30,SOURCE
1963,1963,12163,1.0,23,SHLU,NRL,21:52:00,21:57:00,5.0,FORWARD,51,31,SOURCE
1964,1964,12163,1.0,24,NRL,BVS,21:57:00,22:06:00,9.0,FORWARD,51,32,SOURCE
1965,1965,12163,1.0,25,BVS,KJT,22:06:00,22:14:00,8.0,FORWARD,51,33,SOURCE
1966,1966,12163,1.0,26,KJT,PDI,22:14:00,22:18:00,4.0,FORWARD,51,34,SOURCE
1967,1967,12163,1.0,27,PDI,KAD,22:18:00,22:45:00,27.0,FORWARD,51,35,SOURCE
1968,1968,12163,1.0,28,KAD,LNL,22:45:00,22:48:00,3.0,FORWARD,51,36,SOURCE
1969,1969,12163,1.0,29,LNL,MVL,22:50:00,22:58:00,8.0,FORWARD,51,37,SOURCE
1970,1970,12163,1.0,30,MVL,KMST,22:58:00,23:09:00,11.0,FORWARD,51,38,SOURCE
1971,1971,12163,1.0,31,KMST,KNHE,23:09:00,23:14:00,5.0,FORWARD,51,39,SOURCE
1972,1972,12163,1.0,32,KNHE,VDN,23:14:00,23:20:00,6.0,FORWARD,51,40,SOURCE
1973,1973,12163,1.0,33,VDN,TGN,23:20:00,23:25:00,5.0,FORWARD,51,41,SOURCE
1974,1974,12163,1.0,34,TGN,GRWD,23:25:00,23:28:00,3.0,FORWARD,51,42,SOURCE
1975,1975,12163,1.0,35,DEHR,AKRD,23:36:00,23:42:00,6.0,FORWARD,51,45,SOURCE
1976,1976,12163,1.0,36,AKRD,CCH,23:42:00,23:46:00,4.0,FORWARD,51,46,SOURCE
1977,1977,12163,1.0,37,CCH,PMP,23:46:00,23:49:00,3.0,FORWARD,51,47,SOURCE
1978,1978,12163,1.0,38,PMP,KSWD,23:49:00,23:51:00,2.0,FORWARD,51,48,SOURCE
1979,1979,12163,1.0,39,KSWD,DAPD,23:51:00,23:56:00,5.0,FORWARD,51,49,SOURCE
1980,1980,12163,1.0,40,DAPD,KK,23:56:00,23:58:00,2.0,FORWARD,51,50,SOURCE
1981,1981,12163,2.0,1,SVJR,PUNE,00:02:00,00:05:00,3.0,FORWARD,51,52,SOURCE
2023,2023,12164,2.0,1,PUNE,SVJR,02:25:00,02:37:00,12.0,REVERSE,52,52,SOURCE
2022,2022,12164,2.0,2,SVJR,KK,02:37:00,02:41:00,4.0,REVERSE,52,51,SOURCE
2021,2021,12164,2.0,3,KK,DAPD,02:41:00,02:43:00,2.0,REVERSE,52,50,SOURCE
2020,2020,12164,2.0,4,DAPD,KSWD,02:43:00,02:46:00,3.0,REVERSE,52,49,SOURCE
2019,2019,12164,2.0,5,KSWD,PMP,02:46:00,02:48:00,2.0,REVERSE,52,48,SOURCE
2018,2018,12164,2.0,6,PMP,CCH,02:48:00,02:50:00,2.0,REVERSE,52,47,SOURCE
2017,2017,12164,2.0,7,CCH,AKRD,02:50:00,02:53:00,3.0,REVERSE,52,46,SOURCE
2016,2016,12164,2.0,8,AKRD,DEHR,02:53:00,02:58:00,5.0,REVERSE,52,45,SOURCE
2015,2015,12164,2.0,9,GRWD,TGN,03:04:00,03:07:00,3.0,REVERSE,52,42,SOURCE
2014,2014,12164,2.0,10,TGN,VDN,03:07:00,03:10:00,3.0,REVERSE,52,41,SOURCE
2013,2013,12164,2.0,11,VDN,KNHE,03:10:00,03:15:00,5.0,REVERSE,52,40,SOURCE
2012,2012,12164,2.0,12,KNHE,KMST,03:15:00,03:19:00,4.0,REVERSE,52,39,SOURCE
2011,2011,12164,2.0,13,KMST,MVL,03:19:00,03:28:00,9.0,REVERSE,52,38,SOURCE
2010,2010,12164,2.0,14,MVL,LNL,03:28:00,03:35:00,7.0,REVERSE,52,37,SOURCE
2009,2009,12164,2.0,15,LNL,KAD,03:34:00,03:40:00,6.0,REVERSE,52,36,SOURCE
2008,2008,12164,2.0,16,KAD,PDI,03:40:00,04:05:00,25.0,REVERSE,52,35,SOURCE
2007,2007,12164,2.0,17,PDI,KJT,04:05:00,04:08:00,3.0,REVERSE,52,34,SOURCE
2006,2006,12164,2.0,18,KJT,BVS,04:08:00,04:17:00,9.0,REVERSE,52,33,SOURCE
2005,2005,12164,2.0,19,BVS,NRL,04:17:00,04:25:00,8.0,REVERSE,52,32,SOURCE
2004,2004,12164,2.0,20,NRL,SHLU,04:25:00,04:30:00,5.0,REVERSE,52,31,SOURCE
2003,2003,12164,2.0,21,SHLU,VGI,04:30:00,04:35:00,5.0,REVERSE,52,30,SOURCE
2002,2002,12164,2.0,22,VGI,BUD,04:35:00,04:48:00,13.0,REVERSE,52,29,SOURCE
2001,2001,12164,2.0,23,BUD,ABH,04:48:00,04:57:00,9.0,REVERSE,52,28,SOURCE
2000,2000,12164,2.0,24,ABH,ULNR,04:57:00,05:00:00,3.0,REVERSE,52,27,SOURCE
1999,1999,12164,2.0,25,ULNR,VLDI,05:00:00,05:02:00,2.0,REVERSE,52,26,SOURCE
1998,1998,12164,2.0,26,VLDI,KYN,05:02:00,05:05:00,3.0,REVERSE,52,25,SOURCE
1997,1997,12164,2.0,27,KYN,THK,05:04:00,05:10:00,6.0,REVERSE,52,24,SOURCE
1996,1996,12164,2.0,28,THK,DI,05:10:00,05:11:00,1.0,REVERSE,52,23,SOURCE
1995,1995,12164,2.0,29,DI,KOPR,05:11:00,05:13:00,2.0,REVERSE,52,22,SOURCE
1994,1994,12164,2.0,30,KOPR,DIVA,05:13:00,05:18:00,5.0,REVERSE,52,21,SOURCE
1993,1993,12164,2.0,31,DIVA,MBQ,05:18:00,05:22:00,4.0,REVERSE,52,20,SOURCE
1992,1992,12164,2.0,32,MBQ,KLVA,05:22:00,05:27:00,5.0,REVERSE,52,19,SOURCE
1991,1991,12164,2.0,33,KLVA,TNA,05:27:00,05:31:00,4.0,REVERSE,52,18,SOURCE
1990,1990,12164,2.0,34,TNA,MLND,05:31:00,05:34:00,3.0,REVERSE,52,17,SOURCE
1989,1989,12164,2.0,35,MLND,NHU,05:34:00,05:37:00,3.0,REVERSE,52,16,SOURCE
1988,1988,12164,2.0,36,NHU,BND,05:37:00,05:39:00,2.0,REVERSE,52,15,SOURCE
1987,1987,12164,2.0,37,VK,GC,05:43:00,05:48:00,5.0,REVERSE,52,13,SOURCE
1986,1986,12164,2.0,38,GC,VVH,05:48:00,05:50:00,2.0,REVERSE,52,12,SOURCE
1985,1985,12164,2.0,39,VVH,CLA,05:50:00,05:53:00,3.0,REVERSE,52,11,SOURCE
1984,1984,12164,2.0,40,CLA,SIN,05:53:00,05:56:00,3.0,REVERSE,52,10,SOURCE
1983,1983,12164,2.0,41,SIN,MTN,05:56:00,05:59:00,3.0,REVERSE,52,9,SOURCE
1982,1982,12164,2.0,42,MTN,DR,05:59:00,06:00:00,1.0,REVERSE,52,8,SOURCE
2024,2024,12219,1.0,1,VVH,GC,23:06:00,23:08:00,2.0,FORWARD,53,12,SOURCE
2025,2025,12219,1.0,2,GC,VK,23:08:00,23:11:00,3.0,FORWARD,53,13,SOURCE
2026,2026,12219,1.0,3,BND,NHU,23:14:00,23:16:00,2.0,FORWARD,53,15,SOURCE
2027,2027,12219,1.0,4,NHU,MLND,23:16:00,23:18:00,2.0,FORWARD,53,16,SOURCE
2028,2028,12219,1.0,5,MLND,TNA,23:18:00,23:21:00,3.0,FORWARD,53,17,SOURCE
2029,2029,12219,1.0,6,TNA,KLVA,23:21:00,23:23:00,2.0,FORWARD,53,18,SOURCE
2030,2030,12219,1.0,7,KLVA,MBQ,23:23:00,23:27:00,4.0,FORWARD,53,19,SOURCE
2031,2031,12219,1.0,8,MBQ,DIVA,23:27:00,23:30:00,3.0,FORWARD,53,20,SOURCE
2032,2032,12219,1.0,9,DIVA,KOPR,23:30:00,23:34:00,4.0,FORWARD,53,21,SOURCE
2033,2033,12219,1.0,10,KOPR,DI,23:34:00,23:35:00,1.0,FORWARD,53,22,SOURCE
2034,2034,12219,1.0,11,DI,THK,23:35:00,23:36:00,1.0,FORWARD,53,23,SOURCE
2035,2035,12219,1.0,12,THK,KYN,23:36:00,23:40:00,4.0,FORWARD,53,24,SOURCE
2036,2036,12219,1.0,13,KYN,VLDI,23:40:00,23:42:00,2.0,FORWARD,53,25,SOURCE
2037,2037,12219,1.0,14,VLDI,ULNR,23:42:00,23:44:00,2.0,FORWARD,53,26,SOURCE
2038,2038,12219,1.0,15,ULNR,ABH,23:44:00,23:46:00,2.0,FORWARD,53,27,SOURCE
2039,2039,12219,1.0,16,ABH,BUD,23:46:00,23:53:00,7.0,FORWARD,53,28,SOURCE
2040,2040,12219,2.0,1,VGI,SHLU,00:03:00,00:07:00,4.0,FORWARD,53,30,SOURCE
2041,2041,12219,2.0,2,SHLU,NRL,00:07:00,00:11:00,4.0,FORWARD,53,31,SOURCE
2042,2042,12219,2.0,3,NRL,BVS,00:11:00,00:17:00,6.0,FORWARD,53,32,SOURCE
2043,2043,12219,2.0,4,BVS,KJT,00:17:00,00:24:00,7.0,FORWARD,53,33,SOURCE
2044,2044,12219,2.0,5,KJT,PDI,00:24:00,00:26:00,2.0,FORWARD,53,34,SOURCE
2045,2045,12219,2.0,6,PDI,KAD,00:26:00,00:46:00,20.0,FORWARD,53,35,SOURCE
2046,2046,12219,2.0,7,KAD,LNL,00:46:00,00:49:00,3.0,FORWARD,53,36,SOURCE
2047,2047,12219,2.0,8,LNL,MVL,00:49:00,00:56:00,7.0,FORWARD,53,37,SOURCE
2048,2048,12219,2.0,9,MVL,KMST,00:56:00,01:04:00,8.0,FORWARD,53,38,SOURCE
2049,2049,12219,2.0,10,KMST,KNHE,01:04:00,01:09:00,5.0,FORWARD,53,39,SOURCE
2050,2050,12219,2.0,11,KNHE,VDN,01:09:00,01:14:00,5.0,FORWARD,53,40,SOURCE
2051,2051,12219,2.0,12,VDN,TGN,01:14:00,01:17:00,3.0,FORWARD,53,41,SOURCE
2052,2052,12219,2.0,13,TGN,GRWD,01:17:00,01:20:00,3.0,FORWARD,53,42,SOURCE
2053,2053,12219,2.0,14,DEHR,AKRD,01:26:00,01:31:00,5.0,FORWARD,53,45,SOURCE
2054,2054,12219,2.0,15,AKRD,CCH,01:31:00,01:34:00,3.0,FORWARD,53,46,SOURCE
2055,2055,12219,2.0,16,CCH,PMP,01:34:00,01:36:00,2.0,FORWARD,53,47,SOURCE
2056,2056,12219,2.0,17,PMP,KSWD,01:36:00,01:38:00,2.0,FORWARD,53,48,SOURCE
2057,2057,12219,2.0,18,KSWD,DAPD,01:38:00,01:42:00,4.0,FORWARD,53,49,SOURCE
2058,2058,12219,2.0,19,DAPD,KK,01:42:00,01:44:00,2.0,FORWARD,53,50,SOURCE
2059,2059,12219,2.0,20,KK,SVJR,01:44:00,01:47:00,3.0,FORWARD,53,51,SOURCE
2060,2060,12219,2.0,21,SVJR,PUNE,01:47:00,01:49:00,2.0,FORWARD,53,52,SOURCE
2098,2098,12220,2.0,1,PUNE,SVJR,08:27:00,08:29:00,2.0,REVERSE,54,52,SOURCE
2097,2097,12220,2.0,2,SVJR,KK,08:29:00,08:33:00,4.0,REVERSE,54,51,SOURCE
2096,2096,12220,2.0,3,KK,DAPD,08:33:00,08:35:00,2.0,REVERSE,54,50,SOURCE
2095,2095,12220,2.0,4,DAPD,KSWD,08:35:00,08:38:00,3.0,REVERSE,54,49,SOURCE
2094,2094,12220,2.0,5,KSWD,PMP,08:38:00,08:40:00,2.0,REVERSE,54,48,SOURCE
2093,2093,12220,2.0,6,PMP,CCH,08:40:00,08:42:00,2.0,REVERSE,54,47,SOURCE
2092,2092,12220,2.0,7,CCH,AKRD,08:42:00,08:45:00,3.0,REVERSE,54,46,SOURCE
2091,2091,12220,2.0,8,AKRD,DEHR,08:45:00,08:50:00,5.0,REVERSE,54,45,SOURCE
2090,2090,12220,2.0,9,GRWD,TGN,08:56:00,08:59:00,3.0,REVERSE,54,42,SOURCE
2089,2089,12220,2.0,10,TGN,VDN,08:59:00,09:03:00,4.0,REVERSE,54,41,SOURCE
2088,2088,12220,2.0,11,VDN,KNHE,09:03:00,09:08:00,5.0,REVERSE,54,40,SOURCE
2087,2087,12220,2.0,12,KNHE,KMST,09:08:00,09:12:00,4.0,REVERSE,54,39,SOURCE
2086,2086,12220,2.0,13,KMST,MVL,09:12:00,09:20:00,8.0,REVERSE,54,38,SOURCE
2085,2085,12220,2.0,14,MVL,LNL,09:20:00,09:27:00,7.0,REVERSE,54,37,SOURCE
2084,2084,12220,2.0,15,LNL,KAD,09:27:00,09:30:00,3.0,REVERSE,54,36,SOURCE
2083,2083,12220,2.0,16,KAD,PDI,09:30:00,09:50:00,20.0,REVERSE,54,35,SOURCE
2082,2082,12220,2.0,17,PDI,KJT,09:50:00,09:53:00,3.0,REVERSE,54,34,SOURCE
2081,2081,12220,2.0,18,KJT,BVS,09:53:00,09:59:00,6.0,REVERSE,54,33,SOURCE
2080,2080,12220,2.0,19,BVS,NRL,09:59:00,10:05:00,6.0,REVERSE,54,32,SOURCE
2079,2079,12220,2.0,20,NRL,SHLU,10:05:00,10:09:00,4.0,REVERSE,54,31,SOURCE
2078,2078,12220,2.0,21,SHLU,VGI,10:09:00,10:13:00,4.0,REVERSE,54,30,SOURCE
2077,2077,12220,2.0,22,VGI,BUD,10:13:00,10:23:00,10.0,REVERSE,54,29,SOURCE
2076,2076,12220,2.0,23,BUD,ABH,10:23:00,10:30:00,7.0,REVERSE,54,28,SOURCE
2075,2075,12220,2.0,24,ABH,ULNR,10:30:00,10:33:00,3.0,REVERSE,54,27,SOURCE
2074,2074,12220,2.0,25,ULNR,VLDI,10:33:00,10:35:00,2.0,REVERSE,54,26,SOURCE
2073,2073,12220,2.0,26,VLDI,KYN,10:35:00,10:37:00,2.0,REVERSE,54,25,SOURCE
2072,2072,12220,2.0,27,KYN,THK,10:37:00,10:40:00,3.0,REVERSE,54,24,SOURCE
2071,2071,12220,2.0,28,THK,DI,10:40:00,10:41:00,1.0,REVERSE,54,23,SOURCE
2070,2070,12220,2.0,29,DI,KOPR,10:41:00,10:43:00,2.0,REVERSE,54,22,SOURCE
2069,2069,12220,2.0,30,KOPR,DIVA,10:43:00,10:47:00,4.0,REVERSE,54,21,SOURCE
2068,2068,12220,2.0,31,DIVA,MBQ,10:47:00,10:49:00,2.0,REVERSE,54,20,SOURCE
2067,2067,12220,2.0,32,MBQ,KLVA,10:49:00,10:53:00,4.0,REVERSE,54,19,SOURCE
2066,2066,12220,2.0,33,KLVA,TNA,10:53:00,10:56:00,3.0,REVERSE,54,18,SOURCE
2065,2065,12220,2.0,34,TNA,MLND,10:56:00,10:58:00,2.0,REVERSE,54,17,SOURCE
2064,2064,12220,2.0,35,MLND,NHU,10:58:00,11:00:00,2.0,REVERSE,54,16,SOURCE
2063,2063,12220,2.0,36,NHU,BND,11:00:00,11:02:00,2.0,REVERSE,54,15,SOURCE
2061,2061,12220,2.0,37,GC,VVH,11:05:00,11:05:00,0.0,REVERSE,54,12,SOURCE
2062,2062,12220,2.0,38,VK,GC,11:05:00,11:05:00,0.0,REVERSE,54,13,SOURCE
2127,2127,12263,1.0,1,PUNE,SVJR,11:10:00,11:12:00,2.0,REVERSE,55,52,SOURCE
2126,2126,12263,1.0,2,SVJR,KK,11:12:00,11:15:00,3.0,REVERSE,55,51,SOURCE
2125,2125,12263,1.0,3,KK,DAPD,11:15:00,11:17:00,2.0,REVERSE,55,50,SOURCE
2124,2124,12263,1.0,4,DAPD,KSWD,11:17:00,11:19:00,2.0,REVERSE,55,49,SOURCE
2123,2123,12263,1.0,5,KSWD,PMP,11:19:00,11:21:00,2.0,REVERSE,55,48,SOURCE
2122,2122,12263,1.0,6,PMP,CCH,11:21:00,11:23:00,2.0,REVERSE,55,47,SOURCE
2121,2121,12263,1.0,7,CCH,AKRD,11:23:00,11:26:00,3.0,REVERSE,55,46,SOURCE
2120,2120,12263,1.0,8,AKRD,DEHR,11:26:00,11:30:00,4.0,REVERSE,55,45,SOURCE
2119,2119,12263,1.0,9,GRWD,TGN,11:35:00,11:37:00,2.0,REVERSE,55,42,SOURCE
2118,2118,12263,1.0,10,TGN,VDN,11:37:00,11:40:00,3.0,REVERSE,55,41,SOURCE
2117,2117,12263,1.0,11,VDN,KNHE,11:40:00,11:45:00,5.0,REVERSE,55,40,SOURCE
2116,2116,12263,1.0,12,KNHE,KMST,11:45:00,11:48:00,3.0,REVERSE,55,39,SOURCE
2115,2115,12263,1.0,13,KMST,MVL,11:48:00,11:55:00,7.0,REVERSE,55,38,SOURCE
2114,2114,12263,1.0,14,MVL,LNL,11:55:00,12:01:00,6.0,REVERSE,55,37,SOURCE
2113,2113,12263,1.0,15,LNL,KAD,12:01:00,12:04:00,3.0,REVERSE,55,36,SOURCE
2112,2112,12263,1.0,16,KAD,PDI,12:04:00,12:21:00,17.0,REVERSE,55,35,SOURCE
2111,2111,12263,1.0,17,PDI,KJT,12:21:00,12:23:00,2.0,REVERSE,55,34,SOURCE
2110,2110,12263,1.0,18,KJT,BVS,12:23:00,12:28:00,5.0,REVERSE,55,33,SOURCE
2109,2109,12263,1.0,19,BVS,NRL,12:28:00,12:34:00,6.0,REVERSE,55,32,SOURCE
2108,2108,12263,1.0,20,NRL,SHLU,12:34:00,12:37:00,3.0,REVERSE,55,31,SOURCE
2107,2107,12263,1.0,21,SHLU,VGI,12:37:00,12:40:00,3.0,REVERSE,55,30,SOURCE
2106,2106,12263,1.0,22,VGI,BUD,12:40:00,12:49:00,9.0,REVERSE,55,29,SOURCE
2105,2105,12263,1.0,23,BUD,ABH,12:49:00,12:55:00,6.0,REVERSE,55,28,SOURCE
2104,2104,12263,1.0,24,ABH,ULNR,12:55:00,12:57:00,2.0,REVERSE,55,27,SOURCE
2103,2103,12263,1.0,25,ULNR,VLDI,12:57:00,12:59:00,2.0,REVERSE,55,26,SOURCE
2102,2102,12263,1.0,26,VLDI,KYN,12:59:00,13:00:00,1.0,REVERSE,55,25,SOURCE
2101,2101,12263,1.0,27,KYN,THK,13:00:00,13:03:00,3.0,REVERSE,55,24,SOURCE
2100,2100,12263,1.0,28,THK,DI,13:03:00,13:04:00,1.0,REVERSE,55,23,SOURCE
2099,2099,12263,1.0,29,DI,KOPR,13:04:00,13:08:00,4.0,REVERSE,55,22,SOURCE
2128,2128,12264,2.0,1,KOPR,DI,05:06:00,05:10:00,4.0,FORWARD,56,22,SOURCE
2129,2129,12264,2.0,2,DI,THK,05:10:00,05:11:00,1.0,FORWARD,56,23,SOURCE
2130,2130,12264,2.0,3,THK,KYN,05:11:00,05:14:00,3.0,FORWARD,56,24,SOURCE
2131,2131,12264,2.0,4,KYN,VLDI,05:14:00,05:16:00,2.0,FORWARD,56,25,SOURCE
2132,2132,12264,2.0,5,VLDI,ULNR,05:16:00,05:17:00,1.0,FORWARD,56,26,SOURCE
2133,2133,12264,2.0,6,ULNR,ABH,05:17:00,05:19:00,2.0,FORWARD,56,27,SOURCE
2134,2134,12264,2.0,7,ABH,BUD,05:19:00,05:25:00,6.0,FORWARD,56,28,SOURCE
2135,2135,12264,2.0,8,BUD,VGI,05:25:00,05:34:00,9.0,FORWARD,56,29,SOURCE
2136,2136,12264,2.0,9,VGI,SHLU,05:34:00,05:37:00,3.0,FORWARD,56,30,SOURCE
2137,2137,12264,2.0,10,SHLU,NRL,05:37:00,05:40:00,3.0,FORWARD,56,31,SOURCE
2138,2138,12264,2.0,11,NRL,BVS,05:40:00,05:46:00,6.0,FORWARD,56,32,SOURCE
2139,2139,12264,2.0,12,BVS,KJT,05:46:00,05:51:00,5.0,FORWARD,56,33,SOURCE
2140,2140,12264,2.0,13,KJT,PDI,05:51:00,05:54:00,3.0,FORWARD,56,34,SOURCE
2141,2141,12264,2.0,14,PDI,KAD,05:54:00,06:10:00,16.0,FORWARD,56,35,SOURCE
2142,2142,12264,2.0,15,KAD,LNL,06:10:00,06:13:00,3.0,FORWARD,56,36,SOURCE
2143,2143,12264,2.0,16,LNL,MVL,06:13:00,06:19:00,6.0,FORWARD,56,37,SOURCE
2144,2144,12264,2.0,17,MVL,KMST,06:19:00,06:26:00,7.0,FORWARD,56,38,SOURCE
2145,2145,12264,2.0,18,KMST,KNHE,06:26:00,06:29:00,3.0,FORWARD,56,39,SOURCE
2146,2146,12264,2.0,19,KNHE,VDN,06:29:00,06:33:00,4.0,FORWARD,56,40,SOURCE
2147,2147,12264,2.0,20,VDN,TGN,06:33:00,06:37:00,4.0,FORWARD,56,41,SOURCE
2148,2148,12264,2.0,21,TGN,GRWD,06:37:00,06:39:00,2.0,FORWARD,56,42,SOURCE
2149,2149,12264,2.0,22,DEHR,AKRD,06:44:00,06:48:00,4.0,FORWARD,56,45,SOURCE
2150,2150,12264,2.0,23,AKRD,CCH,06:48:00,06:51:00,3.0,FORWARD,56,46,SOURCE
2151,2151,12264,2.0,24,CCH,PMP,06:51:00,06:53:00,2.0,FORWARD,56,47,SOURCE
2152,2152,12264,2.0,25,PMP,KSWD,06:53:00,06:54:00,1.0,FORWARD,56,48,SOURCE
2153,2153,12264,2.0,26,KSWD,DAPD,06:54:00,06:57:00,3.0,FORWARD,56,49,SOURCE
2154,2154,12264,2.0,27,DAPD,KK,06:57:00,06:59:00,2.0,FORWARD,56,50,SOURCE
2155,2155,12264,2.0,28,KK,SVJR,06:59:00,07:00:00,1.0,FORWARD,56,51,SOURCE
2156,2156,12264,2.0,29,SVJR,PUNE,07:00:00,07:00:00,0.0,FORWARD,56,52,SOURCE
2157,2157,12525,1.0,1,CSMT,MSD,05:40:00,05:41:00,1.0,FORWARD,57,1,SOURCE
2158,2158,12525,1.0,2,MSD,SNRD,05:41:00,05:43:00,2.0,FORWARD,57,2,SOURCE
2159,2159,12525,1.0,3,SNRD,BY,05:43:00,05:45:00,2.0,FORWARD,57,3,SOURCE
2160,2160,12525,1.0,4,CRD,PR,05:47:00,05:49:00,2.0,FORWARD,57,6,SOURCE
2161,2161,12525,1.0,5,PR,DR,05:49:00,05:51:00,2.0,FORWARD,57,7,SOURCE
2162,2162,12525,1.0,6,DR,MTN,05:53:00,05:54:00,1.0,FORWARD,57,8,SOURCE
2163,2163,12525,1.0,7,MTN,SIN,05:54:00,05:56:00,2.0,FORWARD,57,9,SOURCE
2164,2164,12525,1.0,8,SIN,CLA,05:56:00,05:59:00,3.0,FORWARD,57,10,SOURCE
2165,2165,12525,1.0,9,CLA,VVH,05:59:00,06:01:00,2.0,FORWARD,57,11,SOURCE
2166,2166,12525,1.0,10,VVH,GC,06:01:00,06:02:00,1.0,FORWARD,57,12,SOURCE
2167,2167,12525,1.0,11,GC,VK,06:02:00,06:05:00,3.0,FORWARD,57,13,SOURCE
2168,2168,12525,1.0,12,BND,NHU,06:08:00,06:10:00,2.0,FORWARD,57,15,SOURCE
2169,2169,12525,1.0,13,NHU,MLND,06:10:00,06:11:00,1.0,FORWARD,57,16,SOURCE
2170,2170,12525,1.0,14,MLND,TNA,06:11:00,06:14:00,3.0,FORWARD,57,17,SOURCE
2171,2171,12525,1.0,15,TNA,KLVA,06:16:00,06:18:00,2.0,FORWARD,57,18,SOURCE
2172,2172,12525,1.0,16,KLVA,MBQ,06:18:00,06:23:00,5.0,FORWARD,57,19,SOURCE
2173,2173,12525,1.0,17,MBQ,DIVA,06:23:00,06:25:00,2.0,FORWARD,57,20,SOURCE
2174,2174,12525,1.0,18,DIVA,KOPR,06:25:00,06:29:00,4.0,FORWARD,57,21,SOURCE
2175,2175,12525,1.0,19,KOPR,DI,06:29:00,06:31:00,2.0,FORWARD,57,22,SOURCE
2176,2176,12525,1.0,20,DI,THK,06:31:00,06:32:00,1.0,FORWARD,57,23,SOURCE
2177,2177,12525,1.0,21,THK,KYN,06:32:00,06:35:00,3.0,FORWARD,57,24,SOURCE
2178,2178,12525,1.0,22,KYN,VLDI,06:37:00,06:39:00,2.0,FORWARD,57,25,SOURCE
2179,2179,12525,1.0,23,VLDI,ULNR,06:39:00,06:41:00,2.0,FORWARD,57,26,SOURCE
2180,2180,12525,1.0,24,ULNR,ABH,06:41:00,06:43:00,2.0,FORWARD,57,27,SOURCE
2181,2181,12525,1.0,25,ABH,BUD,06:43:00,06:49:00,6.0,FORWARD,57,28,SOURCE
2182,2182,12525,1.0,26,BUD,VGI,06:49:00,06:58:00,9.0,FORWARD,57,29,SOURCE
2183,2183,12525,1.0,27,VGI,SHLU,06:58:00,07:01:00,3.0,FORWARD,57,30,SOURCE
2184,2184,12525,1.0,28,SHLU,NRL,07:01:00,07:05:00,4.0,FORWARD,57,31,SOURCE
2185,2185,12525,1.0,29,NRL,BVS,07:05:00,07:10:00,5.0,FORWARD,57,32,SOURCE
2186,2186,12525,1.0,30,BVS,KJT,07:10:00,07:15:00,5.0,FORWARD,57,33,SOURCE
2187,2187,12525,1.0,31,KJT,PDI,07:17:00,07:22:00,5.0,FORWARD,57,34,SOURCE
2188,2188,12525,1.0,32,PDI,KAD,07:22:00,07:54:00,32.0,FORWARD,57,35,SOURCE
2189,2189,12525,1.0,33,KAD,LNL,07:54:00,08:00:00,6.0,FORWARD,57,36,SOURCE
2190,2190,12525,1.0,34,LNL,MVL,08:02:00,08:08:00,6.0,FORWARD,57,37,SOURCE
2191,2191,12525,1.0,35,MVL,KMST,08:08:00,08:14:00,6.0,FORWARD,57,38,SOURCE
2192,2192,12525,1.0,36,KMST,KNHE,08:14:00,08:18:00,4.0,FORWARD,57,39,SOURCE
2193,2193,12525,1.0,37,KNHE,VDN,08:18:00,08:22:00,4.0,FORWARD,57,40,SOURCE
2194,2194,12525,1.0,38,VDN,TGN,08:22:00,08:25:00,3.0,FORWARD,57,41,SOURCE
2195,2195,12525,1.0,39,TGN,GRWD,08:25:00,08:27:00,2.0,FORWARD,57,42,SOURCE
2196,2196,12525,1.0,40,DEHR,AKRD,08:33:00,08:36:00,3.0,FORWARD,57,45,SOURCE
2197,2197,12525,1.0,41,AKRD,CCH,08:36:00,08:39:00,3.0,FORWARD,57,46,SOURCE
2198,2198,12525,1.0,42,CCH,PMP,08:39:00,08:41:00,2.0,FORWARD,57,47,SOURCE
2199,2199,12525,1.0,43,PMP,KSWD,08:41:00,08:42:00,1.0,FORWARD,57,48,SOURCE
2200,2200,12525,1.0,44,KSWD,DAPD,08:42:00,08:45:00,3.0,FORWARD,57,49,SOURCE
2201,2201,12525,1.0,45,DAPD,KK,08:45:00,08:47:00,2.0,FORWARD,57,50,SOURCE
2202,2202,12525,1.0,46,KK,SVJR,08:47:00,08:50:00,3.0,FORWARD,57,51,SOURCE
2203,2203,12525,1.0,47,SVJR,PUNE,08:52:00,09:08:00,16.0,FORWARD,57,52,SOURCE
2250,2250,12526,1.0,1,PUNE,SVJR,18:35:00,18:37:00,2.0,REVERSE,58,52,SOURCE
2249,2249,12526,1.0,2,SVJR,KK,18:37:00,18:40:00,3.0,REVERSE,58,51,SOURCE
2248,2248,12526,1.0,3,KK,DAPD,18:40:00,18:41:00,1.0,REVERSE,58,50,SOURCE
2247,2247,12526,1.0,4,DAPD,KSWD,18:41:00,18:44:00,3.0,REVERSE,58,49,SOURCE
2246,2246,12526,1.0,5,KSWD,PMP,18:44:00,18:46:00,2.0,REVERSE,58,48,SOURCE
2245,2245,12526,1.0,6,PMP,CCH,18:46:00,18:47:00,1.0,REVERSE,58,47,SOURCE
2244,2244,12526,1.0,7,CCH,AKRD,18:47:00,18:50:00,3.0,REVERSE,58,46,SOURCE
2243,2243,12526,1.0,8,AKRD,DEHR,18:50:00,18:53:00,3.0,REVERSE,58,45,SOURCE
2242,2242,12526,1.0,9,GRWD,TGN,18:58:00,19:01:00,3.0,REVERSE,58,42,SOURCE
2241,2241,12526,1.0,10,TGN,VDN,19:01:00,19:04:00,3.0,REVERSE,58,41,SOURCE
2240,2240,12526,1.0,11,VDN,KNHE,19:04:00,19:07:00,3.0,REVERSE,58,40,SOURCE
2239,2239,12526,1.0,12,KNHE,KMST,19:07:00,19:11:00,4.0,REVERSE,58,39,SOURCE
2238,2238,12526,1.0,13,KMST,MVL,19:11:00,19:17:00,6.0,REVERSE,58,38,SOURCE
2237,2237,12526,1.0,14,MVL,LNL,19:17:00,19:25:00,8.0,REVERSE,58,37,SOURCE
2236,2236,12526,1.0,15,LNL,KAD,19:23:00,19:31:00,8.0,REVERSE,58,36,SOURCE
2235,2235,12526,1.0,16,KAD,PDI,19:31:00,20:03:00,32.0,REVERSE,58,35,SOURCE
2234,2234,12526,1.0,17,PDI,KJT,20:03:00,20:10:00,7.0,REVERSE,58,34,SOURCE
2233,2233,12526,1.0,18,KJT,BVS,20:08:00,20:16:00,8.0,REVERSE,58,33,SOURCE
2232,2232,12526,1.0,19,BVS,NRL,20:16:00,20:22:00,6.0,REVERSE,58,32,SOURCE
2231,2231,12526,1.0,20,NRL,SHLU,20:22:00,20:25:00,3.0,REVERSE,58,31,SOURCE
2230,2230,12526,1.0,21,SHLU,VGI,20:25:00,20:28:00,3.0,REVERSE,58,30,SOURCE
2229,2229,12526,1.0,22,VGI,BUD,20:28:00,20:38:00,10.0,REVERSE,58,29,SOURCE
2228,2228,12526,1.0,23,BUD,ABH,20:38:00,20:44:00,6.0,REVERSE,58,28,SOURCE
2227,2227,12526,1.0,24,ABH,ULNR,20:44:00,20:46:00,2.0,REVERSE,58,27,SOURCE
2226,2226,12526,1.0,25,ULNR,VLDI,20:46:00,20:48:00,2.0,REVERSE,58,26,SOURCE
2225,2225,12526,1.0,26,VLDI,KYN,20:48:00,20:52:00,4.0,REVERSE,58,25,SOURCE
2224,2224,12526,1.0,27,KYN,THK,20:50:00,20:55:00,5.0,REVERSE,58,24,SOURCE
2223,2223,12526,1.0,28,THK,DI,20:55:00,20:56:00,1.0,REVERSE,58,23,SOURCE
2222,2222,12526,1.0,29,DI,KOPR,20:56:00,20:57:00,1.0,REVERSE,58,22,SOURCE
2221,2221,12526,1.0,30,KOPR,DIVA,20:57:00,21:00:00,3.0,REVERSE,58,21,SOURCE
2220,2220,12526,1.0,31,DIVA,MBQ,21:00:00,21:03:00,3.0,REVERSE,58,20,SOURCE
2219,2219,12526,1.0,32,MBQ,KLVA,21:03:00,21:06:00,3.0,REVERSE,58,19,SOURCE
2218,2218,12526,1.0,33,KLVA,TNA,21:06:00,21:10:00,4.0,REVERSE,58,18,SOURCE
2217,2217,12526,1.0,34,TNA,MLND,21:08:00,21:12:00,4.0,REVERSE,58,17,SOURCE
2216,2216,12526,1.0,35,MLND,NHU,21:12:00,21:15:00,3.0,REVERSE,58,16,SOURCE
2215,2215,12526,1.0,36,NHU,BND,21:15:00,21:16:00,1.0,REVERSE,58,15,SOURCE
2214,2214,12526,1.0,37,VK,GC,21:20:00,21:23:00,3.0,REVERSE,58,13,SOURCE
2213,2213,12526,1.0,38,GC,VVH,21:23:00,21:25:00,2.0,REVERSE,58,12,SOURCE
2212,2212,12526,1.0,39,VVH,CLA,21:25:00,21:27:00,2.0,REVERSE,58,11,SOURCE
2211,2211,12526,1.0,40,CLA,SIN,21:27:00,21:29:00,2.0,REVERSE,58,10,SOURCE
2210,2210,12526,1.0,41,SIN,MTN,21:29:00,21:32:00,3.0,REVERSE,58,9,SOURCE
2209,2209,12526,1.0,42,MTN,DR,21:32:00,21:35:00,3.0,REVERSE,58,8,SOURCE
2208,2208,12526,1.0,43,DR,PR,21:33:00,21:37:00,4.0,REVERSE,58,7,SOURCE
2207,2207,12526,1.0,44,PR,CRD,21:37:00,21:41:00,4.0,REVERSE,58,6,SOURCE
2206,2206,12526,1.0,45,BY,SNRD,21:46:00,21:50:00,4.0,REVERSE,58,3,SOURCE
2205,2205,12526,1.0,46,SNRD,MSD,21:50:00,21:52:00,2.0,REVERSE,58,2,SOURCE
2204,2204,12526,1.0,47,MSD,CSMT,21:52:00,21:55:00,3.0,REVERSE,58,1,SOURCE
2251,2251,12527,1.0,1,CSMT,MSD,21:00:00,21:01:00,1.0,FORWARD,59,1,SOURCE
2252,2252,12527,1.0,2,MSD,SNRD,21:01:00,21:03:00,2.0,FORWARD,59,2,SOURCE
2253,2253,12527,1.0,3,SNRD,BY,21:03:00,21:06:00,3.0,FORWARD,59,3,SOURCE
2254,2254,12527,1.0,4,CRD,PR,21:08:00,21:11:00,3.0,FORWARD,59,6,SOURCE
2255,2255,12527,1.0,5,PR,DR,21:11:00,21:13:00,2.0,FORWARD,59,7,SOURCE
2256,2256,12527,1.0,6,DR,MTN,21:15:00,21:16:00,1.0,FORWARD,59,8,SOURCE
2257,2257,12527,1.0,7,MTN,SIN,21:16:00,21:18:00,2.0,FORWARD,59,9,SOURCE
2258,2258,12527,1.0,8,SIN,CLA,21:18:00,21:20:00,2.0,FORWARD,59,10,SOURCE
2259,2259,12527,1.0,9,CLA,VVH,21:20:00,21:22:00,2.0,FORWARD,59,11,SOURCE
2260,2260,12527,1.0,10,VVH,GC,21:22:00,21:23:00,1.0,FORWARD,59,12,SOURCE
2261,2261,12527,1.0,11,GC,VK,21:23:00,21:26:00,3.0,FORWARD,59,13,SOURCE
2262,2262,12527,1.0,12,BND,NHU,21:29:00,21:31:00,2.0,FORWARD,59,15,SOURCE
2263,2263,12527,1.0,13,NHU,MLND,21:31:00,21:33:00,2.0,FORWARD,59,16,SOURCE
2264,2264,12527,1.0,14,MLND,TNA,21:33:00,21:35:00,2.0,FORWARD,59,17,SOURCE
2265,2265,12527,1.0,15,TNA,KLVA,21:35:00,21:37:00,2.0,FORWARD,59,18,SOURCE
2266,2266,12527,1.0,16,KLVA,MBQ,21:37:00,21:40:00,3.0,FORWARD,59,19,SOURCE
2267,2267,12527,1.0,17,MBQ,DIVA,21:40:00,21:42:00,2.0,FORWARD,59,20,SOURCE
2268,2268,12527,1.0,18,DIVA,KOPR,21:42:00,21:46:00,4.0,FORWARD,59,21,SOURCE
2269,2269,12527,1.0,19,KOPR,DI,21:46:00,21:47:00,1.0,FORWARD,59,22,SOURCE
2270,2270,12527,1.0,20,DI,THK,21:47:00,21:48:00,1.0,FORWARD,59,23,SOURCE
2271,2271,12527,1.0,21,THK,KYN,21:48:00,21:51:00,3.0,FORWARD,59,24,SOURCE
2272,2272,12527,1.0,22,KYN,VLDI,21:53:00,21:55:00,2.0,FORWARD,59,25,SOURCE
2273,2273,12527,1.0,23,VLDI,ULNR,21:55:00,21:57:00,2.0,FORWARD,59,26,SOURCE
2274,2274,12527,1.0,24,ULNR,ABH,21:57:00,22:00:00,3.0,FORWARD,59,27,SOURCE
2275,2275,12527,1.0,25,ABH,BUD,22:00:00,22:07:00,7.0,FORWARD,59,28,SOURCE
2276,2276,12527,1.0,26,BUD,VGI,22:07:00,22:18:00,11.0,FORWARD,59,29,SOURCE
2277,2277,12527,1.0,27,VGI,SHLU,22:18:00,22:22:00,4.0,FORWARD,59,30,SOURCE
2278,2278,12527,1.0,28,SHLU,NRL,22:22:00,22:26:00,4.0,FORWARD,59,31,SOURCE
2279,2279,12527,1.0,29,NRL,BVS,22:26:00,22:32:00,6.0,FORWARD,59,32,SOURCE
2280,2280,12527,1.0,30,BVS,KJT,22:32:00,22:38:00,6.0,FORWARD,59,33,SOURCE
2281,2281,12527,1.0,31,KJT,PDI,22:40:00,22:45:00,5.0,FORWARD,59,34,SOURCE
2282,2282,12527,1.0,32,PDI,KAD,22:45:00,23:21:00,36.0,FORWARD,59,35,SOURCE
2283,2283,12527,1.0,33,KAD,LNL,23:21:00,23:28:00,7.0,FORWARD,59,36,SOURCE
2284,2284,12527,1.0,34,LNL,MVL,23:30:00,23:37:00,7.0,FORWARD,59,37,SOURCE
2285,2285,12527,1.0,35,MVL,KMST,23:37:00,23:45:00,8.0,FORWARD,59,38,SOURCE
2286,2286,12527,1.0,36,KMST,KNHE,23:45:00,23:49:00,4.0,FORWARD,59,39,SOURCE
2287,2287,12527,1.0,37,KNHE,VDN,23:49:00,23:54:00,5.0,FORWARD,59,40,SOURCE
2288,2288,12527,1.0,38,VDN,TGN,23:54:00,23:58:00,4.0,FORWARD,59,41,SOURCE
2289,2289,12527,2.0,1,DEHR,AKRD,00:07:00,00:12:00,5.0,FORWARD,59,45,SOURCE
2290,2290,12527,2.0,2,AKRD,CCH,00:12:00,00:15:00,3.0,FORWARD,59,46,SOURCE
2291,2291,12527,2.0,3,CCH,PMP,00:15:00,00:17:00,2.0,FORWARD,59,47,SOURCE
2292,2292,12527,2.0,4,PMP,KSWD,00:17:00,00:19:00,2.0,FORWARD,59,48,SOURCE
2293,2293,12527,2.0,5,KSWD,DAPD,00:19:00,00:22:00,3.0,FORWARD,59,49,SOURCE
2294,2294,12527,2.0,6,DAPD,KK,00:22:00,00:25:00,3.0,FORWARD,59,50,SOURCE
2295,2295,12527,2.0,7,KK,SVJR,00:25:00,00:28:00,3.0,FORWARD,59,51,SOURCE
2296,2296,12527,2.0,8,SVJR,PUNE,00:28:00,00:30:00,2.0,FORWARD,59,52,SOURCE
2343,2343,12528,2.0,1,PUNE,SVJR,04:10:00,04:17:00,7.0,REVERSE,60,52,SOURCE
2342,2342,12528,2.0,2,SVJR,KK,04:17:00,04:21:00,4.0,REVERSE,60,51,SOURCE
2341,2341,12528,2.0,3,KK,DAPD,04:21:00,04:22:00,1.0,REVERSE,60,50,SOURCE
2340,2340,12528,2.0,4,DAPD,KSWD,04:22:00,04:26:00,4.0,REVERSE,60,49,SOURCE
2339,2339,12528,2.0,5,KSWD,PMP,04:26:00,04:28:00,2.0,REVERSE,60,48,SOURCE
2338,2338,12528,2.0,6,PMP,CCH,04:28:00,04:30:00,2.0,REVERSE,60,47,SOURCE
2337,2337,12528,2.0,7,CCH,AKRD,04:30:00,04:33:00,3.0,REVERSE,60,46,SOURCE
2336,2336,12528,2.0,8,AKRD,DEHR,04:33:00,04:37:00,4.0,REVERSE,60,45,SOURCE
2335,2335,12528,2.0,9,GRWD,TGN,04:43:00,04:46:00,3.0,REVERSE,60,42,SOURCE
2334,2334,12528,2.0,10,TGN,VDN,04:46:00,04:50:00,4.0,REVERSE,60,41,SOURCE
2333,2333,12528,2.0,11,VDN,KNHE,04:50:00,04:55:00,5.0,REVERSE,60,40,SOURCE
2332,2332,12528,2.0,12,KNHE,KMST,04:55:00,04:59:00,4.0,REVERSE,60,39,SOURCE
2331,2331,12528,2.0,13,KMST,MVL,04:59:00,05:07:00,8.0,REVERSE,60,38,SOURCE
2330,2330,12528,2.0,14,MVL,LNL,05:07:00,05:15:00,8.0,REVERSE,60,37,SOURCE
2329,2329,12528,2.0,15,LNL,KAD,05:13:00,05:21:00,8.0,REVERSE,60,36,SOURCE
2328,2328,12528,2.0,16,KAD,PDI,05:21:00,05:53:00,32.0,REVERSE,60,35,SOURCE
2327,2327,12528,2.0,17,PDI,KJT,05:53:00,06:00:00,7.0,REVERSE,60,34,SOURCE
2326,2326,12528,2.0,18,KJT,BVS,05:58:00,06:06:00,8.0,REVERSE,60,33,SOURCE
2325,2325,12528,2.0,19,BVS,NRL,06:06:00,06:13:00,7.0,REVERSE,60,32,SOURCE
2324,2324,12528,2.0,20,NRL,SHLU,06:13:00,06:16:00,3.0,REVERSE,60,31,SOURCE
2323,2323,12528,2.0,21,SHLU,VGI,06:16:00,06:20:00,4.0,REVERSE,60,30,SOURCE
2322,2322,12528,2.0,22,VGI,BUD,06:20:00,06:30:00,10.0,REVERSE,60,29,SOURCE
2321,2321,12528,2.0,23,BUD,ABH,06:30:00,06:37:00,7.0,REVERSE,60,28,SOURCE
2320,2320,12528,2.0,24,ABH,ULNR,06:37:00,06:39:00,2.0,REVERSE,60,27,SOURCE
2319,2319,12528,2.0,25,ULNR,VLDI,06:39:00,06:41:00,2.0,REVERSE,60,26,SOURCE
2318,2318,12528,2.0,26,VLDI,KYN,06:41:00,06:45:00,4.0,REVERSE,60,25,SOURCE
2317,2317,12528,2.0,27,KYN,THK,06:43:00,06:49:00,6.0,REVERSE,60,24,SOURCE
2316,2316,12528,2.0,28,THK,DI,06:49:00,06:51:00,2.0,REVERSE,60,23,SOURCE
2315,2315,12528,2.0,29,DI,KOPR,06:51:00,06:52:00,1.0,REVERSE,60,22,SOURCE
2314,2314,12528,2.0,30,KOPR,DIVA,06:52:00,06:57:00,5.0,REVERSE,60,21,SOURCE
2313,2313,12528,2.0,31,DIVA,MBQ,06:57:00,07:00:00,3.0,REVERSE,60,20,SOURCE
2312,2312,12528,2.0,32,MBQ,KLVA,07:00:00,07:04:00,4.0,REVERSE,60,19,SOURCE
2311,2311,12528,2.0,33,KLVA,TNA,07:04:00,07:07:00,3.0,REVERSE,60,18,SOURCE
2310,2310,12528,2.0,34,TNA,MLND,07:07:00,07:10:00,3.0,REVERSE,60,17,SOURCE
2309,2309,12528,2.0,35,MLND,NHU,07:10:00,07:13:00,3.0,REVERSE,60,16,SOURCE
2308,2308,12528,2.0,36,NHU,BND,07:13:00,07:14:00,1.0,REVERSE,60,15,SOURCE
2307,2307,12528,2.0,37,VK,GC,07:18:00,07:22:00,4.0,REVERSE,60,13,SOURCE
2306,2306,12528,2.0,38,GC,VVH,07:22:00,07:24:00,2.0,REVERSE,60,12,SOURCE
2305,2305,12528,2.0,39,VVH,CLA,07:24:00,07:27:00,3.0,REVERSE,60,11,SOURCE
2304,2304,12528,2.0,40,CLA,SIN,07:27:00,07:30:00,3.0,REVERSE,60,10,SOURCE
2303,2303,12528,2.0,41,SIN,MTN,07:30:00,07:32:00,2.0,REVERSE,60,9,SOURCE
2302,2302,12528,2.0,42,MTN,DR,07:32:00,07:35:00,3.0,REVERSE,60,8,SOURCE
2301,2301,12528,2.0,43,DR,PR,07:33:00,07:38:00,5.0,REVERSE,60,7,SOURCE
2300,2300,12528,2.0,44,PR,CRD,07:38:00,07:43:00,5.0,REVERSE,60,6,SOURCE
2299,2299,12528,2.0,45,BY,SNRD,07:48:00,07:54:00,6.0,REVERSE,60,3,SOURCE
2298,2298,12528,2.0,46,SNRD,MSD,07:54:00,07:57:00,3.0,REVERSE,60,2,SOURCE
2297,2297,12528,2.0,47,MSD,CSMT,07:57:00,08:00:00,3.0,REVERSE,60,1,SOURCE
2344,2344,12701,1.0,1,CSMT,MSD,21:50:00,21:51:00,1.0,FORWARD,61,1,SOURCE
2345,2345,12701,1.0,2,MSD,SNRD,21:51:00,21:52:00,1.0,FORWARD,61,2,SOURCE
2346,2346,12701,1.0,3,SNRD,BY,21:52:00,21:54:00,2.0,FORWARD,61,3,SOURCE
2347,2347,12701,1.0,4,CRD,PR,21:56:00,21:58:00,2.0,FORWARD,61,6,SOURCE
2348,2348,12701,1.0,5,PR,DR,21:58:00,21:59:00,1.0,FORWARD,61,7,SOURCE
2349,2349,12701,1.0,6,DR,MTN,21:59:00,22:00:00,1.0,FORWARD,61,8,SOURCE
2350,2350,12701,1.0,7,MTN,SIN,22:00:00,22:03:00,3.0,FORWARD,61,9,SOURCE
2351,2351,12701,1.0,8,SIN,CLA,22:03:00,22:05:00,2.0,FORWARD,61,10,SOURCE
2352,2352,12701,1.0,9,CLA,VVH,22:05:00,22:08:00,3.0,FORWARD,61,11,SOURCE
2353,2353,12701,1.0,10,VVH,GC,22:08:00,22:09:00,1.0,FORWARD,61,12,SOURCE
2354,2354,12701,1.0,11,GC,VK,22:09:00,22:13:00,4.0,FORWARD,61,13,SOURCE
2355,2355,12701,1.0,12,BND,NHU,22:16:00,22:18:00,2.0,FORWARD,61,15,SOURCE
2356,2356,12701,1.0,13,NHU,MLND,22:18:00,22:20:00,2.0,FORWARD,61,16,SOURCE
2357,2357,12701,1.0,14,MLND,TNA,22:20:00,22:23:00,3.0,FORWARD,61,17,SOURCE
2358,2358,12701,1.0,15,TNA,KLVA,22:23:00,22:25:00,2.0,FORWARD,61,18,SOURCE
2359,2359,12701,1.0,16,KLVA,MBQ,22:25:00,22:30:00,5.0,FORWARD,61,19,SOURCE
2360,2360,12701,1.0,17,MBQ,DIVA,22:30:00,22:32:00,2.0,FORWARD,61,20,SOURCE
2361,2361,12701,1.0,18,DIVA,KOPR,22:32:00,22:36:00,4.0,FORWARD,61,21,SOURCE
2362,2362,12701,1.0,19,KOPR,DI,22:36:00,22:38:00,2.0,FORWARD,61,22,SOURCE
2363,2363,12701,1.0,20,DI,THK,22:38:00,22:39:00,1.0,FORWARD,61,23,SOURCE
2364,2364,12701,1.0,21,THK,KYN,22:39:00,22:43:00,4.0,FORWARD,61,24,SOURCE
2365,2365,12701,1.0,22,KYN,VLDI,22:45:00,22:48:00,3.0,FORWARD,61,25,SOURCE
2366,2366,12701,1.0,23,VLDI,ULNR,22:48:00,22:50:00,2.0,FORWARD,61,26,SOURCE
2367,2367,12701,1.0,24,ULNR,ABH,22:50:00,22:53:00,3.0,FORWARD,61,27,SOURCE
2368,2368,12701,1.0,25,ABH,BUD,22:53:00,23:01:00,8.0,FORWARD,61,28,SOURCE
2369,2369,12701,1.0,26,BUD,VGI,23:01:00,23:14:00,13.0,FORWARD,61,29,SOURCE
2370,2370,12701,1.0,27,VGI,SHLU,23:14:00,23:18:00,4.0,FORWARD,61,30,SOURCE
2371,2371,12701,1.0,28,SHLU,NRL,23:18:00,23:23:00,5.0,FORWARD,61,31,SOURCE
2372,2372,12701,1.0,29,NRL,BVS,23:23:00,23:30:00,7.0,FORWARD,61,32,SOURCE
2373,2373,12701,1.0,30,BVS,KJT,23:30:00,23:38:00,8.0,FORWARD,61,33,SOURCE
2374,2374,12701,1.0,31,KJT,PDI,23:38:00,23:41:00,3.0,FORWARD,61,34,SOURCE
2375,2375,12701,2.0,1,KAD,LNL,00:05:00,00:09:00,4.0,FORWARD,61,36,SOURCE
2376,2376,12701,2.0,2,LNL,MVL,00:09:00,00:17:00,8.0,FORWARD,61,37,SOURCE
2377,2377,12701,2.0,3,MVL,KMST,00:17:00,00:27:00,10.0,FORWARD,61,38,SOURCE
2378,2378,12701,2.0,4,KMST,KNHE,00:27:00,00:33:00,6.0,FORWARD,61,39,SOURCE
2379,2379,12701,2.0,5,KNHE,VDN,00:33:00,00:38:00,5.0,FORWARD,61,40,SOURCE
2380,2380,12701,2.0,6,VDN,TGN,00:38:00,00:43:00,5.0,FORWARD,61,41,SOURCE
2381,2381,12701,2.0,7,TGN,GRWD,00:43:00,00:46:00,3.0,FORWARD,61,42,SOURCE
2382,2382,12701,2.0,8,DEHR,AKRD,00:54:00,00:59:00,5.0,FORWARD,61,45,SOURCE
2383,2383,12701,2.0,9,AKRD,CCH,00:59:00,01:03:00,4.0,FORWARD,61,46,SOURCE
2384,2384,12701,2.0,10,CCH,PMP,01:03:00,01:06:00,3.0,FORWARD,61,47,SOURCE
2385,2385,12701,2.0,11,PMP,KSWD,01:06:00,01:08:00,2.0,FORWARD,61,48,SOURCE
2386,2386,12701,2.0,12,KSWD,DAPD,01:08:00,01:12:00,4.0,FORWARD,61,49,SOURCE
2387,2387,12701,2.0,13,DAPD,KK,01:12:00,01:15:00,3.0,FORWARD,61,50,SOURCE
2388,2388,12701,2.0,14,KK,SVJR,01:15:00,01:19:00,4.0,FORWARD,61,51,SOURCE
2389,2389,12701,2.0,15,SVJR,PUNE,01:19:00,01:20:00,1.0,FORWARD,61,52,SOURCE
2436,2436,12702,2.0,1,PUNE,SVJR,01:10:00,01:18:00,8.0,REVERSE,62,52,SOURCE
2435,2435,12702,2.0,2,SVJR,KK,01:18:00,01:22:00,4.0,REVERSE,62,51,SOURCE
2434,2434,12702,2.0,3,KK,DAPD,01:22:00,01:24:00,2.0,REVERSE,62,50,SOURCE
2433,2433,12702,2.0,4,DAPD,KSWD,01:24:00,01:29:00,5.0,REVERSE,62,49,SOURCE
2432,2432,12702,2.0,5,KSWD,PMP,01:29:00,01:31:00,2.0,REVERSE,62,48,SOURCE
2431,2431,12702,2.0,6,PMP,CCH,01:31:00,01:34:00,3.0,REVERSE,62,47,SOURCE
2430,2430,12702,2.0,7,CCH,AKRD,01:34:00,01:37:00,3.0,REVERSE,62,46,SOURCE
2429,2429,12702,2.0,8,AKRD,DEHR,01:37:00,01:43:00,6.0,REVERSE,62,45,SOURCE
2428,2428,12702,2.0,9,GRWD,TGN,01:51:00,01:54:00,3.0,REVERSE,62,42,SOURCE
2427,2427,12702,2.0,10,TGN,VDN,01:54:00,01:59:00,5.0,REVERSE,62,41,SOURCE
2426,2426,12702,2.0,11,VDN,KNHE,01:59:00,02:05:00,6.0,REVERSE,62,40,SOURCE
2425,2425,12702,2.0,12,KNHE,KMST,02:05:00,02:10:00,5.0,REVERSE,62,39,SOURCE
2424,2424,12702,2.0,13,KMST,MVL,02:10:00,02:20:00,10.0,REVERSE,62,38,SOURCE
2423,2423,12702,2.0,14,MVL,LNL,02:20:00,02:28:00,8.0,REVERSE,62,37,SOURCE
2422,2422,12702,2.0,15,LNL,KAD,02:28:00,02:32:00,4.0,REVERSE,62,36,SOURCE
2421,2421,12702,2.0,16,KAD,PDI,02:32:00,02:56:00,24.0,REVERSE,62,35,SOURCE
2420,2420,12702,2.0,17,PDI,KJT,02:56:00,03:00:00,4.0,REVERSE,62,34,SOURCE
2419,2419,12702,2.0,18,KJT,BVS,03:00:00,03:08:00,8.0,REVERSE,62,33,SOURCE
2418,2418,12702,2.0,19,BVS,NRL,03:08:00,03:15:00,7.0,REVERSE,62,32,SOURCE
2417,2417,12702,2.0,20,NRL,SHLU,03:15:00,03:20:00,5.0,REVERSE,62,31,SOURCE
2416,2416,12702,2.0,21,SHLU,VGI,03:20:00,03:25:00,5.0,REVERSE,62,30,SOURCE
2415,2415,12702,2.0,22,VGI,BUD,03:25:00,03:37:00,12.0,REVERSE,62,29,SOURCE
2414,2414,12702,2.0,23,BUD,ABH,03:37:00,03:46:00,9.0,REVERSE,62,28,SOURCE
2413,2413,12702,2.0,24,ABH,ULNR,03:46:00,03:49:00,3.0,REVERSE,62,27,SOURCE
2412,2412,12702,2.0,25,ULNR,VLDI,03:49:00,03:51:00,2.0,REVERSE,62,26,SOURCE
2411,2411,12702,2.0,26,VLDI,KYN,03:51:00,03:55:00,4.0,REVERSE,62,25,SOURCE
2410,2410,12702,2.0,27,KYN,THK,03:53:00,03:58:00,5.0,REVERSE,62,24,SOURCE
2409,2409,12702,2.0,28,THK,DI,03:58:00,03:59:00,1.0,REVERSE,62,23,SOURCE
2408,2408,12702,2.0,29,DI,KOPR,03:59:00,04:00:00,1.0,REVERSE,62,22,SOURCE
2407,2407,12702,2.0,30,KOPR,DIVA,04:00:00,04:04:00,4.0,REVERSE,62,21,SOURCE
2406,2406,12702,2.0,31,DIVA,MBQ,04:04:00,04:07:00,3.0,REVERSE,62,20,SOURCE
2405,2405,12702,2.0,32,MBQ,KLVA,04:07:00,04:10:00,3.0,REVERSE,62,19,SOURCE
2404,2404,12702,2.0,33,KLVA,TNA,04:10:00,04:13:00,3.0,REVERSE,62,18,SOURCE
2403,2403,12702,2.0,34,TNA,MLND,04:13:00,04:15:00,2.0,REVERSE,62,17,SOURCE
2402,2402,12702,2.0,35,MLND,NHU,04:15:00,04:17:00,2.0,REVERSE,62,16,SOURCE
2401,2401,12702,2.0,36,NHU,BND,04:17:00,04:18:00,1.0,REVERSE,62,15,SOURCE
2400,2400,12702,2.0,37,VK,GC,04:21:00,04:25:00,4.0,REVERSE,62,13,SOURCE
2399,2399,12702,2.0,38,GC,VVH,04:25:00,04:26:00,1.0,REVERSE,62,12,SOURCE
2398,2398,12702,2.0,39,VVH,CLA,04:26:00,04:28:00,2.0,REVERSE,62,11,SOURCE
2397,2397,12702,2.0,40,CLA,SIN,04:28:00,04:30:00,2.0,REVERSE,62,10,SOURCE
2396,2396,12702,2.0,41,SIN,MTN,04:30:00,04:33:00,3.0,REVERSE,62,9,SOURCE
2394,2394,12702,2.0,42,DR,PR,04:33:00,04:38:00,5.0,REVERSE,62,7,SOURCE
2395,2395,12702,2.0,43,MTN,DR,04:33:00,04:35:00,2.0,REVERSE,62,8,SOURCE
2393,2393,12702,2.0,44,PR,CRD,04:38:00,04:45:00,7.0,REVERSE,62,6,SOURCE
2392,2392,12702,2.0,45,BY,SNRD,04:51:00,04:57:00,6.0,REVERSE,62,3,SOURCE
2391,2391,12702,2.0,46,SNRD,MSD,04:57:00,05:01:00,4.0,REVERSE,62,2,SOURCE
2390,2390,12702,2.0,47,MSD,CSMT,05:01:00,05:05:00,4.0,REVERSE,62,1,SOURCE
2437,2437,12750,1.0,1,VVH,GC,12:26:00,12:28:00,2.0,FORWARD,63,12,SOURCE
2438,2438,12750,1.0,2,GC,VK,12:28:00,12:32:00,4.0,FORWARD,63,13,SOURCE
2439,2439,12750,1.0,3,BND,NHU,12:36:00,12:37:00,1.0,FORWARD,63,15,SOURCE
2440,2440,12750,1.0,4,NHU,MLND,12:37:00,12:40:00,3.0,FORWARD,63,16,SOURCE
2441,2441,12750,1.0,5,MLND,TNA,12:40:00,12:43:00,3.0,FORWARD,63,17,SOURCE
2442,2442,12750,1.0,6,TNA,KLVA,12:43:00,12:45:00,2.0,FORWARD,63,18,SOURCE
2443,2443,12750,1.0,7,KLVA,MBQ,12:45:00,12:50:00,5.0,FORWARD,63,19,SOURCE
2444,2444,12750,1.0,8,MBQ,DIVA,12:50:00,12:53:00,3.0,FORWARD,63,20,SOURCE
2445,2445,12750,1.0,9,DIVA,KOPR,12:53:00,12:57:00,4.0,FORWARD,63,21,SOURCE
2446,2446,12750,1.0,10,KOPR,DI,12:57:00,12:59:00,2.0,FORWARD,63,22,SOURCE
2447,2447,12750,1.0,11,DI,THK,12:59:00,13:00:00,1.0,FORWARD,63,23,SOURCE
2448,2448,12750,1.0,12,THK,KYN,13:00:00,13:04:00,4.0,FORWARD,63,24,SOURCE
2449,2449,12750,1.0,13,KYN,VLDI,13:04:00,13:06:00,2.0,FORWARD,63,25,SOURCE
2450,2450,12750,1.0,14,VLDI,ULNR,13:06:00,13:08:00,2.0,FORWARD,63,26,SOURCE
2451,2451,12750,1.0,15,ULNR,ABH,13:08:00,13:11:00,3.0,FORWARD,63,27,SOURCE
2452,2452,12750,1.0,16,ABH,BUD,13:11:00,13:19:00,8.0,FORWARD,63,28,SOURCE
2453,2453,12750,1.0,17,BUD,VGI,13:19:00,13:31:00,12.0,FORWARD,63,29,SOURCE
2454,2454,12750,1.0,18,VGI,SHLU,13:31:00,13:35:00,4.0,FORWARD,63,30,SOURCE
2455,2455,12750,1.0,19,SHLU,NRL,13:35:00,13:39:00,4.0,FORWARD,63,31,SOURCE
2456,2456,12750,1.0,20,NRL,BVS,13:39:00,13:46:00,7.0,FORWARD,63,32,SOURCE
2457,2457,12750,1.0,21,BVS,KJT,13:46:00,13:54:00,8.0,FORWARD,63,33,SOURCE
2458,2458,12750,1.0,22,KJT,PDI,13:54:00,13:57:00,3.0,FORWARD,63,34,SOURCE
2459,2459,12750,1.0,23,PDI,KAD,13:57:00,14:19:00,22.0,FORWARD,63,35,SOURCE
2460,2460,12750,1.0,24,KAD,LNL,14:19:00,14:23:00,4.0,FORWARD,63,36,SOURCE
2461,2461,12750,1.0,25,LNL,MVL,14:23:00,14:30:00,7.0,FORWARD,63,37,SOURCE
2462,2462,12750,1.0,26,MVL,KMST,14:30:00,14:40:00,10.0,FORWARD,63,38,SOURCE
2463,2463,12750,1.0,27,KMST,KNHE,14:40:00,14:45:00,5.0,FORWARD,63,39,SOURCE
2464,2464,12750,1.0,28,KNHE,VDN,14:45:00,14:50:00,5.0,FORWARD,63,40,SOURCE
2465,2465,12750,1.0,29,VDN,TGN,14:50:00,14:54:00,4.0,FORWARD,63,41,SOURCE
2466,2466,12750,1.0,30,TGN,GRWD,14:54:00,14:57:00,3.0,FORWARD,63,42,SOURCE
2467,2467,12750,1.0,31,DEHR,AKRD,15:04:00,15:10:00,6.0,FORWARD,63,45,SOURCE
2468,2468,12750,1.0,32,AKRD,CCH,15:10:00,15:13:00,3.0,FORWARD,63,46,SOURCE
2469,2469,12750,1.0,33,CCH,PMP,15:13:00,15:15:00,2.0,FORWARD,63,47,SOURCE
2470,2470,12750,1.0,34,PMP,KSWD,15:15:00,15:18:00,3.0,FORWARD,63,48,SOURCE
2471,2471,12750,1.0,35,KSWD,DAPD,15:18:00,15:22:00,4.0,FORWARD,63,49,SOURCE
2472,2472,12750,1.0,36,DAPD,KK,15:22:00,15:24:00,2.0,FORWARD,63,50,SOURCE
2473,2473,12750,1.0,37,KK,SVJR,15:24:00,15:28:00,4.0,FORWARD,63,51,SOURCE
2474,2474,12750,1.0,38,SVJR,PUNE,15:28:00,15:30:00,2.0,FORWARD,63,52,SOURCE
2503,2503,12939,1.0,1,PUNE,SVJR,15:20:00,15:23:00,3.0,REVERSE,64,52,SOURCE
2502,2502,12939,1.0,2,SVJR,KK,15:23:00,15:26:00,3.0,REVERSE,64,51,SOURCE
2501,2501,12939,1.0,3,KK,DAPD,15:26:00,15:28:00,2.0,REVERSE,64,50,SOURCE
2500,2500,12939,1.0,4,DAPD,KSWD,15:28:00,15:32:00,4.0,REVERSE,64,49,SOURCE
2499,2499,12939,1.0,5,KSWD,PMP,15:32:00,15:35:00,3.0,REVERSE,64,48,SOURCE
2498,2498,12939,1.0,6,PMP,CCH,15:35:00,15:37:00,2.0,REVERSE,64,47,SOURCE
2497,2497,12939,1.0,7,CCH,AKRD,15:37:00,15:40:00,3.0,REVERSE,64,46,SOURCE
2496,2496,12939,1.0,8,AKRD,DEHR,15:40:00,15:45:00,5.0,REVERSE,64,45,SOURCE
2495,2495,12939,1.0,9,GRWD,TGN,15:52:00,15:55:00,3.0,REVERSE,64,42,SOURCE
2494,2494,12939,1.0,10,TGN,VDN,15:55:00,16:00:00,5.0,REVERSE,64,41,SOURCE
2493,2493,12939,1.0,11,VDN,KNHE,16:00:00,16:05:00,5.0,REVERSE,64,40,SOURCE
2492,2492,12939,1.0,12,KNHE,KMST,16:05:00,16:10:00,5.0,REVERSE,64,39,SOURCE
2491,2491,12939,1.0,13,KMST,MVL,16:10:00,16:19:00,9.0,REVERSE,64,38,SOURCE
2490,2490,12939,1.0,14,MVL,LNL,16:19:00,16:26:00,7.0,REVERSE,64,37,SOURCE
2489,2489,12939,1.0,15,LNL,KAD,16:26:00,16:30:00,4.0,REVERSE,64,36,SOURCE
2488,2488,12939,1.0,16,KAD,PDI,16:30:00,16:52:00,22.0,REVERSE,64,35,SOURCE
2487,2487,12939,1.0,17,PDI,KJT,16:52:00,16:55:00,3.0,REVERSE,64,34,SOURCE
2486,2486,12939,1.0,18,KJT,BVS,16:55:00,17:02:00,7.0,REVERSE,64,33,SOURCE
2485,2485,12939,1.0,19,BVS,NRL,17:02:00,17:09:00,7.0,REVERSE,64,32,SOURCE
2484,2484,12939,1.0,20,NRL,SHLU,17:09:00,17:13:00,4.0,REVERSE,64,31,SOURCE
2483,2483,12939,1.0,21,SHLU,VGI,17:13:00,17:17:00,4.0,REVERSE,64,30,SOURCE
2482,2482,12939,1.0,22,VGI,BUD,17:17:00,17:28:00,11.0,REVERSE,64,29,SOURCE
2481,2481,12939,1.0,23,BUD,ABH,17:28:00,17:36:00,8.0,REVERSE,64,28,SOURCE
2480,2480,12939,1.0,24,ABH,ULNR,17:36:00,17:39:00,3.0,REVERSE,64,27,SOURCE
2479,2479,12939,1.0,25,ULNR,VLDI,17:39:00,17:41:00,2.0,REVERSE,64,26,SOURCE
2478,2478,12939,1.0,26,VLDI,KYN,17:41:00,17:45:00,4.0,REVERSE,64,25,SOURCE
2477,2477,12939,1.0,27,KYN,THK,17:43:00,17:50:00,7.0,REVERSE,64,24,SOURCE
2476,2476,12939,1.0,28,THK,DI,17:50:00,17:51:00,1.0,REVERSE,64,23,SOURCE
2475,2475,12939,1.0,29,DI,KOPR,17:51:00,17:58:00,7.0,REVERSE,64,22,SOURCE
2504,2504,12940,2.0,1,KOPR,DI,04:59:00,05:05:00,6.0,FORWARD,65,22,SOURCE
2505,2505,12940,2.0,2,DI,THK,05:05:00,05:07:00,2.0,FORWARD,65,23,SOURCE
2506,2506,12940,2.0,3,THK,KYN,05:07:00,05:15:00,8.0,FORWARD,65,24,SOURCE
2507,2507,12940,2.0,4,KYN,VLDI,05:20:00,05:23:00,3.0,FORWARD,65,25,SOURCE
2508,2508,12940,2.0,5,VLDI,ULNR,05:23:00,05:25:00,2.0,FORWARD,65,26,SOURCE
2509,2509,12940,2.0,6,ULNR,ABH,05:25:00,05:28:00,3.0,FORWARD,65,27,SOURCE
2510,2510,12940,2.0,7,ABH,BUD,05:28:00,05:37:00,9.0,FORWARD,65,28,SOURCE
2511,2511,12940,2.0,8,BUD,VGI,05:37:00,05:50:00,13.0,FORWARD,65,29,SOURCE
2512,2512,12940,2.0,9,VGI,SHLU,05:50:00,05:55:00,5.0,FORWARD,65,30,SOURCE
2513,2513,12940,2.0,10,SHLU,NRL,05:55:00,06:00:00,5.0,FORWARD,65,31,SOURCE
2514,2514,12940,2.0,11,NRL,BVS,06:00:00,06:08:00,8.0,FORWARD,65,32,SOURCE
2515,2515,12940,2.0,12,BVS,KJT,06:08:00,06:17:00,9.0,FORWARD,65,33,SOURCE
2516,2516,12940,2.0,13,KJT,PDI,06:17:00,06:20:00,3.0,FORWARD,65,34,SOURCE
2517,2517,12940,2.0,14,PDI,KAD,06:20:00,06:45:00,25.0,FORWARD,65,35,SOURCE
2518,2518,12940,2.0,15,KAD,LNL,06:45:00,06:50:00,5.0,FORWARD,65,36,SOURCE
2519,2519,12940,2.0,16,LNL,MVL,06:50:00,06:58:00,8.0,FORWARD,65,37,SOURCE
2520,2520,12940,2.0,17,MVL,KMST,06:58:00,07:09:00,11.0,FORWARD,65,38,SOURCE
2521,2521,12940,2.0,18,KMST,KNHE,07:09:00,07:14:00,5.0,FORWARD,65,39,SOURCE
2522,2522,12940,2.0,19,KNHE,VDN,07:14:00,07:21:00,7.0,FORWARD,65,40,SOURCE
2523,2523,12940,2.0,20,VDN,TGN,07:21:00,07:25:00,4.0,FORWARD,65,41,SOURCE
2524,2524,12940,2.0,21,TGN,GRWD,07:25:00,07:29:00,4.0,FORWARD,65,42,SOURCE
2525,2525,12940,2.0,22,DEHR,AKRD,07:37:00,07:43:00,6.0,FORWARD,65,45,SOURCE
2526,2526,12940,2.0,23,AKRD,CCH,07:43:00,07:47:00,4.0,FORWARD,65,46,SOURCE
2527,2527,12940,2.0,24,CCH,PMP,07:47:00,07:50:00,3.0,FORWARD,65,47,SOURCE
2528,2528,12940,2.0,25,PMP,KSWD,07:50:00,07:52:00,2.0,FORWARD,65,48,SOURCE
2529,2529,12940,2.0,26,KSWD,DAPD,07:52:00,07:57:00,5.0,FORWARD,65,49,SOURCE
2530,2530,12940,2.0,27,DAPD,KK,07:57:00,07:59:00,2.0,FORWARD,65,50,SOURCE
2531,2531,12940,2.0,28,KK,SVJR,07:59:00,08:04:00,5.0,FORWARD,65,51,SOURCE
2532,2532,12940,2.0,29,SVJR,PUNE,08:04:00,08:05:00,1.0,FORWARD,65,52,SOURCE
2533,2533,16209,2.0,1,KOPR,DI,00:30:00,00:40:00,10.0,FORWARD,66,22,SOURCE
2534,2534,16209,2.0,2,DI,THK,00:40:00,00:43:00,3.0,FORWARD,66,23,SOURCE
2535,2535,16209,2.0,3,THK,KYN,00:43:00,01:05:00,22.0,FORWARD,66,24,SOURCE
2536,2536,16209,2.0,4,KYN,VLDI,01:10:00,01:13:00,3.0,FORWARD,66,25,SOURCE
2537,2537,16209,2.0,5,VLDI,ULNR,01:13:00,01:15:00,2.0,FORWARD,66,26,SOURCE
2538,2538,16209,2.0,6,ULNR,ABH,01:15:00,01:18:00,3.0,FORWARD,66,27,SOURCE
2539,2539,16209,2.0,7,ABH,BUD,01:18:00,01:28:00,10.0,FORWARD,66,28,SOURCE
2540,2540,16209,2.0,8,BUD,VGI,01:28:00,01:41:00,13.0,FORWARD,66,29,SOURCE
2541,2541,16209,2.0,9,VGI,SHLU,01:41:00,01:46:00,5.0,FORWARD,66,30,SOURCE
2542,2542,16209,2.0,10,SHLU,NRL,01:46:00,01:51:00,5.0,FORWARD,66,31,SOURCE
2543,2543,16209,2.0,11,NRL,BVS,01:51:00,02:00:00,9.0,FORWARD,66,32,SOURCE
2544,2544,16209,2.0,12,BVS,KJT,02:00:00,02:08:00,8.0,FORWARD,66,33,SOURCE
2545,2545,16209,2.0,13,KJT,PDI,02:10:00,02:15:00,5.0,FORWARD,66,34,SOURCE
2546,2546,16209,2.0,14,PDI,KAD,02:15:00,02:51:00,36.0,FORWARD,66,35,SOURCE
2547,2547,16209,2.0,15,KAD,LNL,02:51:00,02:58:00,7.0,FORWARD,66,36,SOURCE
2548,2548,16209,2.0,16,LNL,MVL,03:00:00,03:08:00,8.0,FORWARD,66,37,SOURCE
2549,2549,16209,2.0,17,MVL,KMST,03:08:00,03:18:00,10.0,FORWARD,66,38,SOURCE
2550,2550,16209,2.0,18,KMST,KNHE,03:18:00,03:23:00,5.0,FORWARD,66,39,SOURCE
2551,2551,16209,2.0,19,KNHE,VDN,03:23:00,03:29:00,6.0,FORWARD,66,40,SOURCE
2552,2552,16209,2.0,20,VDN,TGN,03:29:00,03:33:00,4.0,FORWARD,66,41,SOURCE
2553,2553,16209,2.0,21,TGN,GRWD,03:33:00,03:37:00,4.0,FORWARD,66,42,SOURCE
2554,2554,16209,2.0,22,DEHR,AKRD,03:44:00,03:49:00,5.0,FORWARD,66,45,SOURCE
2555,2555,16209,2.0,23,AKRD,CCH,03:49:00,03:53:00,4.0,FORWARD,66,46,SOURCE
2556,2556,16209,2.0,24,CCH,PMP,03:53:00,03:56:00,3.0,FORWARD,66,47,SOURCE
2557,2557,16209,2.0,25,PMP,KSWD,03:56:00,03:58:00,2.0,FORWARD,66,48,SOURCE
2558,2558,16209,2.0,26,KSWD,DAPD,03:58:00,04:02:00,4.0,FORWARD,66,49,SOURCE
2559,2559,16209,2.0,27,DAPD,KK,04:02:00,04:05:00,3.0,FORWARD,66,50,SOURCE
2560,2560,16209,2.0,28,KK,SVJR,04:05:00,04:09:00,4.0,FORWARD,66,51,SOURCE
2561,2561,16209,2.0,29,SVJR,PUNE,04:09:00,04:10:00,1.0,FORWARD,66,52,SOURCE
2590,2590,16210,2.0,1,PUNE,SVJR,18:40:00,18:53:00,13.0,REVERSE,67,52,SOURCE
2589,2589,16210,2.0,2,SVJR,KK,18:53:00,18:57:00,4.0,REVERSE,67,51,SOURCE
2588,2588,16210,2.0,3,KK,DAPD,18:57:00,18:59:00,2.0,REVERSE,67,50,SOURCE
2587,2587,16210,2.0,4,DAPD,KSWD,18:59:00,19:03:00,4.0,REVERSE,67,49,SOURCE
2586,2586,16210,2.0,5,KSWD,PMP,19:03:00,19:05:00,2.0,REVERSE,67,48,SOURCE
2585,2585,16210,2.0,6,PMP,CCH,19:05:00,19:08:00,3.0,REVERSE,67,47,SOURCE
2584,2584,16210,2.0,7,CCH,AKRD,19:08:00,19:11:00,3.0,REVERSE,67,46,SOURCE
2583,2583,16210,2.0,8,AKRD,DEHR,19:11:00,19:17:00,6.0,REVERSE,67,45,SOURCE
2582,2582,16210,2.0,9,GRWD,TGN,19:24:00,19:27:00,3.0,REVERSE,67,42,SOURCE
2581,2581,16210,2.0,10,TGN,VDN,19:27:00,19:31:00,4.0,REVERSE,67,41,SOURCE
2580,2580,16210,2.0,11,VDN,KNHE,19:31:00,19:37:00,6.0,REVERSE,67,40,SOURCE
2579,2579,16210,2.0,12,KNHE,KMST,19:37:00,19:42:00,5.0,REVERSE,67,39,SOURCE
2578,2578,16210,2.0,13,KMST,MVL,19:42:00,19:51:00,9.0,REVERSE,67,38,SOURCE
2577,2577,16210,2.0,14,MVL,LNL,19:51:00,20:00:00,9.0,REVERSE,67,37,SOURCE
2576,2576,16210,2.0,15,LNL,KAD,19:59:00,20:07:00,8.0,REVERSE,67,36,SOURCE
2575,2575,16210,2.0,16,KAD,PDI,20:07:00,20:43:00,36.0,REVERSE,67,35,SOURCE
2574,2574,16210,2.0,17,PDI,KJT,20:43:00,20:50:00,7.0,REVERSE,67,34,SOURCE
2573,2573,16210,2.0,18,KJT,BVS,20:49:00,20:57:00,8.0,REVERSE,67,33,SOURCE
2572,2572,16210,2.0,19,BVS,NRL,20:57:00,21:05:00,8.0,REVERSE,67,32,SOURCE
2571,2571,16210,2.0,20,NRL,SHLU,21:05:00,21:09:00,4.0,REVERSE,67,31,SOURCE
2570,2570,16210,2.0,21,SHLU,VGI,21:09:00,21:13:00,4.0,REVERSE,67,30,SOURCE
2569,2569,16210,2.0,22,VGI,BUD,21:13:00,21:25:00,12.0,REVERSE,67,29,SOURCE
2568,2568,16210,2.0,23,BUD,ABH,21:25:00,21:33:00,8.0,REVERSE,67,28,SOURCE
2567,2567,16210,2.0,24,ABH,ULNR,21:33:00,21:36:00,3.0,REVERSE,67,27,SOURCE
2566,2566,16210,2.0,25,ULNR,VLDI,21:36:00,21:38:00,2.0,REVERSE,67,26,SOURCE
2565,2565,16210,2.0,26,VLDI,KYN,21:38:00,21:45:00,7.0,REVERSE,67,25,SOURCE
2564,2564,16210,2.0,27,KYN,THK,21:40:00,21:50:00,10.0,REVERSE,67,24,SOURCE
2563,2563,16210,2.0,28,THK,DI,21:50:00,21:52:00,2.0,REVERSE,67,23,SOURCE
2562,2562,16210,2.0,29,DI,KOPR,21:52:00,21:59:00,7.0,REVERSE,67,22,SOURCE
2591,2591,16331,1.0,1,CSMT,MSD,12:05:00,12:06:00,1.0,FORWARD,68,1,SOURCE
2592,2592,16331,1.0,2,MSD,SNRD,12:06:00,12:08:00,2.0,FORWARD,68,2,SOURCE
2593,2593,16331,1.0,3,SNRD,BY,12:08:00,12:11:00,3.0,FORWARD,68,3,SOURCE
2594,2594,16331,1.0,4,CRD,PR,12:13:00,12:16:00,3.0,FORWARD,68,6,SOURCE
2595,2595,16331,1.0,5,PR,DR,12:16:00,12:18:00,2.0,FORWARD,68,7,SOURCE
2596,2596,16331,1.0,6,DR,MTN,12:20:00,12:21:00,1.0,FORWARD,68,8,SOURCE
2597,2597,16331,1.0,7,MTN,SIN,12:21:00,12:24:00,3.0,FORWARD,68,9,SOURCE
2598,2598,16331,1.0,8,SIN,CLA,12:24:00,12:26:00,2.0,FORWARD,68,10,SOURCE
2599,2599,16331,1.0,9,CLA,VVH,12:26:00,12:28:00,2.0,FORWARD,68,11,SOURCE
2600,2600,16331,1.0,10,VVH,GC,12:28:00,12:29:00,1.0,FORWARD,68,12,SOURCE
2601,2601,16331,1.0,11,GC,VK,12:29:00,12:33:00,4.0,FORWARD,68,13,SOURCE
2602,2602,16331,1.0,12,BND,NHU,12:36:00,12:37:00,1.0,FORWARD,68,15,SOURCE
2603,2603,16331,1.0,13,NHU,MLND,12:37:00,12:39:00,2.0,FORWARD,68,16,SOURCE
2604,2604,16331,1.0,14,MLND,TNA,12:39:00,12:42:00,3.0,FORWARD,68,17,SOURCE
2605,2605,16331,1.0,15,DIVA,KOPR,12:55:00,12:59:00,4.0,FORWARD,68,21,SOURCE
2606,2606,16331,1.0,16,KOPR,DI,12:59:00,13:00:00,1.0,FORWARD,68,22,SOURCE
2607,2607,16331,1.0,17,DI,THK,13:00:00,13:02:00,2.0,FORWARD,68,23,SOURCE
2608,2608,16331,1.0,18,THK,KYN,13:02:00,13:05:00,3.0,FORWARD,68,24,SOURCE
2609,2609,16331,1.0,19,KYN,VLDI,13:10:00,13:12:00,2.0,FORWARD,68,25,SOURCE
2610,2610,16331,1.0,20,VLDI,ULNR,13:12:00,13:14:00,2.0,FORWARD,68,26,SOURCE
2611,2611,16331,1.0,21,ULNR,ABH,13:14:00,13:16:00,2.0,FORWARD,68,27,SOURCE
2612,2612,16331,1.0,22,ABH,BUD,13:16:00,13:22:00,6.0,FORWARD,68,28,SOURCE
2613,2613,16331,1.0,23,BUD,VGI,13:22:00,13:31:00,9.0,FORWARD,68,29,SOURCE
2614,2614,16331,1.0,24,VGI,SHLU,13:31:00,13:34:00,3.0,FORWARD,68,30,SOURCE
2615,2615,16331,1.0,25,SHLU,NRL,13:34:00,13:38:00,4.0,FORWARD,68,31,SOURCE
2616,2616,16331,1.0,26,NRL,BVS,13:38:00,13:43:00,5.0,FORWARD,68,32,SOURCE
2617,2617,16331,1.0,27,BVS,KJT,13:43:00,13:48:00,5.0,FORWARD,68,33,SOURCE
2618,2618,16331,1.0,28,KJT,PDI,13:50:00,13:55:00,5.0,FORWARD,68,34,SOURCE
2619,2619,16331,1.0,29,PDI,KAD,13:55:00,14:31:00,36.0,FORWARD,68,35,SOURCE
2620,2620,16331,1.0,30,KAD,LNL,14:31:00,14:38:00,7.0,FORWARD,68,36,SOURCE
2621,2621,16331,1.0,31,LNL,MVL,14:40:00,14:47:00,7.0,FORWARD,68,37,SOURCE
2622,2622,16331,1.0,32,MVL,KMST,14:47:00,14:56:00,9.0,FORWARD,68,38,SOURCE
2623,2623,16331,1.0,33,KMST,KNHE,14:56:00,15:01:00,5.0,FORWARD,68,39,SOURCE
2624,2624,16331,1.0,34,KNHE,VDN,15:01:00,15:06:00,5.0,FORWARD,68,40,SOURCE
2625,2625,16331,1.0,35,VDN,TGN,15:06:00,15:10:00,4.0,FORWARD,68,41,SOURCE
2626,2626,16331,1.0,36,TGN,GRWD,15:10:00,15:13:00,3.0,FORWARD,68,42,SOURCE
2627,2627,16331,1.0,37,DEHR,AKRD,15:20:00,15:25:00,5.0,FORWARD,68,45,SOURCE
2628,2628,16331,1.0,38,AKRD,CCH,15:25:00,15:28:00,3.0,FORWARD,68,46,SOURCE
2629,2629,16331,1.0,39,CCH,PMP,15:28:00,15:31:00,3.0,FORWARD,68,47,SOURCE
2630,2630,16331,1.0,40,PMP,KSWD,15:31:00,15:33:00,2.0,FORWARD,68,48,SOURCE
2631,2631,16331,1.0,41,KSWD,DAPD,15:33:00,15:37:00,4.0,FORWARD,68,49,SOURCE
2632,2632,16331,1.0,42,DAPD,KK,15:37:00,15:39:00,2.0,FORWARD,68,50,SOURCE
2633,2633,16331,1.0,43,KK,SVJR,15:39:00,15:43:00,4.0,FORWARD,68,51,SOURCE
2634,2634,16331,1.0,44,SVJR,PUNE,15:43:00,15:45:00,2.0,FORWARD,68,52,SOURCE
2678,2678,16332,2.0,1,PUNE,SVJR,16:30:00,16:43:00,13.0,REVERSE,69,52,SOURCE
2677,2677,16332,2.0,2,SVJR,KK,16:43:00,16:47:00,4.0,REVERSE,69,51,SOURCE
2676,2676,16332,2.0,3,KK,DAPD,16:47:00,16:50:00,3.0,REVERSE,69,50,SOURCE
2675,2675,16332,2.0,4,DAPD,KSWD,16:50:00,16:55:00,5.0,REVERSE,69,49,SOURCE
2674,2674,16332,2.0,5,KSWD,PMP,16:55:00,16:58:00,3.0,REVERSE,69,48,SOURCE
2673,2673,16332,2.0,6,PMP,CCH,16:58:00,17:00:00,2.0,REVERSE,69,47,SOURCE
2672,2672,16332,2.0,7,CCH,AKRD,17:00:00,17:04:00,4.0,REVERSE,69,46,SOURCE
2671,2671,16332,2.0,8,AKRD,DEHR,17:04:00,17:11:00,7.0,REVERSE,69,45,SOURCE
2670,2670,16332,2.0,9,GRWD,TGN,17:19:00,17:23:00,4.0,REVERSE,69,42,SOURCE
2669,2669,16332,2.0,10,TGN,VDN,17:23:00,17:27:00,4.0,REVERSE,69,41,SOURCE
2668,2668,16332,2.0,11,VDN,KNHE,17:27:00,17:34:00,7.0,REVERSE,69,40,SOURCE
2667,2667,16332,2.0,12,KNHE,KMST,17:34:00,17:39:00,5.0,REVERSE,69,39,SOURCE
2666,2666,16332,2.0,13,KMST,MVL,17:39:00,17:50:00,11.0,REVERSE,69,38,SOURCE
2665,2665,16332,2.0,14,MVL,LNL,17:50:00,18:00:00,10.0,REVERSE,69,37,SOURCE
2664,2664,16332,2.0,15,LNL,KAD,17:59:00,18:05:00,6.0,REVERSE,69,36,SOURCE
2663,2663,16332,2.0,16,KAD,PDI,18:05:00,18:33:00,28.0,REVERSE,69,35,SOURCE
2662,2662,16332,2.0,17,PDI,KJT,18:33:00,18:37:00,4.0,REVERSE,69,34,SOURCE
2661,2661,16332,2.0,18,KJT,BVS,18:37:00,18:47:00,10.0,REVERSE,69,33,SOURCE
2660,2660,16332,2.0,19,BVS,NRL,18:47:00,18:56:00,9.0,REVERSE,69,32,SOURCE
2659,2659,16332,2.0,20,NRL,SHLU,18:56:00,19:01:00,5.0,REVERSE,69,31,SOURCE
2658,2658,16332,2.0,21,SHLU,VGI,19:01:00,19:07:00,6.0,REVERSE,69,30,SOURCE
2657,2657,16332,2.0,22,VGI,BUD,19:07:00,19:21:00,14.0,REVERSE,69,29,SOURCE
2656,2656,16332,2.0,23,BUD,ABH,19:21:00,19:31:00,10.0,REVERSE,69,28,SOURCE
2655,2655,16332,2.0,24,ABH,ULNR,19:31:00,19:35:00,4.0,REVERSE,69,27,SOURCE
2654,2654,16332,2.0,25,ULNR,VLDI,19:35:00,19:37:00,2.0,REVERSE,69,26,SOURCE
2653,2653,16332,2.0,26,VLDI,KYN,19:37:00,19:40:00,3.0,REVERSE,69,25,SOURCE
2652,2652,16332,2.0,27,KYN,THK,19:39:00,19:43:00,4.0,REVERSE,69,24,SOURCE
2651,2651,16332,2.0,28,THK,DI,19:43:00,19:45:00,2.0,REVERSE,69,23,SOURCE
2650,2650,16332,2.0,29,DI,KOPR,19:45:00,19:46:00,1.0,REVERSE,69,22,SOURCE
2649,2649,16332,2.0,30,KOPR,DIVA,19:46:00,19:50:00,4.0,REVERSE,69,21,SOURCE
2648,2648,16332,2.0,31,TNA,MLND,19:59:00,20:03:00,4.0,REVERSE,69,17,SOURCE
2647,2647,16332,2.0,32,MLND,NHU,20:03:00,20:06:00,3.0,REVERSE,69,16,SOURCE
2646,2646,16332,2.0,33,NHU,BND,20:06:00,20:08:00,2.0,REVERSE,69,15,SOURCE
2645,2645,16332,2.0,34,VK,GC,20:12:00,20:17:00,5.0,REVERSE,69,13,SOURCE
2644,2644,16332,2.0,35,GC,VVH,20:17:00,20:18:00,1.0,REVERSE,69,12,SOURCE
2643,2643,16332,2.0,36,VVH,CLA,20:18:00,20:21:00,3.0,REVERSE,69,11,SOURCE
2642,2642,16332,2.0,37,CLA,SIN,20:21:00,20:25:00,4.0,REVERSE,69,10,SOURCE
2641,2641,16332,2.0,38,SIN,MTN,20:25:00,20:28:00,3.0,REVERSE,69,9,SOURCE
2640,2640,16332,2.0,39,MTN,DR,20:28:00,20:30:00,2.0,REVERSE,69,8,SOURCE
2639,2639,16332,2.0,40,DR,PR,20:29:00,20:32:00,3.0,REVERSE,69,7,SOURCE
2638,2638,16332,2.0,41,PR,CRD,20:32:00,20:36:00,4.0,REVERSE,69,6,SOURCE
2637,2637,16332,2.0,42,BY,SNRD,20:41:00,20:45:00,4.0,REVERSE,69,3,SOURCE
2636,2636,16332,2.0,43,SNRD,MSD,20:45:00,20:47:00,2.0,REVERSE,69,2,SOURCE
2635,2635,16332,2.0,44,MSD,CSMT,20:47:00,20:50:00,3.0,REVERSE,69,1,SOURCE
2679,2679,16339,1.0,1,CSMT,MSD,12:05:00,12:06:00,1.0,FORWARD,70,1,SOURCE
2680,2680,16339,1.0,2,MSD,SNRD,12:06:00,12:08:00,2.0,FORWARD,70,2,SOURCE
2681,2681,16339,1.0,3,SNRD,BY,12:08:00,12:11:00,3.0,FORWARD,70,3,SOURCE
2682,2682,16339,1.0,4,CRD,PR,12:13:00,12:16:00,3.0,FORWARD,70,6,SOURCE
2683,2683,16339,1.0,5,PR,DR,12:16:00,12:18:00,2.0,FORWARD,70,7,SOURCE
2684,2684,16339,1.0,6,DR,MTN,12:20:00,12:21:00,1.0,FORWARD,70,8,SOURCE
2685,2685,16339,1.0,7,MTN,SIN,12:21:00,12:24:00,3.0,FORWARD,70,9,SOURCE
2686,2686,16339,1.0,8,SIN,CLA,12:24:00,12:26:00,2.0,FORWARD,70,10,SOURCE
2687,2687,16339,1.0,9,CLA,VVH,12:26:00,12:28:00,2.0,FORWARD,70,11,SOURCE
2688,2688,16339,1.0,10,VVH,GC,12:28:00,12:30:00,2.0,FORWARD,70,12,SOURCE
2689,2689,16339,1.0,11,GC,VK,12:30:00,12:33:00,3.0,FORWARD,70,13,SOURCE
2690,2690,16339,1.0,12,BND,NHU,12:36:00,12:38:00,2.0,FORWARD,70,15,SOURCE
2691,2691,16339,1.0,13,NHU,MLND,12:38:00,12:40:00,2.0,FORWARD,70,16,SOURCE
2692,2692,16339,1.0,14,MLND,TNA,12:40:00,12:43:00,3.0,FORWARD,70,17,SOURCE
2693,2693,16339,1.0,15,DIVA,KOPR,12:55:00,12:59:00,4.0,FORWARD,70,21,SOURCE
2694,2694,16339,1.0,16,KOPR,DI,12:59:00,13:00:00,1.0,FORWARD,70,22,SOURCE
2695,2695,16339,1.0,17,DI,THK,13:00:00,13:02:00,2.0,FORWARD,70,23,SOURCE
2696,2696,16339,1.0,18,THK,KYN,13:02:00,13:05:00,3.0,FORWARD,70,24,SOURCE
2697,2697,16339,1.0,19,KYN,VLDI,13:10:00,13:12:00,2.0,FORWARD,70,25,SOURCE
2698,2698,16339,1.0,20,VLDI,ULNR,13:12:00,13:13:00,1.0,FORWARD,70,26,SOURCE
2699,2699,16339,1.0,21,ULNR,ABH,13:13:00,13:16:00,3.0,FORWARD,70,27,SOURCE
2700,2700,16339,1.0,22,ABH,BUD,13:16:00,13:22:00,6.0,FORWARD,70,28,SOURCE
2701,2701,16339,1.0,23,BUD,VGI,13:22:00,13:31:00,9.0,FORWARD,70,29,SOURCE
2702,2702,16339,1.0,24,VGI,SHLU,13:31:00,13:34:00,3.0,FORWARD,70,30,SOURCE
2703,2703,16339,1.0,25,SHLU,NRL,13:34:00,13:37:00,3.0,FORWARD,70,31,SOURCE
2704,2704,16339,1.0,26,NRL,BVS,13:37:00,13:43:00,6.0,FORWARD,70,32,SOURCE
2705,2705,16339,1.0,27,BVS,KJT,13:43:00,13:48:00,5.0,FORWARD,70,33,SOURCE
2706,2706,16339,1.0,28,KJT,PDI,13:50:00,13:55:00,5.0,FORWARD,70,34,SOURCE
2707,2707,16339,1.0,29,PDI,KAD,13:55:00,14:31:00,36.0,FORWARD,70,35,SOURCE
2708,2708,16339,1.0,30,KAD,LNL,14:31:00,14:38:00,7.0,FORWARD,70,36,SOURCE
2709,2709,16339,1.0,31,LNL,MVL,14:40:00,14:47:00,7.0,FORWARD,70,37,SOURCE
2710,2710,16339,1.0,32,MVL,KMST,14:47:00,14:56:00,9.0,FORWARD,70,38,SOURCE
2711,2711,16339,1.0,33,KMST,KNHE,14:56:00,15:01:00,5.0,FORWARD,70,39,SOURCE
2712,2712,16339,1.0,34,KNHE,VDN,15:01:00,15:06:00,5.0,FORWARD,70,40,SOURCE
2713,2713,16339,1.0,35,VDN,TGN,15:06:00,15:10:00,4.0,FORWARD,70,41,SOURCE
2714,2714,16339,1.0,36,TGN,GRWD,15:10:00,15:13:00,3.0,FORWARD,70,42,SOURCE
2715,2715,16339,1.0,37,DEHR,AKRD,15:20:00,15:25:00,5.0,FORWARD,70,45,SOURCE
2716,2716,16339,1.0,38,AKRD,CCH,15:25:00,15:28:00,3.0,FORWARD,70,46,SOURCE
2717,2717,16339,1.0,39,CCH,PMP,15:28:00,15:30:00,2.0,FORWARD,70,47,SOURCE
2718,2718,16339,1.0,40,PMP,KSWD,15:30:00,15:33:00,3.0,FORWARD,70,48,SOURCE
2719,2719,16339,1.0,41,KSWD,DAPD,15:33:00,15:36:00,3.0,FORWARD,70,49,SOURCE
2720,2720,16339,1.0,42,DAPD,KK,15:36:00,15:38:00,2.0,FORWARD,70,50,SOURCE
2721,2721,16339,1.0,43,KK,SVJR,15:38:00,15:42:00,4.0,FORWARD,70,51,SOURCE
2722,2722,16339,1.0,44,SVJR,PUNE,15:42:00,15:45:00,3.0,FORWARD,70,52,SOURCE
2766,2766,16340,2.0,1,PUNE,SVJR,16:30:00,16:43:00,13.0,REVERSE,71,52,SOURCE
2765,2765,16340,2.0,2,SVJR,KK,16:43:00,16:48:00,5.0,REVERSE,71,51,SOURCE
2764,2764,16340,2.0,3,KK,DAPD,16:48:00,16:50:00,2.0,REVERSE,71,50,SOURCE
2763,2763,16340,2.0,4,DAPD,KSWD,16:50:00,16:55:00,5.0,REVERSE,71,49,SOURCE
2762,2762,16340,2.0,5,KSWD,PMP,16:55:00,16:58:00,3.0,REVERSE,71,48,SOURCE
2761,2761,16340,2.0,6,PMP,CCH,16:58:00,17:00:00,2.0,REVERSE,71,47,SOURCE
2760,2760,16340,2.0,7,CCH,AKRD,17:00:00,17:04:00,4.0,REVERSE,71,46,SOURCE
2759,2759,16340,2.0,8,AKRD,DEHR,17:04:00,17:11:00,7.0,REVERSE,71,45,SOURCE
2758,2758,16340,2.0,9,GRWD,TGN,17:19:00,17:23:00,4.0,REVERSE,71,42,SOURCE
2757,2757,16340,2.0,10,TGN,VDN,17:23:00,17:28:00,5.0,REVERSE,71,41,SOURCE
2756,2756,16340,2.0,11,VDN,KNHE,17:28:00,17:34:00,6.0,REVERSE,71,40,SOURCE
2755,2755,16340,2.0,12,KNHE,KMST,17:34:00,17:40:00,6.0,REVERSE,71,39,SOURCE
2754,2754,16340,2.0,13,KMST,MVL,17:40:00,17:51:00,11.0,REVERSE,71,38,SOURCE
2753,2753,16340,2.0,14,MVL,LNL,17:51:00,18:00:00,9.0,REVERSE,71,37,SOURCE
2752,2752,16340,2.0,15,LNL,KAD,17:58:00,18:05:00,7.0,REVERSE,71,36,SOURCE
2751,2751,16340,2.0,16,KAD,PDI,18:05:00,18:32:00,27.0,REVERSE,71,35,SOURCE
2750,2750,16340,2.0,17,PDI,KJT,18:32:00,18:36:00,4.0,REVERSE,71,34,SOURCE
2749,2749,16340,2.0,18,KJT,BVS,18:36:00,18:45:00,9.0,REVERSE,71,33,SOURCE
2748,2748,16340,2.0,19,BVS,NRL,18:45:00,18:54:00,9.0,REVERSE,71,32,SOURCE
2747,2747,16340,2.0,20,NRL,SHLU,18:54:00,19:00:00,6.0,REVERSE,71,31,SOURCE
2746,2746,16340,2.0,21,SHLU,VGI,19:00:00,19:05:00,5.0,REVERSE,71,30,SOURCE
2745,2745,16340,2.0,22,VGI,BUD,19:05:00,19:19:00,14.0,REVERSE,71,29,SOURCE
2744,2744,16340,2.0,23,BUD,ABH,19:19:00,19:29:00,10.0,REVERSE,71,28,SOURCE
2743,2743,16340,2.0,24,ABH,ULNR,19:29:00,19:33:00,4.0,REVERSE,71,27,SOURCE
2742,2742,16340,2.0,25,ULNR,VLDI,19:33:00,19:35:00,2.0,REVERSE,71,26,SOURCE
2741,2741,16340,2.0,26,VLDI,KYN,19:35:00,19:40:00,5.0,REVERSE,71,25,SOURCE
2740,2740,16340,2.0,27,KYN,THK,19:38:00,19:43:00,5.0,REVERSE,71,24,SOURCE
2739,2739,16340,2.0,28,THK,DI,19:43:00,19:45:00,2.0,REVERSE,71,23,SOURCE
2738,2738,16340,2.0,29,DI,KOPR,19:45:00,19:46:00,1.0,REVERSE,71,22,SOURCE
2737,2737,16340,2.0,30,KOPR,DIVA,19:46:00,19:50:00,4.0,REVERSE,71,21,SOURCE
2736,2736,16340,2.0,31,TNA,MLND,19:58:00,20:03:00,5.0,REVERSE,71,17,SOURCE
2735,2735,16340,2.0,32,MLND,NHU,20:03:00,20:05:00,2.0,REVERSE,71,16,SOURCE
2734,2734,16340,2.0,33,NHU,BND,20:05:00,20:07:00,2.0,REVERSE,71,15,SOURCE
2733,2733,16340,2.0,34,VK,GC,20:11:00,20:16:00,5.0,REVERSE,71,13,SOURCE
2732,2732,16340,2.0,35,GC,VVH,20:16:00,20:17:00,1.0,REVERSE,71,12,SOURCE
2731,2731,16340,2.0,36,VVH,CLA,20:17:00,20:20:00,3.0,REVERSE,71,11,SOURCE
2730,2730,16340,2.0,37,CLA,SIN,20:20:00,20:23:00,3.0,REVERSE,71,10,SOURCE
2729,2729,16340,2.0,38,SIN,MTN,20:23:00,20:26:00,3.0,REVERSE,71,9,SOURCE
2728,2728,16340,2.0,39,MTN,DR,20:26:00,20:30:00,4.0,REVERSE,71,8,SOURCE
2727,2727,16340,2.0,40,DR,PR,20:28:00,20:33:00,5.0,REVERSE,71,7,SOURCE
2726,2726,16340,2.0,41,PR,CRD,20:33:00,20:37:00,4.0,REVERSE,71,6,SOURCE
2725,2725,16340,2.0,42,BY,SNRD,20:42:00,20:47:00,5.0,REVERSE,71,3,SOURCE
2724,2724,16340,2.0,43,SNRD,MSD,20:47:00,20:50:00,3.0,REVERSE,71,2,SOURCE
2723,2723,16340,2.0,44,MSD,CSMT,20:50:00,20:50:00,0.0,REVERSE,71,1,SOURCE
2767,2767,16351,1.0,1,CSMT,MSD,12:05:00,12:06:00,1.0,FORWARD,72,1,SOURCE
2768,2768,16351,1.0,2,MSD,SNRD,12:06:00,12:08:00,2.0,FORWARD,72,2,SOURCE
2769,2769,16351,1.0,3,SNRD,BY,12:08:00,12:11:00,3.0,FORWARD,72,3,SOURCE
2770,2770,16351,1.0,4,CRD,PR,12:13:00,12:16:00,3.0,FORWARD,72,6,SOURCE
2771,2771,16351,1.0,5,PR,DR,12:16:00,12:18:00,2.0,FORWARD,72,7,SOURCE
2772,2772,16351,1.0,6,DR,MTN,12:20:00,12:21:00,1.0,FORWARD,72,8,SOURCE
2773,2773,16351,1.0,7,MTN,SIN,12:21:00,12:24:00,3.0,FORWARD,72,9,SOURCE
2774,2774,16351,1.0,8,SIN,CLA,12:24:00,12:26:00,2.0,FORWARD,72,10,SOURCE
2775,2775,16351,1.0,9,CLA,VVH,12:26:00,12:28:00,2.0,FORWARD,72,11,SOURCE
2776,2776,16351,1.0,10,VVH,GC,12:28:00,12:29:00,1.0,FORWARD,72,12,SOURCE
2777,2777,16351,1.0,11,GC,VK,12:29:00,12:32:00,3.0,FORWARD,72,13,SOURCE
2778,2778,16351,1.0,12,BND,NHU,12:36:00,12:37:00,1.0,FORWARD,72,15,SOURCE
2779,2779,16351,1.0,13,NHU,MLND,12:37:00,12:39:00,2.0,FORWARD,72,16,SOURCE
2780,2780,16351,1.0,14,MLND,TNA,12:39:00,12:42:00,3.0,FORWARD,72,17,SOURCE
2781,2781,16351,1.0,15,DIVA,KOPR,12:55:00,12:59:00,4.0,FORWARD,72,21,SOURCE
2782,2782,16351,1.0,16,KOPR,DI,12:59:00,13:00:00,1.0,FORWARD,72,22,SOURCE
2783,2783,16351,1.0,17,DI,THK,13:00:00,13:02:00,2.0,FORWARD,72,23,SOURCE
2784,2784,16351,1.0,18,THK,KYN,13:02:00,13:05:00,3.0,FORWARD,72,24,SOURCE
2785,2785,16351,1.0,19,KYN,VLDI,13:10:00,13:12:00,2.0,FORWARD,72,25,SOURCE
2786,2786,16351,1.0,20,VLDI,ULNR,13:12:00,13:13:00,1.0,FORWARD,72,26,SOURCE
2787,2787,16351,1.0,21,ULNR,ABH,13:13:00,13:16:00,3.0,FORWARD,72,27,SOURCE
2788,2788,16351,1.0,22,ABH,BUD,13:16:00,13:22:00,6.0,FORWARD,72,28,SOURCE
2789,2789,16351,1.0,23,BUD,VGI,13:22:00,13:31:00,9.0,FORWARD,72,29,SOURCE
2790,2790,16351,1.0,24,VGI,SHLU,13:31:00,13:34:00,3.0,FORWARD,72,30,SOURCE
2791,2791,16351,1.0,25,SHLU,NRL,13:34:00,13:37:00,3.0,FORWARD,72,31,SOURCE
2792,2792,16351,1.0,26,NRL,BVS,13:37:00,13:43:00,6.0,FORWARD,72,32,SOURCE
2793,2793,16351,1.0,27,BVS,KJT,13:43:00,13:48:00,5.0,FORWARD,72,33,SOURCE
2794,2794,16351,1.0,28,KJT,PDI,13:50:00,13:55:00,5.0,FORWARD,72,34,SOURCE
2795,2795,16351,1.0,29,PDI,KAD,13:55:00,14:31:00,36.0,FORWARD,72,35,SOURCE
2796,2796,16351,1.0,30,KAD,LNL,14:31:00,14:38:00,7.0,FORWARD,72,36,SOURCE
2797,2797,16351,1.0,31,LNL,MVL,14:40:00,14:47:00,7.0,FORWARD,72,37,SOURCE
2798,2798,16351,1.0,32,MVL,KMST,14:47:00,14:56:00,9.0,FORWARD,72,38,SOURCE
2799,2799,16351,1.0,33,KMST,KNHE,14:56:00,15:01:00,5.0,FORWARD,72,39,SOURCE
2800,2800,16351,1.0,34,KNHE,VDN,15:01:00,15:06:00,5.0,FORWARD,72,40,SOURCE
2801,2801,16351,1.0,35,VDN,TGN,15:06:00,15:10:00,4.0,FORWARD,72,41,SOURCE
2802,2802,16351,1.0,36,TGN,GRWD,15:10:00,15:13:00,3.0,FORWARD,72,42,SOURCE
2803,2803,16351,1.0,37,DEHR,AKRD,15:20:00,15:25:00,5.0,FORWARD,72,45,SOURCE
2804,2804,16351,1.0,38,AKRD,CCH,15:25:00,15:28:00,3.0,FORWARD,72,46,SOURCE
2805,2805,16351,1.0,39,CCH,PMP,15:28:00,15:30:00,2.0,FORWARD,72,47,SOURCE
2806,2806,16351,1.0,40,PMP,KSWD,15:30:00,15:33:00,3.0,FORWARD,72,48,SOURCE
2807,2807,16351,1.0,41,KSWD,DAPD,15:33:00,15:36:00,3.0,FORWARD,72,49,SOURCE
2808,2808,16351,1.0,42,DAPD,KK,15:36:00,15:38:00,2.0,FORWARD,72,50,SOURCE
2809,2809,16351,1.0,43,KK,SVJR,15:38:00,15:42:00,4.0,FORWARD,72,51,SOURCE
2810,2810,16351,1.0,44,SVJR,PUNE,15:42:00,15:45:00,3.0,FORWARD,72,52,SOURCE
2854,2854,16352,2.0,1,PUNE,SVJR,16:30:00,16:43:00,13.0,REVERSE,73,52,SOURCE
2853,2853,16352,2.0,2,SVJR,KK,16:43:00,16:47:00,4.0,REVERSE,73,51,SOURCE
2852,2852,16352,2.0,3,KK,DAPD,16:47:00,16:50:00,3.0,REVERSE,73,50,SOURCE
2851,2851,16352,2.0,4,DAPD,KSWD,16:50:00,16:55:00,5.0,REVERSE,73,49,SOURCE
2850,2850,16352,2.0,5,KSWD,PMP,16:55:00,16:58:00,3.0,REVERSE,73,48,SOURCE
2849,2849,16352,2.0,6,PMP,CCH,16:58:00,17:00:00,2.0,REVERSE,73,47,SOURCE
2848,2848,16352,2.0,7,CCH,AKRD,17:00:00,17:04:00,4.0,REVERSE,73,46,SOURCE
2847,2847,16352,2.0,8,AKRD,DEHR,17:04:00,17:11:00,7.0,REVERSE,73,45,SOURCE
2846,2846,16352,2.0,9,GRWD,TGN,17:19:00,17:23:00,4.0,REVERSE,73,42,SOURCE
2845,2845,16352,2.0,10,TGN,VDN,17:23:00,17:27:00,4.0,REVERSE,73,41,SOURCE
2844,2844,16352,2.0,11,VDN,KNHE,17:27:00,17:34:00,7.0,REVERSE,73,40,SOURCE
2843,2843,16352,2.0,12,KNHE,KMST,17:34:00,17:39:00,5.0,REVERSE,73,39,SOURCE
2842,2842,16352,2.0,13,KMST,MVL,17:39:00,17:50:00,11.0,REVERSE,73,38,SOURCE
2841,2841,16352,2.0,14,MVL,LNL,17:50:00,18:00:00,10.0,REVERSE,73,37,SOURCE
2840,2840,16352,2.0,15,LNL,KAD,17:59:00,18:05:00,6.0,REVERSE,73,36,SOURCE
2839,2839,16352,2.0,16,KAD,PDI,18:05:00,18:33:00,28.0,REVERSE,73,35,SOURCE
2838,2838,16352,2.0,17,PDI,KJT,18:33:00,18:37:00,4.0,REVERSE,73,34,SOURCE
2837,2837,16352,2.0,18,KJT,BVS,18:37:00,18:46:00,9.0,REVERSE,73,33,SOURCE
2836,2836,16352,2.0,19,BVS,NRL,18:46:00,18:55:00,9.0,REVERSE,73,32,SOURCE
2835,2835,16352,2.0,20,NRL,SHLU,18:55:00,19:00:00,5.0,REVERSE,73,31,SOURCE
2834,2834,16352,2.0,21,SHLU,VGI,19:00:00,19:06:00,6.0,REVERSE,73,30,SOURCE
2833,2833,16352,2.0,22,VGI,BUD,19:06:00,19:20:00,14.0,REVERSE,73,29,SOURCE
2832,2832,16352,2.0,23,BUD,ABH,19:20:00,19:30:00,10.0,REVERSE,73,28,SOURCE
2831,2831,16352,2.0,24,ABH,ULNR,19:30:00,19:33:00,3.0,REVERSE,73,27,SOURCE
2830,2830,16352,2.0,25,ULNR,VLDI,19:33:00,19:36:00,3.0,REVERSE,73,26,SOURCE
2829,2829,16352,2.0,26,VLDI,KYN,19:36:00,19:40:00,4.0,REVERSE,73,25,SOURCE
2828,2828,16352,2.0,27,KYN,THK,19:39:00,19:43:00,4.0,REVERSE,73,24,SOURCE
2827,2827,16352,2.0,28,THK,DI,19:43:00,19:45:00,2.0,REVERSE,73,23,SOURCE
2826,2826,16352,2.0,29,DI,KOPR,19:45:00,19:46:00,1.0,REVERSE,73,22,SOURCE
2825,2825,16352,2.0,30,KOPR,DIVA,19:46:00,19:50:00,4.0,REVERSE,73,21,SOURCE
2824,2824,16352,2.0,31,TNA,MLND,19:59:00,20:03:00,4.0,REVERSE,73,17,SOURCE
2823,2823,16352,2.0,32,MLND,NHU,20:03:00,20:06:00,3.0,REVERSE,73,16,SOURCE
2822,2822,16352,2.0,33,NHU,BND,20:06:00,20:08:00,2.0,REVERSE,73,15,SOURCE
2821,2821,16352,2.0,34,VK,GC,20:12:00,20:17:00,5.0,REVERSE,73,13,SOURCE
2820,2820,16352,2.0,35,GC,VVH,20:17:00,20:18:00,1.0,REVERSE,73,12,SOURCE
2819,2819,16352,2.0,36,VVH,CLA,20:18:00,20:21:00,3.0,REVERSE,73,11,SOURCE
2818,2818,16352,2.0,37,CLA,SIN,20:21:00,20:25:00,4.0,REVERSE,73,10,SOURCE
2817,2817,16352,2.0,38,SIN,MTN,20:25:00,20:28:00,3.0,REVERSE,73,9,SOURCE
2816,2816,16352,2.0,39,MTN,DR,20:28:00,20:30:00,2.0,REVERSE,73,8,SOURCE
2815,2815,16352,2.0,40,DR,PR,20:29:00,20:32:00,3.0,REVERSE,73,7,SOURCE
2814,2814,16352,2.0,41,PR,CRD,20:32:00,20:36:00,4.0,REVERSE,73,6,SOURCE
2813,2813,16352,2.0,42,BY,SNRD,20:41:00,20:45:00,4.0,REVERSE,73,3,SOURCE
2812,2812,16352,2.0,43,SNRD,MSD,20:45:00,20:47:00,2.0,REVERSE,73,2,SOURCE
2811,2811,16352,2.0,44,MSD,CSMT,20:47:00,20:50:00,3.0,REVERSE,73,1,SOURCE
2855,2855,16381,1.0,1,CSMT,MSD,15:45:00,15:46:00,1.0,FORWARD,74,1,SOURCE
2856,2856,16381,1.0,2,MSD,SNRD,15:46:00,15:48:00,2.0,FORWARD,74,2,SOURCE
2857,2857,16381,1.0,3,SNRD,BY,15:48:00,15:51:00,3.0,FORWARD,74,3,SOURCE
2858,2858,16381,1.0,4,CRD,PR,15:53:00,15:56:00,3.0,FORWARD,74,6,SOURCE
2859,2859,16381,1.0,5,PR,DR,15:56:00,15:58:00,2.0,FORWARD,74,7,SOURCE
2860,2860,16381,1.0,6,DR,MTN,16:00:00,16:01:00,1.0,FORWARD,74,8,SOURCE
2861,2861,16381,1.0,7,MTN,SIN,16:01:00,16:03:00,2.0,FORWARD,74,9,SOURCE
2862,2862,16381,1.0,8,SIN,CLA,16:03:00,16:06:00,3.0,FORWARD,74,10,SOURCE
2863,2863,16381,1.0,9,CLA,VVH,16:06:00,16:08:00,2.0,FORWARD,74,11,SOURCE
2864,2864,16381,1.0,10,VVH,GC,16:08:00,16:09:00,1.0,FORWARD,74,12,SOURCE
2865,2865,16381,1.0,11,GC,VK,16:09:00,16:12:00,3.0,FORWARD,74,13,SOURCE
2866,2866,16381,1.0,12,BND,NHU,16:15:00,16:17:00,2.0,FORWARD,74,15,SOURCE
2867,2867,16381,1.0,13,NHU,MLND,16:17:00,16:19:00,2.0,FORWARD,74,16,SOURCE
2868,2868,16381,1.0,14,MLND,TNA,16:19:00,16:21:00,2.0,FORWARD,74,17,SOURCE
2869,2869,16381,1.0,15,TNA,KLVA,16:21:00,16:23:00,2.0,FORWARD,74,18,SOURCE
2870,2870,16381,1.0,16,KLVA,MBQ,16:23:00,16:27:00,4.0,FORWARD,74,19,SOURCE
2871,2871,16381,1.0,17,MBQ,DIVA,16:27:00,16:29:00,2.0,FORWARD,74,20,SOURCE
2872,2872,16381,1.0,18,DIVA,KOPR,16:29:00,16:33:00,4.0,FORWARD,74,21,SOURCE
2873,2873,16381,1.0,19,KOPR,DI,16:33:00,16:34:00,1.0,FORWARD,74,22,SOURCE
2874,2874,16381,1.0,20,DI,THK,16:34:00,16:35:00,1.0,FORWARD,74,23,SOURCE
2875,2875,16381,1.0,21,THK,KYN,16:35:00,16:38:00,3.0,FORWARD,74,24,SOURCE
2876,2876,16381,1.0,22,KYN,VLDI,16:40:00,16:42:00,2.0,FORWARD,74,25,SOURCE
2877,2877,16381,1.0,23,VLDI,ULNR,16:42:00,16:44:00,2.0,FORWARD,74,26,SOURCE
2878,2878,16381,1.0,24,ULNR,ABH,16:44:00,16:46:00,2.0,FORWARD,74,27,SOURCE
2879,2879,16381,1.0,25,ABH,BUD,16:46:00,16:52:00,6.0,FORWARD,74,28,SOURCE
2880,2880,16381,1.0,26,BUD,VGI,16:52:00,17:01:00,9.0,FORWARD,74,29,SOURCE
2881,2881,16381,1.0,27,VGI,SHLU,17:01:00,17:04:00,3.0,FORWARD,74,30,SOURCE
2882,2882,16381,1.0,28,SHLU,NRL,17:04:00,17:08:00,4.0,FORWARD,74,31,SOURCE
2883,2883,16381,1.0,29,NRL,BVS,17:08:00,17:13:00,5.0,FORWARD,74,32,SOURCE
2884,2884,16381,1.0,30,BVS,KJT,17:13:00,17:18:00,5.0,FORWARD,74,33,SOURCE
2885,2885,16381,1.0,31,KJT,PDI,17:20:00,17:25:00,5.0,FORWARD,74,34,SOURCE
2886,2886,16381,1.0,32,PDI,KAD,17:25:00,18:01:00,36.0,FORWARD,74,35,SOURCE
2887,2887,16381,1.0,33,KAD,LNL,18:01:00,18:08:00,7.0,FORWARD,74,36,SOURCE
2888,2888,16381,1.0,34,LNL,MVL,18:10:00,18:17:00,7.0,FORWARD,74,37,SOURCE
2889,2889,16381,1.0,35,MVL,KMST,18:17:00,18:26:00,9.0,FORWARD,74,38,SOURCE
2890,2890,16381,1.0,36,KMST,KNHE,18:26:00,18:31:00,5.0,FORWARD,74,39,SOURCE
2891,2891,16381,1.0,37,KNHE,VDN,18:31:00,18:36:00,5.0,FORWARD,74,40,SOURCE
2892,2892,16381,1.0,38,VDN,TGN,18:36:00,18:40:00,4.0,FORWARD,74,41,SOURCE
2893,2893,16381,1.0,39,TGN,GRWD,18:40:00,18:43:00,3.0,FORWARD,74,42,SOURCE
2894,2894,16381,1.0,40,DEHR,AKRD,18:50:00,18:55:00,5.0,FORWARD,74,45,SOURCE
2895,2895,16381,1.0,41,AKRD,CCH,18:55:00,18:58:00,3.0,FORWARD,74,46,SOURCE
2896,2896,16381,1.0,42,CCH,PMP,18:58:00,19:01:00,3.0,FORWARD,74,47,SOURCE
2897,2897,16381,1.0,43,PMP,KSWD,19:01:00,19:03:00,2.0,FORWARD,74,48,SOURCE
2898,2898,16381,1.0,44,KSWD,DAPD,19:03:00,19:07:00,4.0,FORWARD,74,49,SOURCE
2899,2899,16381,1.0,45,DAPD,KK,19:07:00,19:09:00,2.0,FORWARD,74,50,SOURCE
2900,2900,16381,1.0,46,KK,SVJR,19:09:00,19:13:00,4.0,FORWARD,74,51,SOURCE
2901,2901,16381,1.0,47,SVJR,PUNE,19:13:00,19:15:00,2.0,FORWARD,74,52,SOURCE
2948,2948,16382,3.0,1,PUNE,SVJR,00:40:00,00:53:00,13.0,REVERSE,75,52,SOURCE
2947,2947,16382,3.0,2,SVJR,KK,00:53:00,00:57:00,4.0,REVERSE,75,51,SOURCE
2946,2946,16382,3.0,3,KK,DAPD,00:57:00,00:59:00,2.0,REVERSE,75,50,SOURCE
2945,2945,16382,3.0,4,DAPD,KSWD,00:59:00,01:03:00,4.0,REVERSE,75,49,SOURCE
2944,2944,16382,3.0,5,KSWD,PMP,01:03:00,01:05:00,2.0,REVERSE,75,48,SOURCE
2943,2943,16382,3.0,6,PMP,CCH,01:05:00,01:08:00,3.0,REVERSE,75,47,SOURCE
2942,2942,16382,3.0,7,CCH,AKRD,01:08:00,01:11:00,3.0,REVERSE,75,46,SOURCE
2941,2941,16382,3.0,8,AKRD,DEHR,01:11:00,01:17:00,6.0,REVERSE,75,45,SOURCE
2940,2940,16382,3.0,9,GRWD,TGN,01:24:00,01:27:00,3.0,REVERSE,75,42,SOURCE
2939,2939,16382,3.0,10,TGN,VDN,01:27:00,01:31:00,4.0,REVERSE,75,41,SOURCE
2938,2938,16382,3.0,11,VDN,KNHE,01:31:00,01:37:00,6.0,REVERSE,75,40,SOURCE
2937,2937,16382,3.0,12,KNHE,KMST,01:37:00,01:42:00,5.0,REVERSE,75,39,SOURCE
2936,2936,16382,3.0,13,KMST,MVL,01:42:00,01:51:00,9.0,REVERSE,75,38,SOURCE
2935,2935,16382,3.0,14,MVL,LNL,01:51:00,02:00:00,9.0,REVERSE,75,37,SOURCE
2934,2934,16382,3.0,15,LNL,KAD,01:59:00,02:07:00,8.0,REVERSE,75,36,SOURCE
2933,2933,16382,3.0,16,KAD,PDI,02:07:00,02:43:00,36.0,REVERSE,75,35,SOURCE
2932,2932,16382,3.0,17,PDI,KJT,02:43:00,02:50:00,7.0,REVERSE,75,34,SOURCE
2931,2931,16382,3.0,18,KJT,BVS,02:49:00,02:57:00,8.0,REVERSE,75,33,SOURCE
2930,2930,16382,3.0,19,BVS,NRL,02:57:00,03:05:00,8.0,REVERSE,75,32,SOURCE
2929,2929,16382,3.0,20,NRL,SHLU,03:05:00,03:09:00,4.0,REVERSE,75,31,SOURCE
2928,2928,16382,3.0,21,SHLU,VGI,03:09:00,03:13:00,4.0,REVERSE,75,30,SOURCE
2927,2927,16382,3.0,22,VGI,BUD,03:13:00,03:25:00,12.0,REVERSE,75,29,SOURCE
2926,2926,16382,3.0,23,BUD,ABH,03:25:00,03:33:00,8.0,REVERSE,75,28,SOURCE
2925,2925,16382,3.0,24,ABH,ULNR,03:33:00,03:36:00,3.0,REVERSE,75,27,SOURCE
2924,2924,16382,3.0,25,ULNR,VLDI,03:36:00,03:38:00,2.0,REVERSE,75,26,SOURCE
2923,2923,16382,3.0,26,VLDI,KYN,03:38:00,03:40:00,2.0,REVERSE,75,25,SOURCE
2922,2922,16382,3.0,27,KYN,THK,03:39:00,03:43:00,4.0,REVERSE,75,24,SOURCE
2921,2921,16382,3.0,28,THK,DI,03:43:00,03:45:00,2.0,REVERSE,75,23,SOURCE
2920,2920,16382,3.0,29,DI,KOPR,03:45:00,03:46:00,1.0,REVERSE,75,22,SOURCE
2919,2919,16382,3.0,30,KOPR,DIVA,03:46:00,03:50:00,4.0,REVERSE,75,21,SOURCE
2918,2918,16382,3.0,31,DIVA,MBQ,03:50:00,03:52:00,2.0,REVERSE,75,20,SOURCE
2917,2917,16382,3.0,32,MBQ,KLVA,03:52:00,03:56:00,4.0,REVERSE,75,19,SOURCE
2916,2916,16382,3.0,33,KLVA,TNA,03:56:00,04:00:00,4.0,REVERSE,75,18,SOURCE
2915,2915,16382,3.0,34,TNA,MLND,03:59:00,04:03:00,4.0,REVERSE,75,17,SOURCE
2914,2914,16382,3.0,35,MLND,NHU,04:03:00,04:06:00,3.0,REVERSE,75,16,SOURCE
2913,2913,16382,3.0,36,NHU,BND,04:06:00,04:08:00,2.0,REVERSE,75,15,SOURCE
2912,2912,16382,3.0,37,VK,GC,04:12:00,04:17:00,5.0,REVERSE,75,13,SOURCE
2911,2911,16382,3.0,38,GC,VVH,04:17:00,04:18:00,1.0,REVERSE,75,12,SOURCE
2910,2910,16382,3.0,39,VVH,CLA,04:18:00,04:21:00,3.0,REVERSE,75,11,SOURCE
2909,2909,16382,3.0,40,CLA,SIN,04:21:00,04:25:00,4.0,REVERSE,75,10,SOURCE
2908,2908,16382,3.0,41,SIN,MTN,04:25:00,04:28:00,3.0,REVERSE,75,9,SOURCE
2907,2907,16382,3.0,42,MTN,DR,04:28:00,04:30:00,2.0,REVERSE,75,8,SOURCE
2906,2906,16382,3.0,43,DR,PR,04:29:00,04:32:00,3.0,REVERSE,75,7,SOURCE
2905,2905,16382,3.0,44,PR,CRD,04:32:00,04:36:00,4.0,REVERSE,75,6,SOURCE
2904,2904,16382,3.0,45,BY,SNRD,04:41:00,04:45:00,4.0,REVERSE,75,3,SOURCE
2903,2903,16382,3.0,46,SNRD,MSD,04:45:00,04:47:00,2.0,REVERSE,75,2,SOURCE
2902,2902,16382,3.0,47,MSD,CSMT,04:47:00,04:50:00,3.0,REVERSE,75,1,SOURCE
2949,2949,16505,2.0,1,KOPR,DI,00:31:00,00:42:00,11.0,FORWARD,76,22,SOURCE
2950,2950,16505,2.0,2,DI,THK,00:42:00,00:45:00,3.0,FORWARD,76,23,SOURCE
2951,2951,16505,2.0,3,THK,KYN,00:45:00,01:08:00,23.0,FORWARD,76,24,SOURCE
2952,2952,16505,2.0,4,KYN,VLDI,01:10:00,01:13:00,3.0,FORWARD,76,25,SOURCE
2953,2953,16505,2.0,5,VLDI,ULNR,01:13:00,01:15:00,2.0,FORWARD,76,26,SOURCE
2954,2954,16505,2.0,6,ULNR,ABH,01:15:00,01:19:00,4.0,FORWARD,76,27,SOURCE
2955,2955,16505,2.0,7,ABH,BUD,01:19:00,01:28:00,9.0,FORWARD,76,28,SOURCE
2956,2956,16505,2.0,8,BUD,VGI,01:28:00,01:42:00,14.0,FORWARD,76,29,SOURCE
2957,2957,16505,2.0,9,VGI,SHLU,01:42:00,01:47:00,5.0,FORWARD,76,30,SOURCE
2958,2958,16505,2.0,10,SHLU,NRL,01:47:00,01:52:00,5.0,FORWARD,76,31,SOURCE
2959,2959,16505,2.0,11,NRL,BVS,01:52:00,02:01:00,9.0,FORWARD,76,32,SOURCE
2960,2960,16505,2.0,12,BVS,KJT,02:01:00,02:08:00,7.0,FORWARD,76,33,SOURCE
2961,2961,16505,2.0,13,KJT,PDI,02:10:00,02:15:00,5.0,FORWARD,76,34,SOURCE
2962,2962,16505,2.0,14,PDI,KAD,02:15:00,02:51:00,36.0,FORWARD,76,35,SOURCE
2963,2963,16505,2.0,15,KAD,LNL,02:51:00,02:58:00,7.0,FORWARD,76,36,SOURCE
2964,2964,16505,2.0,16,LNL,MVL,03:00:00,03:08:00,8.0,FORWARD,76,37,SOURCE
2965,2965,16505,2.0,17,MVL,KMST,03:08:00,03:18:00,10.0,FORWARD,76,38,SOURCE
2966,2966,16505,2.0,18,KMST,KNHE,03:18:00,03:23:00,5.0,FORWARD,76,39,SOURCE
2967,2967,16505,2.0,19,KNHE,VDN,03:23:00,03:28:00,5.0,FORWARD,76,40,SOURCE
2968,2968,16505,2.0,20,VDN,TGN,03:28:00,03:33:00,5.0,FORWARD,76,41,SOURCE
2969,2969,16505,2.0,21,TGN,GRWD,03:33:00,03:36:00,3.0,FORWARD,76,42,SOURCE
2970,2970,16505,2.0,22,DEHR,AKRD,03:43:00,03:49:00,6.0,FORWARD,76,45,SOURCE
2971,2971,16505,2.0,23,AKRD,CCH,03:49:00,03:52:00,3.0,FORWARD,76,46,SOURCE
2972,2972,16505,2.0,24,CCH,PMP,03:52:00,03:55:00,3.0,FORWARD,76,47,SOURCE
2973,2973,16505,2.0,25,PMP,KSWD,03:55:00,03:57:00,2.0,FORWARD,76,48,SOURCE
2974,2974,16505,2.0,26,KSWD,DAPD,03:57:00,04:01:00,4.0,FORWARD,76,49,SOURCE
2975,2975,16505,2.0,27,DAPD,KK,04:01:00,04:04:00,3.0,FORWARD,76,50,SOURCE
2976,2976,16505,2.0,28,KK,SVJR,04:04:00,04:08:00,4.0,FORWARD,76,51,SOURCE
2977,2977,16505,2.0,29,SVJR,PUNE,04:08:00,04:10:00,2.0,FORWARD,76,52,SOURCE
3006,3006,16506,2.0,1,PUNE,SVJR,18:40:00,18:53:00,13.0,REVERSE,77,52,SOURCE
3005,3005,16506,2.0,2,SVJR,KK,18:53:00,18:57:00,4.0,REVERSE,77,51,SOURCE
3004,3004,16506,2.0,3,KK,DAPD,18:57:00,18:59:00,2.0,REVERSE,77,50,SOURCE
3003,3003,16506,2.0,4,DAPD,KSWD,18:59:00,19:03:00,4.0,REVERSE,77,49,SOURCE
3002,3002,16506,2.0,5,KSWD,PMP,19:03:00,19:05:00,2.0,REVERSE,77,48,SOURCE
3001,3001,16506,2.0,6,PMP,CCH,19:05:00,19:08:00,3.0,REVERSE,77,47,SOURCE
3000,3000,16506,2.0,7,CCH,AKRD,19:08:00,19:11:00,3.0,REVERSE,77,46,SOURCE
2999,2999,16506,2.0,8,AKRD,DEHR,19:11:00,19:17:00,6.0,REVERSE,77,45,SOURCE
2998,2998,16506,2.0,9,GRWD,TGN,19:24:00,19:27:00,3.0,REVERSE,77,42,SOURCE
2997,2997,16506,2.0,10,TGN,VDN,19:27:00,19:31:00,4.0,REVERSE,77,41,SOURCE
2996,2996,16506,2.0,11,VDN,KNHE,19:31:00,19:37:00,6.0,REVERSE,77,40,SOURCE
2995,2995,16506,2.0,12,KNHE,KMST,19:37:00,19:42:00,5.0,REVERSE,77,39,SOURCE
2994,2994,16506,2.0,13,KMST,MVL,19:42:00,19:51:00,9.0,REVERSE,77,38,SOURCE
2993,2993,16506,2.0,14,MVL,LNL,19:51:00,20:00:00,9.0,REVERSE,77,37,SOURCE
2992,2992,16506,2.0,15,LNL,KAD,19:59:00,20:07:00,8.0,REVERSE,77,36,SOURCE
2991,2991,16506,2.0,16,KAD,PDI,20:07:00,20:43:00,36.0,REVERSE,77,35,SOURCE
2990,2990,16506,2.0,17,PDI,KJT,20:43:00,20:50:00,7.0,REVERSE,77,34,SOURCE
2989,2989,16506,2.0,18,KJT,BVS,20:49:00,20:57:00,8.0,REVERSE,77,33,SOURCE
2988,2988,16506,2.0,19,BVS,NRL,20:57:00,21:05:00,8.0,REVERSE,77,32,SOURCE
2987,2987,16506,2.0,20,NRL,SHLU,21:05:00,21:09:00,4.0,REVERSE,77,31,SOURCE
2986,2986,16506,2.0,21,SHLU,VGI,21:09:00,21:13:00,4.0,REVERSE,77,30,SOURCE
2985,2985,16506,2.0,22,VGI,BUD,21:13:00,21:25:00,12.0,REVERSE,77,29,SOURCE
2984,2984,16506,2.0,23,BUD,ABH,21:25:00,21:33:00,8.0,REVERSE,77,28,SOURCE
2983,2983,16506,2.0,24,ABH,ULNR,21:33:00,21:36:00,3.0,REVERSE,77,27,SOURCE
2982,2982,16506,2.0,25,ULNR,VLDI,21:36:00,21:38:00,2.0,REVERSE,77,26,SOURCE
2981,2981,16506,2.0,26,VLDI,KYN,21:38:00,21:45:00,7.0,REVERSE,77,25,SOURCE
2980,2980,16506,2.0,27,KYN,THK,21:40:00,21:50:00,10.0,REVERSE,77,24,SOURCE
2979,2979,16506,2.0,28,THK,DI,21:50:00,21:52:00,2.0,REVERSE,77,23,SOURCE
2978,2978,16506,2.0,29,DI,KOPR,21:52:00,21:59:00,7.0,REVERSE,77,22,SOURCE
3007,3007,16507,2.0,1,KOPR,DI,00:30:00,00:41:00,11.0,FORWARD,78,22,SOURCE
3008,3008,16507,2.0,2,DI,THK,00:41:00,00:44:00,3.0,FORWARD,78,23,SOURCE
3009,3009,16507,2.0,3,THK,KYN,00:44:00,01:05:00,21.0,FORWARD,78,24,SOURCE
3010,3010,16507,2.0,4,KYN,VLDI,01:10:00,01:13:00,3.0,FORWARD,78,25,SOURCE
3011,3011,16507,2.0,5,VLDI,ULNR,01:13:00,01:15:00,2.0,FORWARD,78,26,SOURCE
3012,3012,16507,2.0,6,ULNR,ABH,01:15:00,01:18:00,3.0,FORWARD,78,27,SOURCE
3013,3013,16507,2.0,7,ABH,BUD,01:18:00,01:28:00,10.0,FORWARD,78,28,SOURCE
3014,3014,16507,2.0,8,BUD,VGI,01:28:00,01:41:00,13.0,FORWARD,78,29,SOURCE
3015,3015,16507,2.0,9,VGI,SHLU,01:41:00,01:46:00,5.0,FORWARD,78,30,SOURCE
3016,3016,16507,2.0,10,SHLU,NRL,01:46:00,01:51:00,5.0,FORWARD,78,31,SOURCE
3017,3017,16507,2.0,11,NRL,BVS,01:51:00,02:00:00,9.0,FORWARD,78,32,SOURCE
3018,3018,16507,2.0,12,BVS,KJT,02:00:00,02:08:00,8.0,FORWARD,78,33,SOURCE
3019,3019,16507,2.0,13,KJT,PDI,02:10:00,02:15:00,5.0,FORWARD,78,34,SOURCE
3020,3020,16507,2.0,14,PDI,KAD,02:15:00,02:51:00,36.0,FORWARD,78,35,SOURCE
3021,3021,16507,2.0,15,KAD,LNL,02:51:00,02:58:00,7.0,FORWARD,78,36,SOURCE
3022,3022,16507,2.0,16,LNL,MVL,03:00:00,03:08:00,8.0,FORWARD,78,37,SOURCE
3023,3023,16507,2.0,17,MVL,KMST,03:08:00,03:18:00,10.0,FORWARD,78,38,SOURCE
3024,3024,16507,2.0,18,KMST,KNHE,03:18:00,03:23:00,5.0,FORWARD,78,39,SOURCE
3025,3025,16507,2.0,19,KNHE,VDN,03:23:00,03:28:00,5.0,FORWARD,78,40,SOURCE
3026,3026,16507,2.0,20,VDN,TGN,03:28:00,03:33:00,5.0,FORWARD,78,41,SOURCE
3027,3027,16507,2.0,21,TGN,GRWD,03:33:00,03:36:00,3.0,FORWARD,78,42,SOURCE
3028,3028,16507,2.0,22,DEHR,AKRD,03:43:00,03:49:00,6.0,FORWARD,78,45,SOURCE
3029,3029,16507,2.0,23,AKRD,CCH,03:49:00,03:52:00,3.0,FORWARD,78,46,SOURCE
3030,3030,16507,2.0,24,CCH,PMP,03:52:00,03:55:00,3.0,FORWARD,78,47,SOURCE
3031,3031,16507,2.0,25,PMP,KSWD,03:55:00,03:57:00,2.0,FORWARD,78,48,SOURCE
3032,3032,16507,2.0,26,KSWD,DAPD,03:57:00,04:01:00,4.0,FORWARD,78,49,SOURCE
3033,3033,16507,2.0,27,DAPD,KK,04:01:00,04:04:00,3.0,FORWARD,78,50,SOURCE
3034,3034,16507,2.0,28,KK,SVJR,04:04:00,04:08:00,4.0,FORWARD,78,51,SOURCE
3035,3035,16507,2.0,29,SVJR,PUNE,04:08:00,04:10:00,2.0,FORWARD,78,52,SOURCE
3064,3064,16508,2.0,1,PUNE,SVJR,18:40:00,18:53:00,13.0,REVERSE,79,52,SOURCE
3063,3063,16508,2.0,2,SVJR,KK,18:53:00,18:56:00,3.0,REVERSE,79,51,SOURCE
3062,3062,16508,2.0,3,KK,DAPD,18:56:00,18:59:00,3.0,REVERSE,79,50,SOURCE
3061,3061,16508,2.0,4,DAPD,KSWD,18:59:00,19:03:00,4.0,REVERSE,79,49,SOURCE
3060,3060,16508,2.0,5,KSWD,PMP,19:03:00,19:05:00,2.0,REVERSE,79,48,SOURCE
3059,3059,16508,2.0,6,PMP,CCH,19:05:00,19:08:00,3.0,REVERSE,79,47,SOURCE
3058,3058,16508,2.0,7,CCH,AKRD,19:08:00,19:11:00,3.0,REVERSE,79,46,SOURCE
3057,3057,16508,2.0,8,AKRD,DEHR,19:11:00,19:16:00,5.0,REVERSE,79,45,SOURCE
3056,3056,16508,2.0,9,GRWD,TGN,19:23:00,19:27:00,4.0,REVERSE,79,42,SOURCE
3055,3055,16508,2.0,10,TGN,VDN,19:27:00,19:31:00,4.0,REVERSE,79,41,SOURCE
3054,3054,16508,2.0,11,VDN,KNHE,19:31:00,19:37:00,6.0,REVERSE,79,40,SOURCE
3053,3053,16508,2.0,12,KNHE,KMST,19:37:00,19:41:00,4.0,REVERSE,79,39,SOURCE
3052,3052,16508,2.0,13,KMST,MVL,19:41:00,19:51:00,10.0,REVERSE,79,38,SOURCE
3051,3051,16508,2.0,14,MVL,LNL,19:51:00,20:00:00,9.0,REVERSE,79,37,SOURCE
3050,3050,16508,2.0,15,LNL,KAD,19:59:00,20:06:00,7.0,REVERSE,79,36,SOURCE
3049,3049,16508,2.0,16,KAD,PDI,20:06:00,20:43:00,37.0,REVERSE,79,35,SOURCE
3048,3048,16508,2.0,17,PDI,KJT,20:43:00,20:50:00,7.0,REVERSE,79,34,SOURCE
3047,3047,16508,2.0,18,KJT,BVS,20:49:00,20:57:00,8.0,REVERSE,79,33,SOURCE
3046,3046,16508,2.0,19,BVS,NRL,20:57:00,21:04:00,7.0,REVERSE,79,32,SOURCE
3045,3045,16508,2.0,20,NRL,SHLU,21:04:00,21:09:00,5.0,REVERSE,79,31,SOURCE
3044,3044,16508,2.0,21,SHLU,VGI,21:09:00,21:13:00,4.0,REVERSE,79,30,SOURCE
3043,3043,16508,2.0,22,VGI,BUD,21:13:00,21:25:00,12.0,REVERSE,79,29,SOURCE
3042,3042,16508,2.0,23,BUD,ABH,21:25:00,21:33:00,8.0,REVERSE,79,28,SOURCE
3041,3041,16508,2.0,24,ABH,ULNR,21:33:00,21:35:00,2.0,REVERSE,79,27,SOURCE
3040,3040,16508,2.0,25,ULNR,VLDI,21:35:00,21:37:00,2.0,REVERSE,79,26,SOURCE
3039,3039,16508,2.0,26,VLDI,KYN,21:37:00,21:45:00,8.0,REVERSE,79,25,SOURCE
3038,3038,16508,2.0,27,KYN,THK,21:40:00,21:50:00,10.0,REVERSE,79,24,SOURCE
3037,3037,16508,2.0,28,THK,DI,21:50:00,21:52:00,2.0,REVERSE,79,23,SOURCE
3036,3036,16508,2.0,29,DI,KOPR,21:52:00,21:59:00,7.0,REVERSE,79,22,SOURCE
3065,3065,16529,1.0,1,CSMT,MSD,08:05:00,08:06:00,1.0,FORWARD,80,1,SOURCE
3066,3066,16529,1.0,2,MSD,SNRD,08:06:00,08:08:00,2.0,FORWARD,80,2,SOURCE
3067,3067,16529,1.0,3,SNRD,BY,08:08:00,08:11:00,3.0,FORWARD,80,3,SOURCE
3068,3068,16529,1.0,4,CRD,PR,08:13:00,08:16:00,3.0,FORWARD,80,6,SOURCE
3069,3069,16529,1.0,5,PR,DR,08:16:00,08:18:00,2.0,FORWARD,80,7,SOURCE
3070,3070,16529,1.0,6,DR,MTN,08:20:00,08:21:00,1.0,FORWARD,80,8,SOURCE
3071,3071,16529,1.0,7,MTN,SIN,08:21:00,08:23:00,2.0,FORWARD,80,9,SOURCE
3072,3072,16529,1.0,8,SIN,CLA,08:23:00,08:26:00,3.0,FORWARD,80,10,SOURCE
3073,3073,16529,1.0,9,CLA,VVH,08:26:00,08:28:00,2.0,FORWARD,80,11,SOURCE
3074,3074,16529,1.0,10,VVH,GC,08:28:00,08:29:00,1.0,FORWARD,80,12,SOURCE
3075,3075,16529,1.0,11,GC,VK,08:29:00,08:32:00,3.0,FORWARD,80,13,SOURCE
3076,3076,16529,1.0,12,BND,NHU,08:35:00,08:36:00,1.0,FORWARD,80,15,SOURCE
3077,3077,16529,1.0,13,NHU,MLND,08:36:00,08:38:00,2.0,FORWARD,80,16,SOURCE
3078,3078,16529,1.0,14,MLND,TNA,08:38:00,08:40:00,2.0,FORWARD,80,17,SOURCE
3079,3079,16529,1.0,15,TNA,KLVA,08:40:00,08:43:00,3.0,FORWARD,80,18,SOURCE
3080,3080,16529,1.0,16,KLVA,MBQ,08:43:00,08:46:00,3.0,FORWARD,80,19,SOURCE
3081,3081,16529,1.0,17,MBQ,DIVA,08:46:00,08:49:00,3.0,FORWARD,80,20,SOURCE
3082,3082,16529,1.0,18,DIVA,KOPR,08:49:00,08:52:00,3.0,FORWARD,80,21,SOURCE
3083,3083,16529,1.0,19,KOPR,DI,08:52:00,08:53:00,1.0,FORWARD,80,22,SOURCE
3084,3084,16529,1.0,20,DI,THK,08:53:00,08:54:00,1.0,FORWARD,80,23,SOURCE
3085,3085,16529,1.0,21,THK,KYN,08:54:00,08:58:00,4.0,FORWARD,80,24,SOURCE
3086,3086,16529,1.0,22,KYN,VLDI,09:00:00,09:03:00,3.0,FORWARD,80,25,SOURCE
3087,3087,16529,1.0,23,VLDI,ULNR,09:03:00,09:05:00,2.0,FORWARD,80,26,SOURCE
3088,3088,16529,1.0,24,ULNR,ABH,09:05:00,09:08:00,3.0,FORWARD,80,27,SOURCE
3089,3089,16529,1.0,25,ABH,BUD,09:08:00,09:18:00,10.0,FORWARD,80,28,SOURCE
3090,3090,16529,1.0,26,BUD,VGI,09:18:00,09:32:00,14.0,FORWARD,80,29,SOURCE
3091,3091,16529,1.0,27,VGI,SHLU,09:32:00,09:37:00,5.0,FORWARD,80,30,SOURCE
3092,3092,16529,1.0,28,SHLU,NRL,09:37:00,09:42:00,5.0,FORWARD,80,31,SOURCE
3093,3093,16529,1.0,29,NRL,BVS,09:42:00,09:50:00,8.0,FORWARD,80,32,SOURCE
3094,3094,16529,1.0,30,BVS,KJT,09:50:00,09:59:00,9.0,FORWARD,80,33,SOURCE
3095,3095,16529,1.0,31,KJT,PDI,09:59:00,10:03:00,4.0,FORWARD,80,34,SOURCE
3096,3096,16529,1.0,32,PDI,KAD,10:03:00,10:29:00,26.0,FORWARD,80,35,SOURCE
3097,3097,16529,1.0,33,KAD,LNL,10:29:00,10:33:00,4.0,FORWARD,80,36,SOURCE
3098,3098,16529,1.0,34,LNL,MVL,10:35:00,10:42:00,7.0,FORWARD,80,37,SOURCE
3099,3099,16529,1.0,35,MVL,KMST,10:42:00,10:51:00,9.0,FORWARD,80,38,SOURCE
3100,3100,16529,1.0,36,KMST,KNHE,10:51:00,10:56:00,5.0,FORWARD,80,39,SOURCE
3101,3101,16529,1.0,37,KNHE,VDN,10:56:00,11:01:00,5.0,FORWARD,80,40,SOURCE
3102,3102,16529,1.0,38,VDN,TGN,11:01:00,11:05:00,4.0,FORWARD,80,41,SOURCE
3103,3103,16529,1.0,39,TGN,GRWD,11:05:00,11:08:00,3.0,FORWARD,80,42,SOURCE
3104,3104,16529,1.0,40,DEHR,AKRD,11:15:00,11:20:00,5.0,FORWARD,80,45,SOURCE
3105,3105,16529,1.0,41,AKRD,CCH,11:20:00,11:23:00,3.0,FORWARD,80,46,SOURCE
3106,3106,16529,1.0,42,CCH,PMP,11:23:00,11:25:00,2.0,FORWARD,80,47,SOURCE
3107,3107,16529,1.0,43,PMP,KSWD,11:25:00,11:28:00,3.0,FORWARD,80,48,SOURCE
3108,3108,16529,1.0,44,KSWD,DAPD,11:28:00,11:31:00,3.0,FORWARD,80,49,SOURCE
3109,3109,16529,1.0,45,DAPD,KK,11:31:00,11:33:00,2.0,FORWARD,80,50,SOURCE
3110,3110,16529,1.0,46,KK,SVJR,11:33:00,11:37:00,4.0,FORWARD,80,51,SOURCE
3111,3111,16529,1.0,47,SVJR,PUNE,11:37:00,11:40:00,3.0,FORWARD,80,52,SOURCE
3158,3158,16530,2.0,1,PUNE,SVJR,15:50:00,15:58:00,8.0,REVERSE,81,52,SOURCE
3157,3157,16530,2.0,2,SVJR,KK,15:58:00,16:02:00,4.0,REVERSE,81,51,SOURCE
3156,3156,16530,2.0,3,KK,DAPD,16:02:00,16:04:00,2.0,REVERSE,81,50,SOURCE
3155,3155,16530,2.0,4,DAPD,KSWD,16:04:00,16:08:00,4.0,REVERSE,81,49,SOURCE
3154,3154,16530,2.0,5,KSWD,PMP,16:08:00,16:11:00,3.0,REVERSE,81,48,SOURCE
3153,3153,16530,2.0,6,PMP,CCH,16:11:00,16:13:00,2.0,REVERSE,81,47,SOURCE
3152,3152,16530,2.0,7,CCH,AKRD,16:13:00,16:17:00,4.0,REVERSE,81,46,SOURCE
3151,3151,16530,2.0,8,AKRD,DEHR,16:17:00,16:22:00,5.0,REVERSE,81,45,SOURCE
3150,3150,16530,2.0,9,GRWD,TGN,16:29:00,16:33:00,4.0,REVERSE,81,42,SOURCE
3149,3149,16530,2.0,10,TGN,VDN,16:33:00,16:37:00,4.0,REVERSE,81,41,SOURCE
3148,3148,16530,2.0,11,VDN,KNHE,16:37:00,16:43:00,6.0,REVERSE,81,40,SOURCE
3147,3147,16530,2.0,12,KNHE,KMST,16:43:00,16:48:00,5.0,REVERSE,81,39,SOURCE
3146,3146,16530,2.0,13,KMST,MVL,16:48:00,16:57:00,9.0,REVERSE,81,38,SOURCE
3145,3145,16530,2.0,14,MVL,LNL,16:57:00,17:05:00,8.0,REVERSE,81,37,SOURCE
3144,3144,16530,2.0,15,LNL,KAD,17:04:00,17:10:00,6.0,REVERSE,81,36,SOURCE
3143,3143,16530,2.0,16,KAD,PDI,17:10:00,17:36:00,26.0,REVERSE,81,35,SOURCE
3142,3142,16530,2.0,17,PDI,KJT,17:36:00,17:40:00,4.0,REVERSE,81,34,SOURCE
3141,3141,16530,2.0,18,KJT,BVS,17:40:00,17:49:00,9.0,REVERSE,81,33,SOURCE
3140,3140,16530,2.0,19,BVS,NRL,17:49:00,17:57:00,8.0,REVERSE,81,32,SOURCE
3139,3139,16530,2.0,20,NRL,SHLU,17:57:00,18:02:00,5.0,REVERSE,81,31,SOURCE
3138,3138,16530,2.0,21,SHLU,VGI,18:02:00,18:07:00,5.0,REVERSE,81,30,SOURCE
3137,3137,16530,2.0,22,VGI,BUD,18:07:00,18:21:00,14.0,REVERSE,81,29,SOURCE
3136,3136,16530,2.0,23,BUD,ABH,18:21:00,18:31:00,10.0,REVERSE,81,28,SOURCE
3135,3135,16530,2.0,24,ABH,ULNR,18:31:00,18:34:00,3.0,REVERSE,81,27,SOURCE
3134,3134,16530,2.0,25,ULNR,VLDI,18:34:00,18:36:00,2.0,REVERSE,81,26,SOURCE
3133,3133,16530,2.0,26,VLDI,KYN,18:36:00,18:40:00,4.0,REVERSE,81,25,SOURCE
3132,3132,16530,2.0,27,KYN,THK,18:39:00,18:44:00,5.0,REVERSE,81,24,SOURCE
3131,3131,16530,2.0,28,THK,DI,18:44:00,18:45:00,1.0,REVERSE,81,23,SOURCE
3130,3130,16530,2.0,29,DI,KOPR,18:45:00,18:46:00,1.0,REVERSE,81,22,SOURCE
3129,3129,16530,2.0,30,KOPR,DIVA,18:46:00,18:51:00,5.0,REVERSE,81,21,SOURCE
3128,3128,16530,2.0,31,DIVA,MBQ,18:51:00,18:53:00,2.0,REVERSE,81,20,SOURCE
3127,3127,16530,2.0,32,MBQ,KLVA,18:53:00,18:58:00,5.0,REVERSE,81,19,SOURCE
3126,3126,16530,2.0,33,KLVA,TNA,18:58:00,19:00:00,2.0,REVERSE,81,18,SOURCE
3125,3125,16530,2.0,34,TNA,MLND,19:00:00,19:03:00,3.0,REVERSE,81,17,SOURCE
3124,3124,16530,2.0,35,MLND,NHU,19:03:00,19:05:00,2.0,REVERSE,81,16,SOURCE
3123,3123,16530,2.0,36,NHU,BND,19:05:00,19:07:00,2.0,REVERSE,81,15,SOURCE
3122,3122,16530,2.0,37,VK,GC,19:11:00,19:14:00,3.0,REVERSE,81,13,SOURCE
3121,3121,16530,2.0,38,GC,VVH,19:14:00,19:16:00,2.0,REVERSE,81,12,SOURCE
3120,3120,16530,2.0,39,VVH,CLA,19:16:00,19:18:00,2.0,REVERSE,81,11,SOURCE
3119,3119,16530,2.0,40,CLA,SIN,19:18:00,19:21:00,3.0,REVERSE,81,10,SOURCE
3118,3118,16530,2.0,41,SIN,MTN,19:21:00,19:23:00,2.0,REVERSE,81,9,SOURCE
3117,3117,16530,2.0,42,MTN,DR,19:23:00,19:25:00,2.0,REVERSE,81,8,SOURCE
3116,3116,16530,2.0,43,DR,PR,19:24:00,19:28:00,4.0,REVERSE,81,7,SOURCE
3115,3115,16530,2.0,44,PR,CRD,19:28:00,19:33:00,5.0,REVERSE,81,6,SOURCE
3114,3114,16530,2.0,45,BY,SNRD,19:38:00,19:44:00,6.0,REVERSE,81,3,SOURCE
3113,3113,16530,2.0,46,SNRD,MSD,19:44:00,19:47:00,3.0,REVERSE,81,2,SOURCE
3112,3112,16530,2.0,47,MSD,CSMT,19:47:00,19:50:00,3.0,REVERSE,81,1,SOURCE
3159,3159,16531,2.0,1,KOPR,DI,00:29:00,00:40:00,11.0,FORWARD,82,22,SOURCE
3160,3160,16531,2.0,2,DI,THK,00:40:00,00:43:00,3.0,FORWARD,82,23,SOURCE
3161,3161,16531,2.0,3,THK,KYN,00:43:00,01:05:00,22.0,FORWARD,82,24,SOURCE
3162,3162,16531,2.0,4,KYN,VLDI,01:10:00,01:13:00,3.0,FORWARD,82,25,SOURCE
3163,3163,16531,2.0,5,VLDI,ULNR,01:13:00,01:15:00,2.0,FORWARD,82,26,SOURCE
3164,3164,16531,2.0,6,ULNR,ABH,01:15:00,01:18:00,3.0,FORWARD,82,27,SOURCE
3165,3165,16531,2.0,7,ABH,BUD,01:18:00,01:28:00,10.0,FORWARD,82,28,SOURCE
3166,3166,16531,2.0,8,BUD,VGI,01:28:00,01:41:00,13.0,FORWARD,82,29,SOURCE
3167,3167,16531,2.0,9,VGI,SHLU,01:41:00,01:46:00,5.0,FORWARD,82,30,SOURCE
3168,3168,16531,2.0,10,SHLU,NRL,01:46:00,01:51:00,5.0,FORWARD,82,31,SOURCE
3169,3169,16531,2.0,11,NRL,BVS,01:51:00,01:59:00,8.0,FORWARD,82,32,SOURCE
3170,3170,16531,2.0,12,BVS,KJT,01:59:00,02:08:00,9.0,FORWARD,82,33,SOURCE
3171,3171,16531,2.0,13,KJT,PDI,02:10:00,02:15:00,5.0,FORWARD,82,34,SOURCE
3172,3172,16531,2.0,14,PDI,KAD,02:15:00,02:51:00,36.0,FORWARD,82,35,SOURCE
3173,3173,16531,2.0,15,KAD,LNL,02:51:00,02:58:00,7.0,FORWARD,82,36,SOURCE
3174,3174,16531,2.0,16,LNL,MVL,03:00:00,03:08:00,8.0,FORWARD,82,37,SOURCE
3175,3175,16531,2.0,17,MVL,KMST,03:08:00,03:18:00,10.0,FORWARD,82,38,SOURCE
3176,3176,16531,2.0,18,KMST,KNHE,03:18:00,03:23:00,5.0,FORWARD,82,39,SOURCE
3177,3177,16531,2.0,19,KNHE,VDN,03:23:00,03:28:00,5.0,FORWARD,82,40,SOURCE
3178,3178,16531,2.0,20,VDN,TGN,03:28:00,03:33:00,5.0,FORWARD,82,41,SOURCE
3179,3179,16531,2.0,21,TGN,GRWD,03:33:00,03:36:00,3.0,FORWARD,82,42,SOURCE
3180,3180,16531,2.0,22,DEHR,AKRD,03:43:00,03:49:00,6.0,FORWARD,82,45,SOURCE
3181,3181,16531,2.0,23,AKRD,CCH,03:49:00,03:53:00,4.0,FORWARD,82,46,SOURCE
3182,3182,16531,2.0,24,CCH,PMP,03:53:00,03:55:00,2.0,FORWARD,82,47,SOURCE
3183,3183,16531,2.0,25,PMP,KSWD,03:55:00,03:58:00,3.0,FORWARD,82,48,SOURCE
3184,3184,16531,2.0,26,KSWD,DAPD,03:58:00,04:02:00,4.0,FORWARD,82,49,SOURCE
3185,3185,16531,2.0,27,DAPD,KK,04:02:00,04:04:00,2.0,FORWARD,82,50,SOURCE
3186,3186,16531,2.0,28,KK,SVJR,04:04:00,04:08:00,4.0,FORWARD,82,51,SOURCE
3187,3187,16531,2.0,29,SVJR,PUNE,04:08:00,04:10:00,2.0,FORWARD,82,52,SOURCE
3216,3216,16532,2.0,1,PUNE,SVJR,18:40:00,18:53:00,13.0,REVERSE,83,52,SOURCE
3215,3215,16532,2.0,2,SVJR,KK,18:53:00,18:56:00,3.0,REVERSE,83,51,SOURCE
3214,3214,16532,2.0,3,KK,DAPD,18:56:00,18:59:00,3.0,REVERSE,83,50,SOURCE
3213,3213,16532,2.0,4,DAPD,KSWD,18:59:00,19:03:00,4.0,REVERSE,83,49,SOURCE
3212,3212,16532,2.0,5,KSWD,PMP,19:03:00,19:05:00,2.0,REVERSE,83,48,SOURCE
3211,3211,16532,2.0,6,PMP,CCH,19:05:00,19:08:00,3.0,REVERSE,83,47,SOURCE
3210,3210,16532,2.0,7,CCH,AKRD,19:08:00,19:11:00,3.0,REVERSE,83,46,SOURCE
3209,3209,16532,2.0,8,AKRD,DEHR,19:11:00,19:16:00,5.0,REVERSE,83,45,SOURCE
3208,3208,16532,2.0,9,GRWD,TGN,19:23:00,19:27:00,4.0,REVERSE,83,42,SOURCE
3207,3207,16532,2.0,10,TGN,VDN,19:27:00,19:31:00,4.0,REVERSE,83,41,SOURCE
3206,3206,16532,2.0,11,VDN,KNHE,19:31:00,19:36:00,5.0,REVERSE,83,40,SOURCE
3205,3205,16532,2.0,12,KNHE,KMST,19:36:00,19:41:00,5.0,REVERSE,83,39,SOURCE
3204,3204,16532,2.0,13,KMST,MVL,19:41:00,19:51:00,10.0,REVERSE,83,38,SOURCE
3203,3203,16532,2.0,14,MVL,LNL,19:51:00,20:00:00,9.0,REVERSE,83,37,SOURCE
3202,3202,16532,2.0,15,LNL,KAD,19:58:00,20:05:00,7.0,REVERSE,83,36,SOURCE
3201,3201,16532,2.0,16,KAD,PDI,20:05:00,20:34:00,29.0,REVERSE,83,35,SOURCE
3200,3200,16532,2.0,17,PDI,KJT,20:34:00,20:38:00,4.0,REVERSE,83,34,SOURCE
3199,3199,16532,2.0,18,KJT,BVS,20:38:00,20:47:00,9.0,REVERSE,83,33,SOURCE
3198,3198,16532,2.0,19,BVS,NRL,20:47:00,20:56:00,9.0,REVERSE,83,32,SOURCE
3197,3197,16532,2.0,20,NRL,SHLU,20:56:00,21:02:00,6.0,REVERSE,83,31,SOURCE
3196,3196,16532,2.0,21,SHLU,VGI,21:02:00,21:07:00,5.0,REVERSE,83,30,SOURCE
3195,3195,16532,2.0,22,VGI,BUD,21:07:00,21:22:00,15.0,REVERSE,83,29,SOURCE
3194,3194,16532,2.0,23,BUD,ABH,21:22:00,21:32:00,10.0,REVERSE,83,28,SOURCE
3193,3193,16532,2.0,24,ABH,ULNR,21:32:00,21:36:00,4.0,REVERSE,83,27,SOURCE
3192,3192,16532,2.0,25,ULNR,VLDI,21:36:00,21:38:00,2.0,REVERSE,83,26,SOURCE
3191,3191,16532,2.0,26,VLDI,KYN,21:38:00,21:45:00,7.0,REVERSE,83,25,SOURCE
3190,3190,16532,2.0,27,KYN,THK,21:40:00,21:50:00,10.0,REVERSE,83,24,SOURCE
3189,3189,16532,2.0,28,THK,DI,21:50:00,21:52:00,2.0,REVERSE,83,23,SOURCE
3188,3188,16532,2.0,29,DI,KOPR,21:52:00,21:59:00,7.0,REVERSE,83,22,SOURCE
3217,3217,16533,2.0,1,KOPR,DI,00:40:00,00:47:00,7.0,FORWARD,84,22,SOURCE
3218,3218,16533,2.0,2,DI,THK,00:47:00,00:50:00,3.0,FORWARD,84,23,SOURCE
3219,3219,16533,2.0,3,THK,KYN,00:50:00,01:05:00,15.0,FORWARD,84,24,SOURCE
3220,3220,16533,2.0,4,KYN,VLDI,01:10:00,01:13:00,3.0,FORWARD,84,25,SOURCE
3221,3221,16533,2.0,5,VLDI,ULNR,01:13:00,01:16:00,3.0,FORWARD,84,26,SOURCE
3222,3222,16533,2.0,6,ULNR,ABH,01:16:00,01:20:00,4.0,FORWARD,84,27,SOURCE
3223,3223,16533,2.0,7,ABH,BUD,01:20:00,01:31:00,11.0,FORWARD,84,28,SOURCE
3224,3224,16533,2.0,8,BUD,VGI,01:31:00,01:47:00,16.0,FORWARD,84,29,SOURCE
3225,3225,16533,2.0,9,VGI,SHLU,01:47:00,01:52:00,5.0,FORWARD,84,30,SOURCE
3226,3226,16533,2.0,10,SHLU,NRL,01:52:00,01:58:00,6.0,FORWARD,84,31,SOURCE
3227,3227,16533,2.0,11,NRL,BVS,01:58:00,02:08:00,10.0,FORWARD,84,32,SOURCE
3228,3228,16533,2.0,12,BVS,KJT,02:08:00,02:18:00,10.0,FORWARD,84,33,SOURCE
3229,3229,16533,2.0,13,KJT,PDI,02:18:00,02:22:00,4.0,FORWARD,84,34,SOURCE
3230,3230,16533,2.0,14,PDI,KAD,02:22:00,02:53:00,31.0,FORWARD,84,35,SOURCE
3231,3231,16533,2.0,15,KAD,LNL,02:53:00,02:58:00,5.0,FORWARD,84,36,SOURCE
3232,3232,16533,2.0,16,LNL,MVL,03:00:00,03:08:00,8.0,FORWARD,84,37,SOURCE
3233,3233,16533,2.0,17,MVL,KMST,03:08:00,03:18:00,10.0,FORWARD,84,38,SOURCE
3234,3234,16533,2.0,18,KMST,KNHE,03:18:00,03:23:00,5.0,FORWARD,84,39,SOURCE
3235,3235,16533,2.0,19,KNHE,VDN,03:23:00,03:28:00,5.0,FORWARD,84,40,SOURCE
3236,3236,16533,2.0,20,VDN,TGN,03:28:00,03:33:00,5.0,FORWARD,84,41,SOURCE
3237,3237,16533,2.0,21,TGN,GRWD,03:33:00,03:36:00,3.0,FORWARD,84,42,SOURCE
3238,3238,16533,2.0,22,DEHR,AKRD,03:43:00,03:49:00,6.0,FORWARD,84,45,SOURCE
3239,3239,16533,2.0,23,AKRD,CCH,03:49:00,03:52:00,3.0,FORWARD,84,46,SOURCE
3240,3240,16533,2.0,24,CCH,PMP,03:52:00,03:55:00,3.0,FORWARD,84,47,SOURCE
3241,3241,16533,2.0,25,PMP,KSWD,03:55:00,03:57:00,2.0,FORWARD,84,48,SOURCE
3242,3242,16533,2.0,26,KSWD,DAPD,03:57:00,04:01:00,4.0,FORWARD,84,49,SOURCE
3243,3243,16533,2.0,27,DAPD,KK,04:01:00,04:04:00,3.0,FORWARD,84,50,SOURCE
3244,3244,16533,2.0,28,KK,SVJR,04:04:00,04:08:00,4.0,FORWARD,84,51,SOURCE
3245,3245,16533,2.0,29,SVJR,PUNE,04:08:00,04:10:00,2.0,FORWARD,84,52,SOURCE
3274,3274,16534,2.0,1,PUNE,SVJR,18:40:00,18:53:00,13.0,REVERSE,85,52,SOURCE
3273,3273,16534,2.0,2,SVJR,KK,18:53:00,18:57:00,4.0,REVERSE,85,51,SOURCE
3272,3272,16534,2.0,3,KK,DAPD,18:57:00,18:59:00,2.0,REVERSE,85,50,SOURCE
3271,3271,16534,2.0,4,DAPD,KSWD,18:59:00,19:03:00,4.0,REVERSE,85,49,SOURCE
3270,3270,16534,2.0,5,KSWD,PMP,19:03:00,19:05:00,2.0,REVERSE,85,48,SOURCE
3269,3269,16534,2.0,6,PMP,CCH,19:05:00,19:08:00,3.0,REVERSE,85,47,SOURCE
3268,3268,16534,2.0,7,CCH,AKRD,19:08:00,19:11:00,3.0,REVERSE,85,46,SOURCE
3267,3267,16534,2.0,8,AKRD,DEHR,19:11:00,19:17:00,6.0,REVERSE,85,45,SOURCE
3266,3266,16534,2.0,9,GRWD,TGN,19:24:00,19:27:00,3.0,REVERSE,85,42,SOURCE
3265,3265,16534,2.0,10,TGN,VDN,19:27:00,19:31:00,4.0,REVERSE,85,41,SOURCE
3264,3264,16534,2.0,11,VDN,KNHE,19:31:00,19:37:00,6.0,REVERSE,85,40,SOURCE
3263,3263,16534,2.0,12,KNHE,KMST,19:37:00,19:42:00,5.0,REVERSE,85,39,SOURCE
3262,3262,16534,2.0,13,KMST,MVL,19:42:00,19:51:00,9.0,REVERSE,85,38,SOURCE
3261,3261,16534,2.0,14,MVL,LNL,19:51:00,20:00:00,9.0,REVERSE,85,37,SOURCE
3260,3260,16534,2.0,15,LNL,KAD,19:59:00,20:05:00,6.0,REVERSE,85,36,SOURCE
3259,3259,16534,2.0,16,KAD,PDI,20:05:00,20:34:00,29.0,REVERSE,85,35,SOURCE
3258,3258,16534,2.0,17,PDI,KJT,20:34:00,20:38:00,4.0,REVERSE,85,34,SOURCE
3257,3257,16534,2.0,18,KJT,BVS,20:38:00,20:47:00,9.0,REVERSE,85,33,SOURCE
3256,3256,16534,2.0,19,BVS,NRL,20:47:00,20:56:00,9.0,REVERSE,85,32,SOURCE
3255,3255,16534,2.0,20,NRL,SHLU,20:56:00,21:02:00,6.0,REVERSE,85,31,SOURCE
3254,3254,16534,2.0,21,SHLU,VGI,21:02:00,21:07:00,5.0,REVERSE,85,30,SOURCE
3253,3253,16534,2.0,22,VGI,BUD,21:07:00,21:22:00,15.0,REVERSE,85,29,SOURCE
3252,3252,16534,2.0,23,BUD,ABH,21:22:00,21:32:00,10.0,REVERSE,85,28,SOURCE
3251,3251,16534,2.0,24,ABH,ULNR,21:32:00,21:36:00,4.0,REVERSE,85,27,SOURCE
3250,3250,16534,2.0,25,ULNR,VLDI,21:36:00,21:38:00,2.0,REVERSE,85,26,SOURCE
3249,3249,16534,2.0,26,VLDI,KYN,21:38:00,21:45:00,7.0,REVERSE,85,25,SOURCE
3248,3248,16534,2.0,27,KYN,THK,21:40:00,21:50:00,10.0,REVERSE,85,24,SOURCE
3247,3247,16534,2.0,28,THK,DI,21:50:00,21:53:00,3.0,REVERSE,85,23,SOURCE
3246,3246,16534,2.0,29,DI,KOPR,21:53:00,22:00:00,7.0,REVERSE,85,22,SOURCE
3275,3275,16613,1.0,1,KOPR,DI,19:09:00,19:19:00,10.0,FORWARD,86,22,SOURCE
3276,3276,16613,1.0,2,DI,THK,19:19:00,19:21:00,2.0,FORWARD,86,23,SOURCE
3277,3277,16613,1.0,3,THK,KYN,19:21:00,19:40:00,19.0,FORWARD,86,24,SOURCE
3278,3278,16613,1.0,4,KYN,VLDI,19:45:00,19:47:00,2.0,FORWARD,86,25,SOURCE
3279,3279,16613,1.0,5,VLDI,ULNR,19:47:00,19:49:00,2.0,FORWARD,86,26,SOURCE
3280,3280,16613,1.0,6,ULNR,ABH,19:49:00,19:51:00,2.0,FORWARD,86,27,SOURCE
3281,3281,16613,1.0,7,ABH,BUD,19:51:00,19:58:00,7.0,FORWARD,86,28,SOURCE
3282,3282,16613,1.0,8,BUD,VGI,19:58:00,20:08:00,10.0,FORWARD,86,29,SOURCE
3283,3283,16613,1.0,9,VGI,SHLU,20:08:00,20:12:00,4.0,FORWARD,86,30,SOURCE
3284,3284,16613,1.0,10,SHLU,NRL,20:12:00,20:16:00,4.0,FORWARD,86,31,SOURCE
3285,3285,16613,1.0,11,NRL,BVS,20:16:00,20:22:00,6.0,FORWARD,86,32,SOURCE
3286,3286,16613,1.0,12,BVS,KJT,20:22:00,20:28:00,6.0,FORWARD,86,33,SOURCE
3287,3287,16613,1.0,13,KJT,PDI,20:30:00,20:35:00,5.0,FORWARD,86,34,SOURCE
3288,3288,16613,1.0,14,PDI,KAD,20:35:00,21:11:00,36.0,FORWARD,86,35,SOURCE
3289,3289,16613,1.0,15,KAD,LNL,21:11:00,21:18:00,7.0,FORWARD,86,36,SOURCE
3290,3290,16613,1.0,16,LNL,MVL,21:20:00,21:27:00,7.0,FORWARD,86,37,SOURCE
3291,3291,16613,1.0,17,MVL,KMST,21:27:00,21:36:00,9.0,FORWARD,86,38,SOURCE
3292,3292,16613,1.0,18,KMST,KNHE,21:36:00,21:41:00,5.0,FORWARD,86,39,SOURCE
3293,3293,16613,1.0,19,KNHE,VDN,21:41:00,21:46:00,5.0,FORWARD,86,40,SOURCE
3294,3294,16613,1.0,20,VDN,TGN,21:46:00,21:50:00,4.0,FORWARD,86,41,SOURCE
3295,3295,16613,1.0,21,TGN,GRWD,21:50:00,21:53:00,3.0,FORWARD,86,42,SOURCE
3296,3296,16613,1.0,22,DEHR,AKRD,22:00:00,22:05:00,5.0,FORWARD,86,45,SOURCE
3297,3297,16613,1.0,23,AKRD,CCH,22:05:00,22:08:00,3.0,FORWARD,86,46,SOURCE
3298,3298,16613,1.0,24,CCH,PMP,22:08:00,22:11:00,3.0,FORWARD,86,47,SOURCE
3299,3299,16613,1.0,25,PMP,KSWD,22:11:00,22:13:00,2.0,FORWARD,86,48,SOURCE
3300,3300,16613,1.0,26,KSWD,DAPD,22:13:00,22:17:00,4.0,FORWARD,86,49,SOURCE
3301,3301,16613,1.0,27,DAPD,KK,22:17:00,22:19:00,2.0,FORWARD,86,50,SOURCE
3302,3302,16613,1.0,28,KK,SVJR,22:19:00,22:23:00,4.0,FORWARD,86,51,SOURCE
3303,3303,16613,1.0,29,SVJR,PUNE,22:23:00,22:25:00,2.0,FORWARD,86,52,SOURCE
3332,3332,16614,3.0,1,PUNE,SVJR,02:00:00,02:08:00,8.0,REVERSE,87,52,SOURCE
3331,3331,16614,3.0,2,SVJR,KK,02:08:00,02:12:00,4.0,REVERSE,87,51,SOURCE
3330,3330,16614,3.0,3,KK,DAPD,02:12:00,02:14:00,2.0,REVERSE,87,50,SOURCE
3329,3329,16614,3.0,4,DAPD,KSWD,02:14:00,02:18:00,4.0,REVERSE,87,49,SOURCE
3328,3328,16614,3.0,5,KSWD,PMP,02:18:00,02:20:00,2.0,REVERSE,87,48,SOURCE
3327,3327,16614,3.0,6,PMP,CCH,02:20:00,02:23:00,3.0,REVERSE,87,47,SOURCE
3326,3326,16614,3.0,7,CCH,AKRD,02:23:00,02:26:00,3.0,REVERSE,87,46,SOURCE
3325,3325,16614,3.0,8,AKRD,DEHR,02:26:00,02:32:00,6.0,REVERSE,87,45,SOURCE
3324,3324,16614,3.0,9,GRWD,TGN,02:39:00,02:42:00,3.0,REVERSE,87,42,SOURCE
3323,3323,16614,3.0,10,TGN,VDN,02:42:00,02:46:00,4.0,REVERSE,87,41,SOURCE
3322,3322,16614,3.0,11,VDN,KNHE,02:46:00,02:52:00,6.0,REVERSE,87,40,SOURCE
3321,3321,16614,3.0,12,KNHE,KMST,02:52:00,02:57:00,5.0,REVERSE,87,39,SOURCE
3320,3320,16614,3.0,13,KMST,MVL,02:57:00,03:06:00,9.0,REVERSE,87,38,SOURCE
3319,3319,16614,3.0,14,MVL,LNL,03:06:00,03:15:00,9.0,REVERSE,87,37,SOURCE
3318,3318,16614,3.0,15,LNL,KAD,03:14:00,03:21:00,7.0,REVERSE,87,36,SOURCE
3317,3317,16614,3.0,16,KAD,PDI,03:21:00,03:54:00,33.0,REVERSE,87,35,SOURCE
3316,3316,16614,3.0,17,PDI,KJT,03:54:00,04:00:00,6.0,REVERSE,87,34,SOURCE
3315,3315,16614,3.0,18,KJT,BVS,03:59:00,04:07:00,8.0,REVERSE,87,33,SOURCE
3314,3314,16614,3.0,19,BVS,NRL,04:07:00,04:13:00,6.0,REVERSE,87,32,SOURCE
3313,3313,16614,3.0,20,NRL,SHLU,04:13:00,04:17:00,4.0,REVERSE,87,31,SOURCE
3312,3312,16614,3.0,21,SHLU,VGI,04:17:00,04:21:00,4.0,REVERSE,87,30,SOURCE
3311,3311,16614,3.0,22,VGI,BUD,04:21:00,04:31:00,10.0,REVERSE,87,29,SOURCE
3310,3310,16614,3.0,23,BUD,ABH,04:31:00,04:39:00,8.0,REVERSE,87,28,SOURCE
3309,3309,16614,3.0,24,ABH,ULNR,04:39:00,04:41:00,2.0,REVERSE,87,27,SOURCE
3308,3308,16614,3.0,25,ULNR,VLDI,04:41:00,04:43:00,2.0,REVERSE,87,26,SOURCE
3307,3307,16614,3.0,26,VLDI,KYN,04:43:00,04:50:00,7.0,REVERSE,87,25,SOURCE
3306,3306,16614,3.0,27,KYN,THK,04:45:00,04:54:00,9.0,REVERSE,87,24,SOURCE
3305,3305,16614,3.0,28,THK,DI,04:54:00,04:56:00,2.0,REVERSE,87,23,SOURCE
3304,3304,16614,3.0,29,DI,KOPR,04:56:00,05:02:00,6.0,REVERSE,87,22,SOURCE
3333,3333,17017,1.0,1,KOPR,DI,19:09:00,19:19:00,10.0,FORWARD,88,22,SOURCE
3334,3334,17017,1.0,2,DI,THK,19:19:00,19:21:00,2.0,FORWARD,88,23,SOURCE
3335,3335,17017,1.0,3,THK,KYN,19:21:00,19:40:00,19.0,FORWARD,88,24,SOURCE
3336,3336,17017,1.0,4,KYN,VLDI,19:45:00,19:47:00,2.0,FORWARD,88,25,SOURCE
3337,3337,17017,1.0,5,VLDI,ULNR,19:47:00,19:49:00,2.0,FORWARD,88,26,SOURCE
3338,3338,17017,1.0,6,ULNR,ABH,19:49:00,19:51:00,2.0,FORWARD,88,27,SOURCE
3339,3339,17017,1.0,7,ABH,BUD,19:51:00,19:58:00,7.0,FORWARD,88,28,SOURCE
3340,3340,17017,1.0,8,BUD,VGI,19:58:00,20:08:00,10.0,FORWARD,88,29,SOURCE
3341,3341,17017,1.0,9,VGI,SHLU,20:08:00,20:12:00,4.0,FORWARD,88,30,SOURCE
3342,3342,17017,1.0,10,SHLU,NRL,20:12:00,20:16:00,4.0,FORWARD,88,31,SOURCE
3343,3343,17017,1.0,11,NRL,BVS,20:16:00,20:22:00,6.0,FORWARD,88,32,SOURCE
3344,3344,17017,1.0,12,BVS,KJT,20:22:00,20:28:00,6.0,FORWARD,88,33,SOURCE
3345,3345,17017,1.0,13,KJT,PDI,20:30:00,20:35:00,5.0,FORWARD,88,34,SOURCE
3346,3346,17017,1.0,14,PDI,KAD,20:35:00,21:11:00,36.0,FORWARD,88,35,SOURCE
3347,3347,17017,1.0,15,KAD,LNL,21:11:00,21:18:00,7.0,FORWARD,88,36,SOURCE
3348,3348,17017,1.0,16,LNL,MVL,21:20:00,21:27:00,7.0,FORWARD,88,37,SOURCE
3349,3349,17017,1.0,17,MVL,KMST,21:27:00,21:36:00,9.0,FORWARD,88,38,SOURCE
3350,3350,17017,1.0,18,KMST,KNHE,21:36:00,21:41:00,5.0,FORWARD,88,39,SOURCE
3351,3351,17017,1.0,19,KNHE,VDN,21:41:00,21:46:00,5.0,FORWARD,88,40,SOURCE
3352,3352,17017,1.0,20,VDN,TGN,21:46:00,21:50:00,4.0,FORWARD,88,41,SOURCE
3353,3353,17017,1.0,21,TGN,GRWD,21:50:00,21:53:00,3.0,FORWARD,88,42,SOURCE
3354,3354,17017,1.0,22,DEHR,AKRD,22:00:00,22:05:00,5.0,FORWARD,88,45,SOURCE
3355,3355,17017,1.0,23,AKRD,CCH,22:05:00,22:08:00,3.0,FORWARD,88,46,SOURCE
3356,3356,17017,1.0,24,CCH,PMP,22:08:00,22:11:00,3.0,FORWARD,88,47,SOURCE
3357,3357,17017,1.0,25,PMP,KSWD,22:11:00,22:13:00,2.0,FORWARD,88,48,SOURCE
3358,3358,17017,1.0,26,KSWD,DAPD,22:13:00,22:17:00,4.0,FORWARD,88,49,SOURCE
3359,3359,17017,1.0,27,DAPD,KK,22:17:00,22:19:00,2.0,FORWARD,88,50,SOURCE
3360,3360,17017,1.0,28,KK,SVJR,22:19:00,22:23:00,4.0,FORWARD,88,51,SOURCE
3361,3361,17017,1.0,29,SVJR,PUNE,22:23:00,22:25:00,2.0,FORWARD,88,52,SOURCE
3390,3390,17018,2.0,1,PUNE,SVJR,02:00:00,02:08:00,8.0,REVERSE,89,52,SOURCE
3389,3389,17018,2.0,2,SVJR,KK,02:08:00,02:11:00,3.0,REVERSE,89,51,SOURCE
3388,3388,17018,2.0,3,KK,DAPD,02:11:00,02:14:00,3.0,REVERSE,89,50,SOURCE
3387,3387,17018,2.0,4,DAPD,KSWD,02:14:00,02:18:00,4.0,REVERSE,89,49,SOURCE
3386,3386,17018,2.0,5,KSWD,PMP,02:18:00,02:20:00,2.0,REVERSE,89,48,SOURCE
3385,3385,17018,2.0,6,PMP,CCH,02:20:00,02:23:00,3.0,REVERSE,89,47,SOURCE
3384,3384,17018,2.0,7,CCH,AKRD,02:23:00,02:26:00,3.0,REVERSE,89,46,SOURCE
3383,3383,17018,2.0,8,AKRD,DEHR,02:26:00,02:31:00,5.0,REVERSE,89,45,SOURCE
3382,3382,17018,2.0,9,GRWD,TGN,02:38:00,02:42:00,4.0,REVERSE,89,42,SOURCE
3381,3381,17018,2.0,10,TGN,VDN,02:42:00,02:46:00,4.0,REVERSE,89,41,SOURCE
3380,3380,17018,2.0,11,VDN,KNHE,02:46:00,02:51:00,5.0,REVERSE,89,40,SOURCE
3379,3379,17018,2.0,12,KNHE,KMST,02:51:00,02:56:00,5.0,REVERSE,89,39,SOURCE
3378,3378,17018,2.0,13,KMST,MVL,02:56:00,03:06:00,10.0,REVERSE,89,38,SOURCE
3377,3377,17018,2.0,14,MVL,LNL,03:06:00,03:15:00,9.0,REVERSE,89,37,SOURCE
3376,3376,17018,2.0,15,LNL,KAD,03:13:00,03:21:00,8.0,REVERSE,89,36,SOURCE
3375,3375,17018,2.0,16,KAD,PDI,03:21:00,03:53:00,32.0,REVERSE,89,35,SOURCE
3374,3374,17018,2.0,17,PDI,KJT,03:53:00,04:00:00,7.0,REVERSE,89,34,SOURCE
3373,3373,17018,2.0,18,KJT,BVS,03:58:00,04:07:00,9.0,REVERSE,89,33,SOURCE
3372,3372,17018,2.0,19,BVS,NRL,04:07:00,04:14:00,7.0,REVERSE,89,32,SOURCE
3371,3371,17018,2.0,20,NRL,SHLU,04:14:00,04:19:00,5.0,REVERSE,89,31,SOURCE
3370,3370,17018,2.0,21,SHLU,VGI,04:19:00,04:23:00,4.0,REVERSE,89,30,SOURCE
3369,3369,17018,2.0,22,VGI,BUD,04:23:00,04:34:00,11.0,REVERSE,89,29,SOURCE
3368,3368,17018,2.0,23,BUD,ABH,04:34:00,04:42:00,8.0,REVERSE,89,28,SOURCE
3367,3367,17018,2.0,24,ABH,ULNR,04:42:00,04:45:00,3.0,REVERSE,89,27,SOURCE
3366,3366,17018,2.0,25,ULNR,VLDI,04:45:00,04:47:00,2.0,REVERSE,89,26,SOURCE
3365,3365,17018,2.0,26,VLDI,KYN,04:47:00,04:50:00,3.0,REVERSE,89,25,SOURCE
3364,3364,17018,2.0,27,KYN,THK,04:48:00,04:54:00,6.0,REVERSE,89,24,SOURCE
3363,3363,17018,2.0,28,THK,DI,04:54:00,04:56:00,2.0,REVERSE,89,23,SOURCE
3362,3362,17018,2.0,29,DI,KOPR,04:56:00,05:01:00,5.0,REVERSE,89,22,SOURCE
3391,3391,17031,1.0,1,CSMT,MSD,12:45:00,12:46:00,1.0,FORWARD,90,1,SOURCE
3392,3392,17031,1.0,2,MSD,SNRD,12:46:00,12:48:00,2.0,FORWARD,90,2,SOURCE
3393,3393,17031,1.0,3,SNRD,BY,12:48:00,12:51:00,3.0,FORWARD,90,3,SOURCE
3394,3394,17031,1.0,4,CRD,PR,12:53:00,12:56:00,3.0,FORWARD,90,6,SOURCE
3395,3395,17031,1.0,5,PR,DR,12:56:00,12:58:00,2.0,FORWARD,90,7,SOURCE
3396,3396,17031,1.0,6,DR,MTN,13:00:00,13:01:00,1.0,FORWARD,90,8,SOURCE
3397,3397,17031,1.0,7,MTN,SIN,13:01:00,13:04:00,3.0,FORWARD,90,9,SOURCE
3398,3398,17031,1.0,8,SIN,CLA,13:04:00,13:06:00,2.0,FORWARD,90,10,SOURCE
3399,3399,17031,1.0,9,CLA,VVH,13:06:00,13:08:00,2.0,FORWARD,90,11,SOURCE
3400,3400,17031,1.0,10,VVH,GC,13:08:00,13:09:00,1.0,FORWARD,90,12,SOURCE
3401,3401,17031,1.0,11,GC,VK,13:09:00,13:13:00,4.0,FORWARD,90,13,SOURCE
3402,3402,17031,1.0,12,BND,NHU,13:16:00,13:18:00,2.0,FORWARD,90,15,SOURCE
3403,3403,17031,1.0,13,NHU,MLND,13:18:00,13:19:00,1.0,FORWARD,90,16,SOURCE
3404,3404,17031,1.0,14,MLND,TNA,13:19:00,13:22:00,3.0,FORWARD,90,17,SOURCE
3405,3405,17031,1.0,15,TNA,KLVA,13:22:00,13:24:00,2.0,FORWARD,90,18,SOURCE
3406,3406,17031,1.0,16,KLVA,MBQ,13:24:00,13:28:00,4.0,FORWARD,90,19,SOURCE
3407,3407,17031,1.0,17,MBQ,DIVA,13:28:00,13:30:00,2.0,FORWARD,90,20,SOURCE
3408,3408,17031,1.0,18,DIVA,KOPR,13:30:00,13:34:00,4.0,FORWARD,90,21,SOURCE
3409,3409,17031,1.0,19,KOPR,DI,13:34:00,13:35:00,1.0,FORWARD,90,22,SOURCE
3410,3410,17031,1.0,20,DI,THK,13:35:00,13:37:00,2.0,FORWARD,90,23,SOURCE
3411,3411,17031,1.0,21,THK,KYN,13:37:00,13:40:00,3.0,FORWARD,90,24,SOURCE
3412,3412,17031,1.0,22,KYN,VLDI,13:45:00,13:47:00,2.0,FORWARD,90,25,SOURCE
3413,3413,17031,1.0,23,VLDI,ULNR,13:47:00,13:49:00,2.0,FORWARD,90,26,SOURCE
3414,3414,17031,1.0,24,ULNR,ABH,13:49:00,13:51:00,2.0,FORWARD,90,27,SOURCE
3415,3415,17031,1.0,25,ABH,BUD,13:51:00,13:57:00,6.0,FORWARD,90,28,SOURCE
3416,3416,17031,1.0,26,BUD,VGI,13:57:00,14:06:00,9.0,FORWARD,90,29,SOURCE
3417,3417,17031,1.0,27,VGI,SHLU,14:06:00,14:09:00,3.0,FORWARD,90,30,SOURCE
3418,3418,17031,1.0,28,SHLU,NRL,14:09:00,14:13:00,4.0,FORWARD,90,31,SOURCE
3419,3419,17031,1.0,29,NRL,BVS,14:13:00,14:18:00,5.0,FORWARD,90,32,SOURCE
3420,3420,17031,1.0,30,BVS,KJT,14:18:00,14:23:00,5.0,FORWARD,90,33,SOURCE
3421,3421,17031,1.0,31,KJT,PDI,14:25:00,14:30:00,5.0,FORWARD,90,34,SOURCE
3422,3422,17031,1.0,32,PDI,KAD,14:30:00,15:06:00,36.0,FORWARD,90,35,SOURCE
3423,3423,17031,1.0,33,KAD,LNL,15:06:00,15:13:00,7.0,FORWARD,90,36,SOURCE
3424,3424,17031,1.0,34,LNL,MVL,15:15:00,15:23:00,8.0,FORWARD,90,37,SOURCE
3425,3425,17031,1.0,35,MVL,KMST,15:23:00,15:34:00,11.0,FORWARD,90,38,SOURCE
3426,3426,17031,1.0,36,KMST,KNHE,15:34:00,15:39:00,5.0,FORWARD,90,39,SOURCE
3427,3427,17031,1.0,37,KNHE,VDN,15:39:00,15:45:00,6.0,FORWARD,90,40,SOURCE
3428,3428,17031,1.0,38,VDN,TGN,15:45:00,15:50:00,5.0,FORWARD,90,41,SOURCE
3429,3429,17031,1.0,39,TGN,GRWD,15:50:00,15:53:00,3.0,FORWARD,90,42,SOURCE
3430,3430,17031,1.0,40,DEHR,AKRD,16:01:00,16:07:00,6.0,FORWARD,90,45,SOURCE
3431,3431,17031,1.0,41,AKRD,CCH,16:07:00,16:11:00,4.0,FORWARD,90,46,SOURCE
3432,3432,17031,1.0,42,CCH,PMP,16:11:00,16:14:00,3.0,FORWARD,90,47,SOURCE
3433,3433,17031,1.0,43,PMP,KSWD,16:14:00,16:16:00,2.0,FORWARD,90,48,SOURCE
3434,3434,17031,1.0,44,KSWD,DAPD,16:16:00,16:21:00,5.0,FORWARD,90,49,SOURCE
3435,3435,17031,1.0,45,DAPD,KK,16:21:00,16:23:00,2.0,FORWARD,90,50,SOURCE
3436,3436,17031,1.0,46,KK,SVJR,16:23:00,16:27:00,4.0,FORWARD,90,51,SOURCE
3437,3437,17031,1.0,47,SVJR,PUNE,16:27:00,16:30:00,3.0,FORWARD,90,52,SOURCE
3484,3484,17032,2.0,1,PUNE,SVJR,09:05:00,09:12:00,7.0,REVERSE,91,52,SOURCE
3483,3483,17032,2.0,2,SVJR,KK,09:12:00,09:16:00,4.0,REVERSE,91,51,SOURCE
3482,3482,17032,2.0,3,KK,DAPD,09:16:00,09:18:00,2.0,REVERSE,91,50,SOURCE
3481,3481,17032,2.0,4,DAPD,KSWD,09:18:00,09:22:00,4.0,REVERSE,91,49,SOURCE
3480,3480,17032,2.0,5,KSWD,PMP,09:22:00,09:24:00,2.0,REVERSE,91,48,SOURCE
3479,3479,17032,2.0,6,PMP,CCH,09:24:00,09:26:00,2.0,REVERSE,91,47,SOURCE
3478,3478,17032,2.0,7,CCH,AKRD,09:26:00,09:30:00,4.0,REVERSE,91,46,SOURCE
3477,3477,17032,2.0,8,AKRD,DEHR,09:30:00,09:34:00,4.0,REVERSE,91,45,SOURCE
3476,3476,17032,2.0,9,GRWD,TGN,09:41:00,09:44:00,3.0,REVERSE,91,42,SOURCE
3475,3475,17032,2.0,10,TGN,VDN,09:44:00,09:48:00,4.0,REVERSE,91,41,SOURCE
3474,3474,17032,2.0,11,VDN,KNHE,09:48:00,09:53:00,5.0,REVERSE,91,40,SOURCE
3473,3473,17032,2.0,12,KNHE,KMST,09:53:00,09:58:00,5.0,REVERSE,91,39,SOURCE
3472,3472,17032,2.0,13,KMST,MVL,09:58:00,10:06:00,8.0,REVERSE,91,38,SOURCE
3471,3471,17032,2.0,14,MVL,LNL,10:06:00,10:15:00,9.0,REVERSE,91,37,SOURCE
3470,3470,17032,2.0,15,LNL,KAD,10:14:00,10:21:00,7.0,REVERSE,91,36,SOURCE
3469,3469,17032,2.0,16,KAD,PDI,10:21:00,10:58:00,37.0,REVERSE,91,35,SOURCE
3468,3468,17032,2.0,17,PDI,KJT,10:58:00,11:05:00,7.0,REVERSE,91,34,SOURCE
3467,3467,17032,2.0,18,KJT,BVS,11:04:00,11:12:00,8.0,REVERSE,91,33,SOURCE
3466,3466,17032,2.0,19,BVS,NRL,11:12:00,11:19:00,7.0,REVERSE,91,32,SOURCE
3465,3465,17032,2.0,20,NRL,SHLU,11:19:00,11:23:00,4.0,REVERSE,91,31,SOURCE
3464,3464,17032,2.0,21,SHLU,VGI,11:23:00,11:27:00,4.0,REVERSE,91,30,SOURCE
3463,3463,17032,2.0,22,VGI,BUD,11:27:00,11:38:00,11.0,REVERSE,91,29,SOURCE
3462,3462,17032,2.0,23,BUD,ABH,11:38:00,11:46:00,8.0,REVERSE,91,28,SOURCE
3461,3461,17032,2.0,24,ABH,ULNR,11:46:00,11:49:00,3.0,REVERSE,91,27,SOURCE
3460,3460,17032,2.0,25,ULNR,VLDI,11:49:00,11:50:00,1.0,REVERSE,91,26,SOURCE
3459,3459,17032,2.0,26,VLDI,KYN,11:50:00,11:55:00,5.0,REVERSE,91,25,SOURCE
3458,3458,17032,2.0,27,KYN,THK,11:53:00,11:59:00,6.0,REVERSE,91,24,SOURCE
3457,3457,17032,2.0,28,THK,DI,11:59:00,12:00:00,1.0,REVERSE,91,23,SOURCE
3456,3456,17032,2.0,29,DI,KOPR,12:00:00,12:01:00,1.0,REVERSE,91,22,SOURCE
3455,3455,17032,2.0,30,KOPR,DIVA,12:01:00,12:05:00,4.0,REVERSE,91,21,SOURCE
3454,3454,17032,2.0,31,DIVA,MBQ,12:05:00,12:08:00,3.0,REVERSE,91,20,SOURCE
3453,3453,17032,2.0,32,MBQ,KLVA,12:08:00,12:12:00,4.0,REVERSE,91,19,SOURCE
3452,3452,17032,2.0,33,KLVA,TNA,12:12:00,12:15:00,3.0,REVERSE,91,18,SOURCE
3451,3451,17032,2.0,34,TNA,MLND,12:15:00,12:17:00,2.0,REVERSE,91,17,SOURCE
3450,3450,17032,2.0,35,MLND,NHU,12:17:00,12:19:00,2.0,REVERSE,91,16,SOURCE
3449,3449,17032,2.0,36,NHU,BND,12:19:00,12:21:00,2.0,REVERSE,91,15,SOURCE
3448,3448,17032,2.0,37,VK,GC,12:25:00,12:28:00,3.0,REVERSE,91,13,SOURCE
3447,3447,17032,2.0,38,GC,VVH,12:28:00,12:30:00,2.0,REVERSE,91,12,SOURCE
3446,3446,17032,2.0,39,VVH,CLA,12:30:00,12:32:00,2.0,REVERSE,91,11,SOURCE
3445,3445,17032,2.0,40,CLA,SIN,12:32:00,12:34:00,2.0,REVERSE,91,10,SOURCE
3444,3444,17032,2.0,41,SIN,MTN,12:34:00,12:37:00,3.0,REVERSE,91,9,SOURCE
3443,3443,17032,2.0,42,MTN,DR,12:37:00,12:40:00,3.0,REVERSE,91,8,SOURCE
3442,3442,17032,2.0,43,DR,PR,12:38:00,12:43:00,5.0,REVERSE,91,7,SOURCE
3441,3441,17032,2.0,44,PR,CRD,12:43:00,12:48:00,5.0,REVERSE,91,6,SOURCE
3440,3440,17032,2.0,45,BY,SNRD,12:53:00,12:58:00,5.0,REVERSE,91,3,SOURCE
3439,3439,17032,2.0,46,SNRD,MSD,12:58:00,13:02:00,4.0,REVERSE,91,2,SOURCE
3438,3438,17032,2.0,47,MSD,CSMT,13:02:00,13:05:00,3.0,REVERSE,91,1,SOURCE
3485,3485,17203,1.0,1,KOPR,DI,19:15:00,19:22:00,7.0,FORWARD,92,22,SOURCE
3486,3486,17203,1.0,2,DI,THK,19:22:00,19:25:00,3.0,FORWARD,92,23,SOURCE
3487,3487,17203,1.0,3,THK,KYN,19:25:00,19:40:00,15.0,FORWARD,92,24,SOURCE
3488,3488,17203,1.0,4,KYN,VLDI,19:45:00,19:48:00,3.0,FORWARD,92,25,SOURCE
3489,3489,17203,1.0,5,VLDI,ULNR,19:48:00,19:50:00,2.0,FORWARD,92,26,SOURCE
3490,3490,17203,1.0,6,ULNR,ABH,19:50:00,19:53:00,3.0,FORWARD,92,27,SOURCE
3491,3491,17203,1.0,7,ABH,BUD,19:53:00,20:03:00,10.0,FORWARD,92,28,SOURCE
3492,3492,17203,1.0,8,BUD,VGI,20:03:00,20:17:00,14.0,FORWARD,92,29,SOURCE
3493,3493,17203,1.0,9,VGI,SHLU,20:17:00,20:22:00,5.0,FORWARD,92,30,SOURCE
3494,3494,17203,1.0,10,SHLU,NRL,20:22:00,20:27:00,5.0,FORWARD,92,31,SOURCE
3495,3495,17203,1.0,11,NRL,BVS,20:27:00,20:36:00,9.0,FORWARD,92,32,SOURCE
3496,3496,17203,1.0,12,BVS,KJT,20:36:00,20:44:00,8.0,FORWARD,92,33,SOURCE
3497,3497,17203,1.0,13,KJT,PDI,20:44:00,20:48:00,4.0,FORWARD,92,34,SOURCE
3498,3498,17203,1.0,14,PDI,KAD,20:48:00,21:15:00,27.0,FORWARD,92,35,SOURCE
3499,3499,17203,1.0,15,KAD,LNL,21:15:00,21:18:00,3.0,FORWARD,92,36,SOURCE
3500,3500,17203,1.0,16,LNL,MVL,21:20:00,21:27:00,7.0,FORWARD,92,37,SOURCE
3501,3501,17203,1.0,17,MVL,KMST,21:27:00,21:36:00,9.0,FORWARD,92,38,SOURCE
3502,3502,17203,1.0,18,KMST,KNHE,21:36:00,21:41:00,5.0,FORWARD,92,39,SOURCE
3503,3503,17203,1.0,19,KNHE,VDN,21:41:00,21:46:00,5.0,FORWARD,92,40,SOURCE
3504,3504,17203,1.0,20,VDN,TGN,21:46:00,21:50:00,4.0,FORWARD,92,41,SOURCE
3505,3505,17203,1.0,21,TGN,GRWD,21:50:00,21:53:00,3.0,FORWARD,92,42,SOURCE
3506,3506,17203,1.0,22,DEHR,AKRD,22:00:00,22:05:00,5.0,FORWARD,92,45,SOURCE
3507,3507,17203,1.0,23,AKRD,CCH,22:05:00,22:08:00,3.0,FORWARD,92,46,SOURCE
3508,3508,17203,1.0,24,CCH,PMP,22:08:00,22:11:00,3.0,FORWARD,92,47,SOURCE
3509,3509,17203,1.0,25,PMP,KSWD,22:11:00,22:13:00,2.0,FORWARD,92,48,SOURCE
3510,3510,17203,1.0,26,KSWD,DAPD,22:13:00,22:17:00,4.0,FORWARD,92,49,SOURCE
3511,3511,17203,1.0,27,DAPD,KK,22:17:00,22:19:00,2.0,FORWARD,92,50,SOURCE
3512,3512,17203,1.0,28,KK,SVJR,22:19:00,22:23:00,4.0,FORWARD,92,51,SOURCE
3513,3513,17203,1.0,29,SVJR,PUNE,22:23:00,22:25:00,2.0,FORWARD,92,52,SOURCE
3542,3542,17204,2.0,1,PUNE,SVJR,02:00:00,02:08:00,8.0,REVERSE,93,52,SOURCE
3541,3541,17204,2.0,2,SVJR,KK,02:08:00,02:11:00,3.0,REVERSE,93,51,SOURCE
3540,3540,17204,2.0,3,KK,DAPD,02:11:00,02:14:00,3.0,REVERSE,93,50,SOURCE
3539,3539,17204,2.0,4,DAPD,KSWD,02:14:00,02:18:00,4.0,REVERSE,93,49,SOURCE
3538,3538,17204,2.0,5,KSWD,PMP,02:18:00,02:20:00,2.0,REVERSE,93,48,SOURCE
3537,3537,17204,2.0,6,PMP,CCH,02:20:00,02:23:00,3.0,REVERSE,93,47,SOURCE
3536,3536,17204,2.0,7,CCH,AKRD,02:23:00,02:26:00,3.0,REVERSE,93,46,SOURCE
3535,3535,17204,2.0,8,AKRD,DEHR,02:26:00,02:31:00,5.0,REVERSE,93,45,SOURCE
3534,3534,17204,2.0,9,GRWD,TGN,02:38:00,02:42:00,4.0,REVERSE,93,42,SOURCE
3533,3533,17204,2.0,10,TGN,VDN,02:42:00,02:46:00,4.0,REVERSE,93,41,SOURCE
3532,3532,17204,2.0,11,VDN,KNHE,02:46:00,02:51:00,5.0,REVERSE,93,40,SOURCE
3531,3531,17204,2.0,12,KNHE,KMST,02:51:00,02:56:00,5.0,REVERSE,93,39,SOURCE
3530,3530,17204,2.0,13,KMST,MVL,02:56:00,03:06:00,10.0,REVERSE,93,38,SOURCE
3529,3529,17204,2.0,14,MVL,LNL,03:06:00,03:15:00,9.0,REVERSE,93,37,SOURCE
3528,3528,17204,2.0,15,LNL,KAD,03:13:00,03:20:00,7.0,REVERSE,93,36,SOURCE
3527,3527,17204,2.0,16,KAD,PDI,03:20:00,03:45:00,25.0,REVERSE,93,35,SOURCE
3526,3526,17204,2.0,17,PDI,KJT,03:45:00,03:49:00,4.0,REVERSE,93,34,SOURCE
3525,3525,17204,2.0,18,KJT,BVS,03:49:00,03:57:00,8.0,REVERSE,93,33,SOURCE
3524,3524,17204,2.0,19,BVS,NRL,03:57:00,04:05:00,8.0,REVERSE,93,32,SOURCE
3523,3523,17204,2.0,20,NRL,SHLU,04:05:00,04:11:00,6.0,REVERSE,93,31,SOURCE
3522,3522,17204,2.0,21,SHLU,VGI,04:11:00,04:15:00,4.0,REVERSE,93,30,SOURCE
3521,3521,17204,2.0,22,VGI,BUD,04:15:00,04:29:00,14.0,REVERSE,93,29,SOURCE
3520,3520,17204,2.0,23,BUD,ABH,04:29:00,04:38:00,9.0,REVERSE,93,28,SOURCE
3519,3519,17204,2.0,24,ABH,ULNR,04:38:00,04:41:00,3.0,REVERSE,93,27,SOURCE
3518,3518,17204,2.0,25,ULNR,VLDI,04:41:00,04:43:00,2.0,REVERSE,93,26,SOURCE
3517,3517,17204,2.0,26,VLDI,KYN,04:43:00,04:50:00,7.0,REVERSE,93,25,SOURCE
3516,3516,17204,2.0,27,KYN,THK,04:45:00,04:55:00,10.0,REVERSE,93,24,SOURCE
3515,3515,17204,2.0,28,THK,DI,04:55:00,04:58:00,3.0,REVERSE,93,23,SOURCE
3514,3514,17204,2.0,29,DI,KOPR,04:58:00,05:05:00,7.0,REVERSE,93,22,SOURCE
3571,3571,19311,1.0,1,PUNE,SVJR,15:20:00,15:22:00,2.0,REVERSE,94,52,SOURCE
3570,3570,19311,1.0,2,SVJR,KK,15:22:00,15:25:00,3.0,REVERSE,94,51,SOURCE
3569,3569,19311,1.0,3,KK,DAPD,15:25:00,15:26:00,1.0,REVERSE,94,50,SOURCE
3568,3568,19311,1.0,4,DAPD,KSWD,15:26:00,15:29:00,3.0,REVERSE,94,49,SOURCE
3567,3567,19311,1.0,5,KSWD,PMP,15:29:00,15:31:00,2.0,REVERSE,94,48,SOURCE
3566,3566,19311,1.0,6,PMP,CCH,15:31:00,15:32:00,1.0,REVERSE,94,47,SOURCE
3565,3565,19311,1.0,7,CCH,AKRD,15:32:00,15:35:00,3.0,REVERSE,94,46,SOURCE
3564,3564,19311,1.0,8,AKRD,DEHR,15:35:00,15:39:00,4.0,REVERSE,94,45,SOURCE
3563,3563,19311,1.0,9,GRWD,TGN,15:44:00,15:46:00,2.0,REVERSE,94,42,SOURCE
3562,3562,19311,1.0,10,TGN,VDN,15:46:00,15:49:00,3.0,REVERSE,94,41,SOURCE
3561,3561,19311,1.0,11,VDN,KNHE,15:49:00,15:53:00,4.0,REVERSE,94,40,SOURCE
3560,3560,19311,1.0,12,KNHE,KMST,15:53:00,15:56:00,3.0,REVERSE,94,39,SOURCE
3559,3559,19311,1.0,13,KMST,MVL,15:56:00,16:03:00,7.0,REVERSE,94,38,SOURCE
3558,3558,19311,1.0,14,MVL,LNL,16:03:00,16:10:00,7.0,REVERSE,94,37,SOURCE
3557,3557,19311,1.0,15,LNL,KAD,16:08:00,16:16:00,8.0,REVERSE,94,36,SOURCE
3556,3556,19311,1.0,16,KAD,PDI,16:16:00,16:48:00,32.0,REVERSE,94,35,SOURCE
3555,3555,19311,1.0,17,PDI,KJT,16:48:00,16:55:00,7.0,REVERSE,94,34,SOURCE
3554,3554,19311,1.0,18,KJT,BVS,16:53:00,17:02:00,9.0,REVERSE,94,33,SOURCE
3553,3553,19311,1.0,19,BVS,NRL,17:02:00,17:08:00,6.0,REVERSE,94,32,SOURCE
3552,3552,19311,1.0,20,NRL,SHLU,17:08:00,17:12:00,4.0,REVERSE,94,31,SOURCE
3551,3551,19311,1.0,21,SHLU,VGI,17:12:00,17:16:00,4.0,REVERSE,94,30,SOURCE
3550,3550,19311,1.0,22,VGI,BUD,17:16:00,17:26:00,10.0,REVERSE,94,29,SOURCE
3549,3549,19311,1.0,23,BUD,ABH,17:26:00,17:34:00,8.0,REVERSE,94,28,SOURCE
3548,3548,19311,1.0,24,ABH,ULNR,17:34:00,17:36:00,2.0,REVERSE,94,27,SOURCE
3547,3547,19311,1.0,25,ULNR,VLDI,17:36:00,17:38:00,2.0,REVERSE,94,26,SOURCE
3546,3546,19311,1.0,26,VLDI,KYN,17:38:00,17:45:00,7.0,REVERSE,94,25,SOURCE
3545,3545,19311,1.0,27,KYN,THK,17:40:00,17:53:00,13.0,REVERSE,94,24,SOURCE
3544,3544,19311,1.0,28,THK,DI,17:53:00,17:56:00,3.0,REVERSE,94,23,SOURCE
3543,3543,19311,1.0,29,DI,KOPR,17:56:00,18:07:00,11.0,REVERSE,94,22,SOURCE
3572,3572,19312,2.0,1,KOPR,DI,04:48:00,04:56:00,8.0,FORWARD,95,22,SOURCE
3573,3573,19312,2.0,2,DI,THK,04:56:00,04:58:00,2.0,FORWARD,95,23,SOURCE
3574,3574,19312,2.0,3,THK,KYN,04:58:00,05:15:00,17.0,FORWARD,95,24,SOURCE
3575,3575,19312,2.0,4,KYN,VLDI,05:20:00,05:22:00,2.0,FORWARD,95,25,SOURCE
3576,3576,19312,2.0,5,VLDI,ULNR,05:22:00,05:24:00,2.0,FORWARD,95,26,SOURCE
3577,3577,19312,2.0,6,ULNR,ABH,05:24:00,05:26:00,2.0,FORWARD,95,27,SOURCE
3578,3578,19312,2.0,7,ABH,BUD,05:26:00,05:34:00,8.0,FORWARD,95,28,SOURCE
3579,3579,19312,2.0,8,BUD,VGI,05:34:00,05:44:00,10.0,FORWARD,95,29,SOURCE
3580,3580,19312,2.0,9,VGI,SHLU,05:44:00,05:47:00,3.0,FORWARD,95,30,SOURCE
3581,3581,19312,2.0,10,SHLU,NRL,05:47:00,05:51:00,4.0,FORWARD,95,31,SOURCE
3582,3582,19312,2.0,11,NRL,BVS,05:51:00,05:58:00,7.0,FORWARD,95,32,SOURCE
3583,3583,19312,2.0,12,BVS,KJT,05:58:00,06:03:00,5.0,FORWARD,95,33,SOURCE
3584,3584,19312,2.0,13,KJT,PDI,06:05:00,06:10:00,5.0,FORWARD,95,34,SOURCE
3585,3585,19312,2.0,14,PDI,KAD,06:10:00,06:46:00,36.0,FORWARD,95,35,SOURCE
3586,3586,19312,2.0,15,KAD,LNL,06:46:00,06:53:00,7.0,FORWARD,95,36,SOURCE
3587,3587,19312,2.0,16,LNL,MVL,06:55:00,07:03:00,8.0,FORWARD,95,37,SOURCE
3588,3588,19312,2.0,17,MVL,KMST,07:03:00,07:14:00,11.0,FORWARD,95,38,SOURCE
3589,3589,19312,2.0,18,KMST,KNHE,07:14:00,07:19:00,5.0,FORWARD,95,39,SOURCE
3590,3590,19312,2.0,19,KNHE,VDN,07:19:00,07:25:00,6.0,FORWARD,95,40,SOURCE
3591,3591,19312,2.0,20,VDN,TGN,07:25:00,07:30:00,5.0,FORWARD,95,41,SOURCE
3592,3592,19312,2.0,21,TGN,GRWD,07:30:00,07:33:00,3.0,FORWARD,95,42,SOURCE
3593,3593,19312,2.0,22,DEHR,AKRD,07:41:00,07:47:00,6.0,FORWARD,95,45,SOURCE
3594,3594,19312,2.0,23,AKRD,CCH,07:47:00,07:51:00,4.0,FORWARD,95,46,SOURCE
3595,3595,19312,2.0,24,CCH,PMP,07:51:00,07:54:00,3.0,FORWARD,95,47,SOURCE
3596,3596,19312,2.0,25,PMP,KSWD,07:54:00,07:56:00,2.0,FORWARD,95,48,SOURCE
3597,3597,19312,2.0,26,KSWD,DAPD,07:56:00,08:01:00,5.0,FORWARD,95,49,SOURCE
3598,3598,19312,2.0,27,DAPD,KK,08:01:00,08:03:00,2.0,FORWARD,95,50,SOURCE
3599,3599,19312,2.0,28,KK,SVJR,08:03:00,08:07:00,4.0,FORWARD,95,51,SOURCE
3600,3600,19312,2.0,29,SVJR,PUNE,08:07:00,08:10:00,3.0,FORWARD,95,52,SOURCE
3629,3629,19567,2.0,1,PUNE,SVJR,04:55:00,05:07:00,12.0,REVERSE,96,52,SOURCE
3628,3628,19567,2.0,2,SVJR,KK,05:07:00,05:11:00,4.0,REVERSE,96,51,SOURCE
3627,3627,19567,2.0,3,KK,DAPD,05:11:00,05:13:00,2.0,REVERSE,96,50,SOURCE
3626,3626,19567,2.0,4,DAPD,KSWD,05:13:00,05:17:00,4.0,REVERSE,96,49,SOURCE
3625,3625,19567,2.0,5,KSWD,PMP,05:17:00,05:19:00,2.0,REVERSE,96,48,SOURCE
3624,3624,19567,2.0,6,PMP,CCH,05:19:00,05:22:00,3.0,REVERSE,96,47,SOURCE
3623,3623,19567,2.0,7,CCH,AKRD,05:22:00,05:25:00,3.0,REVERSE,96,46,SOURCE
3622,3622,19567,2.0,8,AKRD,DEHR,05:25:00,05:30:00,5.0,REVERSE,96,45,SOURCE
3621,3621,19567,2.0,9,GRWD,TGN,05:37:00,05:40:00,3.0,REVERSE,96,42,SOURCE
3620,3620,19567,2.0,10,TGN,VDN,05:40:00,05:44:00,4.0,REVERSE,96,41,SOURCE
3619,3619,19567,2.0,11,VDN,KNHE,05:44:00,05:49:00,5.0,REVERSE,96,40,SOURCE
3618,3618,19567,2.0,12,KNHE,KMST,05:49:00,05:54:00,5.0,REVERSE,96,39,SOURCE
3617,3617,19567,2.0,13,KMST,MVL,05:54:00,06:03:00,9.0,REVERSE,96,38,SOURCE
3616,3616,19567,2.0,14,MVL,LNL,06:03:00,06:12:00,9.0,REVERSE,96,37,SOURCE
3615,3615,19567,2.0,15,LNL,KAD,06:10:00,06:17:00,7.0,REVERSE,96,36,SOURCE
3614,3614,19567,2.0,16,KAD,PDI,06:17:00,06:44:00,27.0,REVERSE,96,35,SOURCE
3613,3613,19567,2.0,17,PDI,KJT,06:44:00,06:48:00,4.0,REVERSE,96,34,SOURCE
3612,3612,19567,2.0,18,KJT,BVS,06:48:00,06:57:00,9.0,REVERSE,96,33,SOURCE
3611,3611,19567,2.0,19,BVS,NRL,06:57:00,07:05:00,8.0,REVERSE,96,32,SOURCE
3610,3610,19567,2.0,20,NRL,SHLU,07:05:00,07:11:00,6.0,REVERSE,96,31,SOURCE
3609,3609,19567,2.0,21,SHLU,VGI,07:11:00,07:16:00,5.0,REVERSE,96,30,SOURCE
3608,3608,19567,2.0,22,VGI,BUD,07:16:00,07:30:00,14.0,REVERSE,96,29,SOURCE
3607,3607,19567,2.0,23,BUD,ABH,07:30:00,07:40:00,10.0,REVERSE,96,28,SOURCE
3606,3606,19567,2.0,24,ABH,ULNR,07:40:00,07:43:00,3.0,REVERSE,96,27,SOURCE
3605,3605,19567,2.0,25,ULNR,VLDI,07:43:00,07:45:00,2.0,REVERSE,96,26,SOURCE
3604,3604,19567,2.0,26,VLDI,KYN,07:45:00,07:50:00,5.0,REVERSE,96,25,SOURCE
3603,3603,19567,2.0,27,KYN,THK,07:47:00,07:56:00,9.0,REVERSE,96,24,SOURCE
3602,3602,19567,2.0,28,THK,DI,07:56:00,07:58:00,2.0,REVERSE,96,23,SOURCE
3601,3601,19567,2.0,29,DI,KOPR,07:58:00,08:07:00,9.0,REVERSE,96,22,SOURCE
3630,3630,19568,1.0,1,KOPR,DI,19:16:00,19:24:00,8.0,FORWARD,97,22,SOURCE
3631,3631,19568,1.0,2,DI,THK,19:24:00,19:26:00,2.0,FORWARD,97,23,SOURCE
3632,3632,19568,1.0,3,THK,KYN,19:26:00,19:40:00,14.0,FORWARD,97,24,SOURCE
3633,3633,19568,1.0,4,KYN,VLDI,19:45:00,19:48:00,3.0,FORWARD,97,25,SOURCE
3634,3634,19568,1.0,5,VLDI,ULNR,19:48:00,19:50:00,2.0,FORWARD,97,26,SOURCE
3635,3635,19568,1.0,6,ULNR,ABH,19:50:00,19:53:00,3.0,FORWARD,97,27,SOURCE
3636,3636,19568,1.0,7,ABH,BUD,19:53:00,20:03:00,10.0,FORWARD,97,28,SOURCE
3637,3637,19568,1.0,8,BUD,VGI,20:03:00,20:16:00,13.0,FORWARD,97,29,SOURCE
3638,3638,19568,1.0,9,VGI,SHLU,20:16:00,20:21:00,5.0,FORWARD,97,30,SOURCE
3639,3639,19568,1.0,10,SHLU,NRL,20:21:00,20:27:00,6.0,FORWARD,97,31,SOURCE
3640,3640,19568,1.0,11,NRL,BVS,20:27:00,20:35:00,8.0,FORWARD,97,32,SOURCE
3641,3641,19568,1.0,12,BVS,KJT,20:35:00,20:44:00,9.0,FORWARD,97,33,SOURCE
3642,3642,19568,1.0,13,KJT,PDI,20:44:00,20:47:00,3.0,FORWARD,97,34,SOURCE
3643,3643,19568,1.0,14,PDI,KAD,20:47:00,21:13:00,26.0,FORWARD,97,35,SOURCE
3644,3644,19568,1.0,15,KAD,LNL,21:13:00,21:18:00,5.0,FORWARD,97,36,SOURCE
3645,3645,19568,1.0,16,LNL,MVL,21:20:00,21:27:00,7.0,FORWARD,97,37,SOURCE
3646,3646,19568,1.0,17,MVL,KMST,21:27:00,21:36:00,9.0,FORWARD,97,38,SOURCE
3647,3647,19568,1.0,18,KMST,KNHE,21:36:00,21:41:00,5.0,FORWARD,97,39,SOURCE
3648,3648,19568,1.0,19,KNHE,VDN,21:41:00,21:46:00,5.0,FORWARD,97,40,SOURCE
3649,3649,19568,1.0,20,VDN,TGN,21:46:00,21:50:00,4.0,FORWARD,97,41,SOURCE
3650,3650,19568,1.0,21,TGN,GRWD,21:50:00,21:53:00,3.0,FORWARD,97,42,SOURCE
3651,3651,19568,1.0,22,DEHR,AKRD,22:00:00,22:05:00,5.0,FORWARD,97,45,SOURCE
3652,3652,19568,1.0,23,AKRD,CCH,22:05:00,22:08:00,3.0,FORWARD,97,46,SOURCE
3653,3653,19568,1.0,24,CCH,PMP,22:08:00,22:11:00,3.0,FORWARD,97,47,SOURCE
3654,3654,19568,1.0,25,PMP,KSWD,22:11:00,22:13:00,2.0,FORWARD,97,48,SOURCE
3655,3655,19568,1.0,26,KSWD,DAPD,22:13:00,22:17:00,4.0,FORWARD,97,49,SOURCE
3656,3656,19568,1.0,27,DAPD,KK,22:17:00,22:19:00,2.0,FORWARD,97,50,SOURCE
3657,3657,19568,1.0,28,KK,SVJR,22:19:00,22:23:00,4.0,FORWARD,97,51,SOURCE
3658,3658,19568,1.0,29,SVJR,PUNE,22:23:00,22:25:00,2.0,FORWARD,97,52,SOURCE
3659,3659,51027,1.0,1,CSMT,MSD,22:55:00,22:56:00,1.0,FORWARD,98,1,SOURCE
3660,3660,51027,1.0,2,MSD,SNRD,22:56:00,22:58:00,2.0,FORWARD,98,2,SOURCE
3661,3661,51027,1.0,3,SNRD,BY,22:58:00,23:01:00,3.0,FORWARD,98,3,SOURCE
3662,3662,51027,1.0,4,CRD,PR,23:03:00,23:06:00,3.0,FORWARD,98,6,SOURCE
3663,3663,51027,1.0,5,PR,DR,23:06:00,23:08:00,2.0,FORWARD,98,7,SOURCE
3664,3664,51027,1.0,6,DR,MTN,23:10:00,23:11:00,1.0,FORWARD,98,8,SOURCE
3665,3665,51027,1.0,7,MTN,SIN,23:11:00,23:14:00,3.0,FORWARD,98,9,SOURCE
3666,3666,51027,1.0,8,SIN,CLA,23:14:00,23:16:00,2.0,FORWARD,98,10,SOURCE
3667,3667,51027,1.0,9,CLA,VVH,23:16:00,23:18:00,2.0,FORWARD,98,11,SOURCE
3668,3668,51027,1.0,10,VVH,GC,23:18:00,23:20:00,2.0,FORWARD,98,12,SOURCE
3669,3669,51027,1.0,11,GC,VK,23:20:00,23:23:00,3.0,FORWARD,98,13,SOURCE
3670,3670,51027,1.0,12,BND,NHU,23:26:00,23:28:00,2.0,FORWARD,98,15,SOURCE
3671,3671,51027,1.0,13,NHU,MLND,23:28:00,23:30:00,2.0,FORWARD,98,16,SOURCE
3672,3672,51027,1.0,14,MLND,TNA,23:30:00,23:33:00,3.0,FORWARD,98,17,SOURCE
3673,3673,51027,1.0,15,TNA,KLVA,23:35:00,23:37:00,2.0,FORWARD,98,18,SOURCE
3674,3674,51027,1.0,16,KLVA,MBQ,23:37:00,23:40:00,3.0,FORWARD,98,19,SOURCE
3675,3675,51027,1.0,17,MBQ,DIVA,23:40:00,23:42:00,2.0,FORWARD,98,20,SOURCE
3676,3676,51027,1.0,18,DIVA,KOPR,23:42:00,23:45:00,3.0,FORWARD,98,21,SOURCE
3677,3677,51027,1.0,19,KOPR,DI,23:45:00,23:46:00,1.0,FORWARD,98,22,SOURCE
3678,3678,51027,1.0,20,DI,THK,23:46:00,23:47:00,1.0,FORWARD,98,23,SOURCE
3679,3679,51027,1.0,21,THK,KYN,23:47:00,23:50:00,3.0,FORWARD,98,24,SOURCE
3680,3680,51027,2.0,1,VLDI,ULNR,00:03:00,00:08:00,5.0,FORWARD,98,26,SOURCE
3681,3681,51027,2.0,2,ULNR,ABH,00:10:00,00:16:00,6.0,FORWARD,98,27,SOURCE
3682,3682,51027,2.0,3,ABH,BUD,00:18:00,00:24:00,6.0,FORWARD,98,28,SOURCE
3683,3683,51027,2.0,4,BUD,VGI,00:26:00,00:35:00,9.0,FORWARD,98,29,SOURCE
3684,3684,51027,2.0,5,VGI,SHLU,00:35:00,00:38:00,3.0,FORWARD,98,30,SOURCE
3685,3685,51027,2.0,6,SHLU,NRL,00:38:00,00:42:00,4.0,FORWARD,98,31,SOURCE
3686,3686,51027,2.0,7,NRL,BVS,00:42:00,00:48:00,6.0,FORWARD,98,32,SOURCE
3687,3687,51027,2.0,8,BVS,KJT,00:48:00,00:53:00,5.0,FORWARD,98,33,SOURCE
3688,3688,51027,2.0,9,KJT,PDI,00:55:00,01:00:00,5.0,FORWARD,98,34,SOURCE
3689,3689,51027,2.0,10,PDI,KAD,01:00:00,01:38:00,38.0,FORWARD,98,35,SOURCE
3690,3690,51027,2.0,11,KAD,LNL,01:40:00,01:53:00,13.0,FORWARD,98,36,SOURCE
3691,3691,51027,2.0,12,LNL,MVL,01:55:00,02:02:00,7.0,FORWARD,98,37,SOURCE
3692,3692,51027,2.0,13,MVL,KMST,02:02:00,02:11:00,9.0,FORWARD,98,38,SOURCE
3693,3693,51027,2.0,14,KMST,KNHE,02:13:00,02:16:00,3.0,FORWARD,98,39,SOURCE
3694,3694,51027,2.0,15,KNHE,VDN,02:16:00,02:20:00,4.0,FORWARD,98,40,SOURCE
3695,3695,51027,2.0,16,VDN,TGN,02:20:00,02:23:00,3.0,FORWARD,98,41,SOURCE
3696,3696,51027,2.0,17,TGN,GRWD,02:25:00,02:29:00,4.0,FORWARD,98,42,SOURCE
3697,3697,51027,2.0,18,DEHR,AKRD,02:40:00,02:51:00,11.0,FORWARD,98,45,SOURCE
3698,3698,51027,2.0,19,AKRD,CCH,02:51:00,02:58:00,7.0,FORWARD,98,46,SOURCE
3699,3699,51027,2.0,20,CCH,PMP,03:00:00,03:03:00,3.0,FORWARD,98,47,SOURCE
3700,3700,51027,2.0,21,PMP,KSWD,03:05:00,03:10:00,5.0,FORWARD,98,48,SOURCE
3701,3701,51027,2.0,22,KSWD,DAPD,03:10:00,03:18:00,8.0,FORWARD,98,49,SOURCE
3702,3702,51027,2.0,23,DAPD,KK,03:18:00,03:23:00,5.0,FORWARD,98,50,SOURCE
3703,3703,51027,2.0,24,KK,SVJR,03:25:00,03:28:00,3.0,FORWARD,98,51,SOURCE
3704,3704,51027,2.0,25,SVJR,PUNE,03:30:00,04:10:00,40.0,FORWARD,98,52,SOURCE
3712,3712,51028,1.0,1,PUNE,SVJR,22:55:00,23:14:00,19.0,REVERSE,99,52,SOURCE
3711,3711,51028,1.0,2,SVJR,KK,23:12:00,23:20:00,8.0,REVERSE,99,51,SOURCE
3710,3710,51028,1.0,3,KK,DAPD,23:18:00,23:25:00,7.0,REVERSE,99,50,SOURCE
3709,3709,51028,1.0,4,DAPD,KSWD,23:23:00,23:28:00,5.0,REVERSE,99,49,SOURCE
3708,3708,51028,1.0,5,KSWD,PMP,23:28:00,23:32:00,4.0,REVERSE,99,48,SOURCE
3707,3707,51028,1.0,6,PMP,CCH,23:30:00,23:40:00,10.0,REVERSE,99,47,SOURCE
3706,3706,51028,1.0,7,CCH,AKRD,23:38:00,23:45:00,7.0,REVERSE,99,46,SOURCE
3705,3705,51028,1.0,8,AKRD,DEHR,23:43:00,23:55:00,12.0,REVERSE,99,45,SOURCE
3751,3751,51028,2.0,1,GRWD,TGN,00:10:00,00:20:00,10.0,REVERSE,99,42,SOURCE
3750,3750,51028,2.0,2,TGN,VDN,00:18:00,00:25:00,7.0,REVERSE,99,41,SOURCE
3749,3749,51028,2.0,3,VDN,KNHE,00:23:00,00:27:00,4.0,REVERSE,99,40,SOURCE
3748,3748,51028,2.0,4,KNHE,KMST,00:27:00,00:31:00,4.0,REVERSE,99,39,SOURCE
3747,3747,51028,2.0,5,KMST,MVL,00:29:00,00:54:00,25.0,REVERSE,99,38,SOURCE
3746,3746,51028,2.0,6,MVL,LNL,00:54:00,01:15:00,21.0,REVERSE,99,37,SOURCE
3745,3745,51028,2.0,7,LNL,KAD,01:13:00,01:20:00,7.0,REVERSE,99,36,SOURCE
3744,3744,51028,2.0,8,KAD,PDI,01:18:00,01:49:00,31.0,REVERSE,99,35,SOURCE
3743,3743,51028,2.0,9,PDI,KJT,01:49:00,01:55:00,6.0,REVERSE,99,34,SOURCE
3742,3742,51028,2.0,10,KJT,BVS,01:53:00,02:02:00,9.0,REVERSE,99,33,SOURCE
3741,3741,51028,2.0,11,BVS,NRL,02:02:00,02:09:00,7.0,REVERSE,99,32,SOURCE
3740,3740,51028,2.0,12,NRL,SHLU,02:09:00,02:13:00,4.0,REVERSE,99,31,SOURCE
3739,3739,51028,2.0,13,SHLU,VGI,02:13:00,02:17:00,4.0,REVERSE,99,30,SOURCE
3738,3738,51028,2.0,14,VGI,BUD,02:17:00,02:30:00,13.0,REVERSE,99,29,SOURCE
3737,3737,51028,2.0,15,BUD,ABH,02:28:00,02:40:00,12.0,REVERSE,99,28,SOURCE
3736,3736,51028,2.0,16,ABH,ULNR,02:38:00,02:45:00,7.0,REVERSE,99,27,SOURCE
3735,3735,51028,2.0,17,ULNR,VLDI,02:43:00,02:50:00,7.0,REVERSE,99,26,SOURCE
3734,3734,51028,2.0,18,VLDI,KYN,02:50:00,03:00:00,10.0,REVERSE,99,25,SOURCE
3733,3733,51028,2.0,19,KYN,THK,02:55:00,03:03:00,8.0,REVERSE,99,24,SOURCE
3732,3732,51028,2.0,20,THK,DI,03:03:00,03:04:00,1.0,REVERSE,99,23,SOURCE
3731,3731,51028,2.0,21,DI,KOPR,03:04:00,03:06:00,2.0,REVERSE,99,22,SOURCE
3730,3730,51028,2.0,22,KOPR,DIVA,03:06:00,03:10:00,4.0,REVERSE,99,21,SOURCE
3729,3729,51028,2.0,23,DIVA,MBQ,03:10:00,03:12:00,2.0,REVERSE,99,20,SOURCE
3728,3728,51028,2.0,24,MBQ,KLVA,03:12:00,03:16:00,4.0,REVERSE,99,19,SOURCE
3727,3727,51028,2.0,25,KLVA,TNA,03:16:00,03:20:00,4.0,REVERSE,99,18,SOURCE
3726,3726,51028,2.0,26,TNA,MLND,03:18:00,03:23:00,5.0,REVERSE,99,17,SOURCE
3725,3725,51028,2.0,27,MLND,NHU,03:23:00,03:26:00,3.0,REVERSE,99,16,SOURCE
3724,3724,51028,2.0,28,NHU,BND,03:26:00,03:27:00,1.0,REVERSE,99,15,SOURCE
3723,3723,51028,2.0,29,VK,GC,03:32:00,03:36:00,4.0,REVERSE,99,13,SOURCE
3722,3722,51028,2.0,30,GC,VVH,03:36:00,03:38:00,2.0,REVERSE,99,12,SOURCE
3721,3721,51028,2.0,31,VVH,CLA,03:38:00,03:41:00,3.0,REVERSE,99,11,SOURCE
3720,3720,51028,2.0,32,CLA,SIN,03:41:00,03:44:00,3.0,REVERSE,99,10,SOURCE
3719,3719,51028,2.0,33,SIN,MTN,03:44:00,03:47:00,3.0,REVERSE,99,9,SOURCE
3718,3718,51028,2.0,34,MTN,DR,03:47:00,03:50:00,3.0,REVERSE,99,8,SOURCE
3717,3717,51028,2.0,35,DR,PR,03:48:00,03:52:00,4.0,REVERSE,99,7,SOURCE
3716,3716,51028,2.0,36,PR,CRD,03:52:00,03:56:00,4.0,REVERSE,99,6,SOURCE
3715,3715,51028,2.0,37,BY,SNRD,04:01:00,04:05:00,4.0,REVERSE,99,3,SOURCE
3714,3714,51028,2.0,38,SNRD,MSD,04:05:00,04:07:00,2.0,REVERSE,99,2,SOURCE
3713,3713,51028,2.0,39,MSD,CSMT,04:07:00,04:10:00,3.0,REVERSE,99,1,SOURCE
3752,3752,51029,1.0,1,CSMT,MSD,22:55:00,22:56:00,1.0,FORWARD,100,1,SOURCE
3753,3753,51029,1.0,2,MSD,SNRD,22:56:00,22:58:00,2.0,FORWARD,100,2,SOURCE
3754,3754,51029,1.0,3,SNRD,BY,22:58:00,23:01:00,3.0,FORWARD,100,3,SOURCE
3755,3755,51029,1.0,4,CRD,PR,23:03:00,23:06:00,3.0,FORWARD,100,6,SOURCE
3756,3756,51029,1.0,5,PR,DR,23:06:00,23:08:00,2.0,FORWARD,100,7,SOURCE
3757,3757,51029,1.0,6,DR,MTN,23:10:00,23:11:00,1.0,FORWARD,100,8,SOURCE
3758,3758,51029,1.0,7,MTN,SIN,23:11:00,23:14:00,3.0,FORWARD,100,9,SOURCE
3759,3759,51029,1.0,8,SIN,CLA,23:14:00,23:16:00,2.0,FORWARD,100,10,SOURCE
3760,3760,51029,1.0,9,CLA,VVH,23:16:00,23:18:00,2.0,FORWARD,100,11,SOURCE
3761,3761,51029,1.0,10,VVH,GC,23:18:00,23:20:00,2.0,FORWARD,100,12,SOURCE
3762,3762,51029,1.0,11,GC,VK,23:20:00,23:23:00,3.0,FORWARD,100,13,SOURCE
3763,3763,51029,1.0,12,BND,NHU,23:26:00,23:28:00,2.0,FORWARD,100,15,SOURCE
3764,3764,51029,1.0,13,NHU,MLND,23:28:00,23:30:00,2.0,FORWARD,100,16,SOURCE
3765,3765,51029,1.0,14,MLND,TNA,23:30:00,23:33:00,3.0,FORWARD,100,17,SOURCE
3766,3766,51029,1.0,15,TNA,KLVA,23:35:00,23:37:00,2.0,FORWARD,100,18,SOURCE
3767,3767,51029,1.0,16,KLVA,MBQ,23:37:00,23:40:00,3.0,FORWARD,100,19,SOURCE
3768,3768,51029,1.0,17,MBQ,DIVA,23:40:00,23:42:00,2.0,FORWARD,100,20,SOURCE
3769,3769,51029,1.0,18,DIVA,KOPR,23:42:00,23:45:00,3.0,FORWARD,100,21,SOURCE
3770,3770,51029,1.0,19,KOPR,DI,23:45:00,23:46:00,1.0,FORWARD,100,22,SOURCE
3771,3771,51029,1.0,20,DI,THK,23:46:00,23:47:00,1.0,FORWARD,100,23,SOURCE
3772,3772,51029,1.0,21,THK,KYN,23:47:00,23:50:00,3.0,FORWARD,100,24,SOURCE
3773,3773,51029,2.0,1,VLDI,ULNR,00:03:00,00:08:00,5.0,FORWARD,100,26,SOURCE
3774,3774,51029,2.0,2,ULNR,ABH,00:10:00,00:16:00,6.0,FORWARD,100,27,SOURCE
3775,3775,51029,2.0,3,ABH,BUD,00:18:00,00:24:00,6.0,FORWARD,100,28,SOURCE
3776,3776,51029,2.0,4,BUD,VGI,00:26:00,00:35:00,9.0,FORWARD,100,29,SOURCE
3777,3777,51029,2.0,5,VGI,SHLU,00:35:00,00:38:00,3.0,FORWARD,100,30,SOURCE
3778,3778,51029,2.0,6,SHLU,NRL,00:38:00,00:42:00,4.0,FORWARD,100,31,SOURCE
3779,3779,51029,2.0,7,NRL,BVS,00:42:00,00:48:00,6.0,FORWARD,100,32,SOURCE
3780,3780,51029,2.0,8,BVS,KJT,00:48:00,00:53:00,5.0,FORWARD,100,33,SOURCE
3781,3781,51029,2.0,9,KJT,PDI,00:55:00,01:00:00,5.0,FORWARD,100,34,SOURCE
3782,3782,51029,2.0,10,PDI,KAD,01:00:00,01:38:00,38.0,FORWARD,100,35,SOURCE
3783,3783,51029,2.0,11,KAD,LNL,01:40:00,01:53:00,13.0,FORWARD,100,36,SOURCE
3784,3784,51029,2.0,12,LNL,MVL,01:55:00,02:02:00,7.0,FORWARD,100,37,SOURCE
3785,3785,51029,2.0,13,MVL,KMST,02:02:00,02:11:00,9.0,FORWARD,100,38,SOURCE
3786,3786,51029,2.0,14,KMST,KNHE,02:13:00,02:16:00,3.0,FORWARD,100,39,SOURCE
3787,3787,51029,2.0,15,KNHE,VDN,02:16:00,02:20:00,4.0,FORWARD,100,40,SOURCE
3788,3788,51029,2.0,16,VDN,TGN,02:20:00,02:23:00,3.0,FORWARD,100,41,SOURCE
3789,3789,51029,2.0,17,TGN,GRWD,02:25:00,02:29:00,4.0,FORWARD,100,42,SOURCE
3790,3790,51029,2.0,18,DEHR,AKRD,02:40:00,02:51:00,11.0,FORWARD,100,45,SOURCE
3791,3791,51029,2.0,19,AKRD,CCH,02:51:00,02:58:00,7.0,FORWARD,100,46,SOURCE
3792,3792,51029,2.0,20,CCH,PMP,03:00:00,03:03:00,3.0,FORWARD,100,47,SOURCE
3793,3793,51029,2.0,21,PMP,KSWD,03:05:00,03:10:00,5.0,FORWARD,100,48,SOURCE
3794,3794,51029,2.0,22,KSWD,DAPD,03:10:00,03:18:00,8.0,FORWARD,100,49,SOURCE
3795,3795,51029,2.0,23,DAPD,KK,03:18:00,03:23:00,5.0,FORWARD,100,50,SOURCE
3796,3796,51029,2.0,24,KK,SVJR,03:25:00,03:28:00,3.0,FORWARD,100,51,SOURCE
3797,3797,51029,2.0,25,SVJR,PUNE,03:30:00,04:10:00,40.0,FORWARD,100,52,SOURCE
3805,3805,51030,1.0,1,PUNE,SVJR,22:55:00,23:14:00,19.0,REVERSE,101,52,SOURCE
3804,3804,51030,1.0,2,SVJR,KK,23:13:00,23:20:00,7.0,REVERSE,101,51,SOURCE
3803,3803,51030,1.0,3,KK,DAPD,23:19:00,23:25:00,6.0,REVERSE,101,50,SOURCE
3802,3802,51030,1.0,4,DAPD,KSWD,23:24:00,23:28:00,4.0,REVERSE,101,49,SOURCE
3801,3801,51030,1.0,5,KSWD,PMP,23:28:00,23:32:00,4.0,REVERSE,101,48,SOURCE
3800,3800,51030,1.0,6,PMP,CCH,23:31:00,23:40:00,9.0,REVERSE,101,47,SOURCE
3799,3799,51030,1.0,7,CCH,AKRD,23:39:00,23:45:00,6.0,REVERSE,101,46,SOURCE
3798,3798,51030,1.0,8,AKRD,DEHR,23:44:00,23:55:00,11.0,REVERSE,101,45,SOURCE
3844,3844,51030,2.0,1,GRWD,TGN,00:11:00,00:20:00,9.0,REVERSE,101,42,SOURCE
3843,3843,51030,2.0,2,TGN,VDN,00:19:00,00:25:00,6.0,REVERSE,101,41,SOURCE
3842,3842,51030,2.0,3,VDN,KNHE,00:24:00,00:28:00,4.0,REVERSE,101,40,SOURCE
3841,3841,51030,2.0,4,KNHE,KMST,00:28:00,00:31:00,3.0,REVERSE,101,39,SOURCE
3840,3840,51030,2.0,5,KMST,MVL,00:30:00,00:56:00,26.0,REVERSE,101,38,SOURCE
3839,3839,51030,2.0,6,MVL,LNL,00:56:00,01:15:00,19.0,REVERSE,101,37,SOURCE
3838,3838,51030,2.0,7,LNL,KAD,01:14:00,01:20:00,6.0,REVERSE,101,36,SOURCE
3837,3837,51030,2.0,8,KAD,PDI,01:19:00,01:48:00,29.0,REVERSE,101,35,SOURCE
3836,3836,51030,2.0,9,PDI,KJT,01:48:00,01:55:00,7.0,REVERSE,101,34,SOURCE
3835,3835,51030,2.0,10,KJT,BVS,01:54:00,02:02:00,8.0,REVERSE,101,33,SOURCE
3834,3834,51030,2.0,11,BVS,NRL,02:02:00,02:09:00,7.0,REVERSE,101,32,SOURCE
3833,3833,51030,2.0,12,NRL,SHLU,02:09:00,02:14:00,5.0,REVERSE,101,31,SOURCE
3832,3832,51030,2.0,13,SHLU,VGI,02:14:00,02:18:00,4.0,REVERSE,101,30,SOURCE
3831,3831,51030,2.0,14,VGI,BUD,02:18:00,02:30:00,12.0,REVERSE,101,29,SOURCE
3830,3830,51030,2.0,15,BUD,ABH,02:29:00,02:40:00,11.0,REVERSE,101,28,SOURCE
3829,3829,51030,2.0,16,ABH,ULNR,02:39:00,02:45:00,6.0,REVERSE,101,27,SOURCE
3828,3828,51030,2.0,17,ULNR,VLDI,02:44:00,02:50:00,6.0,REVERSE,101,26,SOURCE
3827,3827,51030,2.0,18,VLDI,KYN,02:50:00,03:00:00,10.0,REVERSE,101,25,SOURCE
3826,3826,51030,2.0,19,KYN,THK,02:55:00,03:03:00,8.0,REVERSE,101,24,SOURCE
3825,3825,51030,2.0,20,THK,DI,03:03:00,03:05:00,2.0,REVERSE,101,23,SOURCE
3824,3824,51030,2.0,21,DI,KOPR,03:05:00,03:06:00,1.0,REVERSE,101,22,SOURCE
3823,3823,51030,2.0,22,KOPR,DIVA,03:06:00,03:10:00,4.0,REVERSE,101,21,SOURCE
3822,3822,51030,2.0,23,DIVA,MBQ,03:10:00,03:13:00,3.0,REVERSE,101,20,SOURCE
3821,3821,51030,2.0,24,MBQ,KLVA,03:13:00,03:17:00,4.0,REVERSE,101,19,SOURCE
3820,3820,51030,2.0,25,KLVA,TNA,03:17:00,03:20:00,3.0,REVERSE,101,18,SOURCE
3819,3819,51030,2.0,26,TNA,MLND,03:19:00,03:23:00,4.0,REVERSE,101,17,SOURCE
3818,3818,51030,2.0,27,MLND,NHU,03:23:00,03:26:00,3.0,REVERSE,101,16,SOURCE
3817,3817,51030,2.0,28,NHU,BND,03:26:00,03:28:00,2.0,REVERSE,101,15,SOURCE
3816,3816,51030,2.0,29,VK,GC,03:32:00,03:37:00,5.0,REVERSE,101,13,SOURCE
3815,3815,51030,2.0,30,GC,VVH,03:37:00,03:38:00,1.0,REVERSE,101,12,SOURCE
3814,3814,51030,2.0,31,VVH,CLA,03:38:00,03:41:00,3.0,REVERSE,101,11,SOURCE
3813,3813,51030,2.0,32,CLA,SIN,03:41:00,03:44:00,3.0,REVERSE,101,10,SOURCE
3812,3812,51030,2.0,33,SIN,MTN,03:44:00,03:48:00,4.0,REVERSE,101,9,SOURCE
3811,3811,51030,2.0,34,MTN,DR,03:48:00,03:50:00,2.0,REVERSE,101,8,SOURCE
3810,3810,51030,2.0,35,DR,PR,03:49:00,03:52:00,3.0,REVERSE,101,7,SOURCE
3809,3809,51030,2.0,36,PR,CRD,03:52:00,03:56:00,4.0,REVERSE,101,6,SOURCE
3808,3808,51030,2.0,37,BY,SNRD,04:01:00,04:05:00,4.0,REVERSE,101,3,SOURCE
3807,3807,51030,2.0,38,SNRD,MSD,04:05:00,04:07:00,2.0,REVERSE,101,2,SOURCE
3806,3806,51030,2.0,39,MSD,CSMT,04:07:00,04:10:00,3.0,REVERSE,101,1,SOURCE
3845,3845,51033,1.0,1,CSMT,MSD,22:55:00,22:56:00,1.0,FORWARD,102,1,SOURCE
3846,3846,51033,1.0,2,MSD,SNRD,22:56:00,22:58:00,2.0,FORWARD,102,2,SOURCE
3847,3847,51033,1.0,3,SNRD,BY,22:58:00,23:01:00,3.0,FORWARD,102,3,SOURCE
3848,3848,51033,1.0,4,CRD,PR,23:03:00,23:06:00,3.0,FORWARD,102,6,SOURCE
3849,3849,51033,1.0,5,PR,DR,23:06:00,23:08:00,2.0,FORWARD,102,7,SOURCE
3850,3850,51033,1.0,6,DR,MTN,23:10:00,23:11:00,1.0,FORWARD,102,8,SOURCE
3851,3851,51033,1.0,7,MTN,SIN,23:11:00,23:14:00,3.0,FORWARD,102,9,SOURCE
3852,3852,51033,1.0,8,SIN,CLA,23:14:00,23:16:00,2.0,FORWARD,102,10,SOURCE
3853,3853,51033,1.0,9,CLA,VVH,23:16:00,23:18:00,2.0,FORWARD,102,11,SOURCE
3854,3854,51033,1.0,10,VVH,GC,23:18:00,23:20:00,2.0,FORWARD,102,12,SOURCE
3855,3855,51033,1.0,11,GC,VK,23:20:00,23:23:00,3.0,FORWARD,102,13,SOURCE
3856,3856,51033,1.0,12,BND,NHU,23:26:00,23:28:00,2.0,FORWARD,102,15,SOURCE
3857,3857,51033,1.0,13,NHU,MLND,23:28:00,23:30:00,2.0,FORWARD,102,16,SOURCE
3858,3858,51033,1.0,14,MLND,TNA,23:30:00,23:33:00,3.0,FORWARD,102,17,SOURCE
3859,3859,51033,1.0,15,TNA,KLVA,23:35:00,23:37:00,2.0,FORWARD,102,18,SOURCE
3860,3860,51033,1.0,16,KLVA,MBQ,23:37:00,23:40:00,3.0,FORWARD,102,19,SOURCE
3861,3861,51033,1.0,17,MBQ,DIVA,23:40:00,23:42:00,2.0,FORWARD,102,20,SOURCE
3862,3862,51033,1.0,18,DIVA,KOPR,23:42:00,23:45:00,3.0,FORWARD,102,21,SOURCE
3863,3863,51033,1.0,19,KOPR,DI,23:45:00,23:46:00,1.0,FORWARD,102,22,SOURCE
3864,3864,51033,1.0,20,DI,THK,23:46:00,23:47:00,1.0,FORWARD,102,23,SOURCE
3865,3865,51033,1.0,21,THK,KYN,23:47:00,23:50:00,3.0,FORWARD,102,24,SOURCE
3866,3866,51033,2.0,1,VLDI,ULNR,00:03:00,00:08:00,5.0,FORWARD,102,26,SOURCE
3867,3867,51033,2.0,2,ULNR,ABH,00:10:00,00:16:00,6.0,FORWARD,102,27,SOURCE
3868,3868,51033,2.0,3,ABH,BUD,00:18:00,00:24:00,6.0,FORWARD,102,28,SOURCE
3869,3869,51033,2.0,4,BUD,VGI,00:26:00,00:35:00,9.0,FORWARD,102,29,SOURCE
3870,3870,51033,2.0,5,VGI,SHLU,00:35:00,00:38:00,3.0,FORWARD,102,30,SOURCE
3871,3871,51033,2.0,6,SHLU,NRL,00:38:00,00:42:00,4.0,FORWARD,102,31,SOURCE
3872,3872,51033,2.0,7,NRL,BVS,00:42:00,00:48:00,6.0,FORWARD,102,32,SOURCE
3873,3873,51033,2.0,8,BVS,KJT,00:48:00,00:53:00,5.0,FORWARD,102,33,SOURCE
3874,3874,51033,2.0,9,KJT,PDI,00:55:00,01:00:00,5.0,FORWARD,102,34,SOURCE
3875,3875,51033,2.0,10,PDI,KAD,01:00:00,01:38:00,38.0,FORWARD,102,35,SOURCE
3876,3876,51033,2.0,11,KAD,LNL,01:40:00,01:53:00,13.0,FORWARD,102,36,SOURCE
3877,3877,51033,2.0,12,LNL,MVL,01:55:00,02:02:00,7.0,FORWARD,102,37,SOURCE
3878,3878,51033,2.0,13,MVL,KMST,02:02:00,02:11:00,9.0,FORWARD,102,38,SOURCE
3879,3879,51033,2.0,14,KMST,KNHE,02:13:00,02:16:00,3.0,FORWARD,102,39,SOURCE
3880,3880,51033,2.0,15,KNHE,VDN,02:16:00,02:20:00,4.0,FORWARD,102,40,SOURCE
3881,3881,51033,2.0,16,VDN,TGN,02:20:00,02:23:00,3.0,FORWARD,102,41,SOURCE
3882,3882,51033,2.0,17,TGN,GRWD,02:25:00,02:29:00,4.0,FORWARD,102,42,SOURCE
3883,3883,51033,2.0,18,DEHR,AKRD,02:40:00,02:51:00,11.0,FORWARD,102,45,SOURCE
3884,3884,51033,2.0,19,AKRD,CCH,02:51:00,02:58:00,7.0,FORWARD,102,46,SOURCE
3885,3885,51033,2.0,20,CCH,PMP,03:00:00,03:03:00,3.0,FORWARD,102,47,SOURCE
3886,3886,51033,2.0,21,PMP,KSWD,03:05:00,03:10:00,5.0,FORWARD,102,48,SOURCE
3887,3887,51033,2.0,22,KSWD,DAPD,03:10:00,03:18:00,8.0,FORWARD,102,49,SOURCE
3888,3888,51033,2.0,23,DAPD,KK,03:18:00,03:23:00,5.0,FORWARD,102,50,SOURCE
3889,3889,51033,2.0,24,KK,SVJR,03:25:00,03:28:00,3.0,FORWARD,102,51,SOURCE
3890,3890,51033,2.0,25,SVJR,PUNE,03:30:00,04:10:00,40.0,FORWARD,102,52,SOURCE
3898,3898,51034,1.0,1,PUNE,SVJR,22:55:00,23:14:00,19.0,REVERSE,103,52,SOURCE
3897,3897,51034,1.0,2,SVJR,KK,23:12:00,23:20:00,8.0,REVERSE,103,51,SOURCE
3896,3896,51034,1.0,3,KK,DAPD,23:18:00,23:25:00,7.0,REVERSE,103,50,SOURCE
3895,3895,51034,1.0,4,DAPD,KSWD,23:23:00,23:28:00,5.0,REVERSE,103,49,SOURCE
3894,3894,51034,1.0,5,KSWD,PMP,23:28:00,23:32:00,4.0,REVERSE,103,48,SOURCE
3893,3893,51034,1.0,6,PMP,CCH,23:30:00,23:40:00,10.0,REVERSE,103,47,SOURCE
3892,3892,51034,1.0,7,CCH,AKRD,23:38:00,23:45:00,7.0,REVERSE,103,46,SOURCE
3891,3891,51034,1.0,8,AKRD,DEHR,23:43:00,23:55:00,12.0,REVERSE,103,45,SOURCE
3937,3937,51034,2.0,1,GRWD,TGN,00:10:00,00:20:00,10.0,REVERSE,103,42,SOURCE
3936,3936,51034,2.0,2,TGN,VDN,00:18:00,00:25:00,7.0,REVERSE,103,41,SOURCE
3935,3935,51034,2.0,3,VDN,KNHE,00:23:00,00:27:00,4.0,REVERSE,103,40,SOURCE
3934,3934,51034,2.0,4,KNHE,KMST,00:27:00,00:31:00,4.0,REVERSE,103,39,SOURCE
3933,3933,51034,2.0,5,KMST,MVL,00:29:00,00:54:00,25.0,REVERSE,103,38,SOURCE
3932,3932,51034,2.0,6,MVL,LNL,00:54:00,01:15:00,21.0,REVERSE,103,37,SOURCE
3931,3931,51034,2.0,7,LNL,KAD,01:13:00,01:20:00,7.0,REVERSE,103,36,SOURCE
3930,3930,51034,2.0,8,KAD,PDI,01:18:00,01:49:00,31.0,REVERSE,103,35,SOURCE
3929,3929,51034,2.0,9,PDI,KJT,01:49:00,01:55:00,6.0,REVERSE,103,34,SOURCE
3928,3928,51034,2.0,10,KJT,BVS,01:53:00,02:02:00,9.0,REVERSE,103,33,SOURCE
3927,3927,51034,2.0,11,BVS,NRL,02:02:00,02:09:00,7.0,REVERSE,103,32,SOURCE
3926,3926,51034,2.0,12,NRL,SHLU,02:09:00,02:13:00,4.0,REVERSE,103,31,SOURCE
3925,3925,51034,2.0,13,SHLU,VGI,02:13:00,02:17:00,4.0,REVERSE,103,30,SOURCE
3924,3924,51034,2.0,14,VGI,BUD,02:17:00,02:30:00,13.0,REVERSE,103,29,SOURCE
3923,3923,51034,2.0,15,BUD,ABH,02:28:00,02:40:00,12.0,REVERSE,103,28,SOURCE
3922,3922,51034,2.0,16,ABH,ULNR,02:38:00,02:45:00,7.0,REVERSE,103,27,SOURCE
3921,3921,51034,2.0,17,ULNR,VLDI,02:43:00,02:50:00,7.0,REVERSE,103,26,SOURCE
3920,3920,51034,2.0,18,VLDI,KYN,02:50:00,03:00:00,10.0,REVERSE,103,25,SOURCE
3919,3919,51034,2.0,19,KYN,THK,02:55:00,03:03:00,8.0,REVERSE,103,24,SOURCE
3918,3918,51034,2.0,20,THK,DI,03:03:00,03:04:00,1.0,REVERSE,103,23,SOURCE
3917,3917,51034,2.0,21,DI,KOPR,03:04:00,03:06:00,2.0,REVERSE,103,22,SOURCE
3916,3916,51034,2.0,22,KOPR,DIVA,03:06:00,03:10:00,4.0,REVERSE,103,21,SOURCE
3915,3915,51034,2.0,23,DIVA,MBQ,03:10:00,03:12:00,2.0,REVERSE,103,20,SOURCE
3914,3914,51034,2.0,24,MBQ,KLVA,03:12:00,03:16:00,4.0,REVERSE,103,19,SOURCE
3913,3913,51034,2.0,25,KLVA,TNA,03:16:00,03:20:00,4.0,REVERSE,103,18,SOURCE
3912,3912,51034,2.0,26,TNA,MLND,03:18:00,03:23:00,5.0,REVERSE,103,17,SOURCE
3911,3911,51034,2.0,27,MLND,NHU,03:23:00,03:26:00,3.0,REVERSE,103,16,SOURCE
3910,3910,51034,2.0,28,NHU,BND,03:26:00,03:27:00,1.0,REVERSE,103,15,SOURCE
3909,3909,51034,2.0,29,VK,GC,03:32:00,03:36:00,4.0,REVERSE,103,13,SOURCE
3908,3908,51034,2.0,30,GC,VVH,03:36:00,03:38:00,2.0,REVERSE,103,12,SOURCE
3907,3907,51034,2.0,31,VVH,CLA,03:38:00,03:41:00,3.0,REVERSE,103,11,SOURCE
3906,3906,51034,2.0,32,CLA,SIN,03:41:00,03:44:00,3.0,REVERSE,103,10,SOURCE
3905,3905,51034,2.0,33,SIN,MTN,03:44:00,03:47:00,3.0,REVERSE,103,9,SOURCE
3904,3904,51034,2.0,34,MTN,DR,03:47:00,03:50:00,3.0,REVERSE,103,8,SOURCE
3903,3903,51034,2.0,35,DR,PR,03:48:00,03:52:00,4.0,REVERSE,103,7,SOURCE
3902,3902,51034,2.0,36,PR,CRD,03:52:00,03:56:00,4.0,REVERSE,103,6,SOURCE
3901,3901,51034,2.0,37,BY,SNRD,04:01:00,04:05:00,4.0,REVERSE,103,3,SOURCE
3900,3900,51034,2.0,38,SNRD,MSD,04:05:00,04:07:00,2.0,REVERSE,103,2,SOURCE
3899,3899,51034,2.0,39,MSD,CSMT,04:07:00,04:10:00,3.0,REVERSE,103,1,SOURCE
