movement_id,train_number,day,from_station,to_station,entry_time,exit_time,train_id,section_id
1,06501,2.0,KOPR,DI,08:04:00,07:57:00,1,22
2,06501,2.0,DI,THK,07:57:00,07:55:00,1,23
3,06501,2.0,THK,KYN,07:55:00,07:47:00,1,24
4,06501,2.0,KYN,VLDI,07:50:00,07:45:00,1,25
5,06501,2.0,VLDI,ULNR,07:45:00,07:43:00,1,26
6,06501,2.0,ULNR,ABH,07:43:00,07:40:00,1,27
7,06501,2.0,ABH,BUD,07:40:00,07:30:00,1,28
8,06501,2.0,BUD,VGI,07:30:00,07:16:00,1,29
9,06501,2.0,VGI,SHLU,07:16:00,07:11:00,1,30
10,06501,2.0,SHLU,NRL,07:11:00,07:05:00,1,31
11,06501,2.0,NRL,BVS,07:05:00,06:57:00,1,32
12,06501,2.0,BVS,KJT,06:57:00,06:48:00,1,33
13,06501,2.0,KJT,PDI,06:48:00,06:44:00,1,34
14,06501,2.0,PDI,KAD,06:44:00,06:17:00,1,35
15,06501,2.0,KAD,LNL,06:17:00,06:09:00,1,36
16,06501,2.0,LNL,MVL,06:12:00,06:03:00,1,37
17,06501,2.0,MVL,KMST,06:03:00,05:56:00,1,38
18,06501,2.0,KMST,KNHE,05:56:00,05:52:00,1,39
19,06501,2.0,KNHE,VDN,05:52:00,05:47:00,1,40
20,06501,2.0,VDN,TGN,05:47:00,05:44:00,1,41
21,06501,2.0,TGN,GRWD,05:44:00,05:41:00,1,42
22,06501,2.0,DEHR,AKRD,05:36:00,05:32:00,1,45
23,06501,2.0,AKRD,CCH,05:32:00,05:29:00,1,46
24,06501,2.0,CCH,PMP,05:29:00,05:27:00,1,47
25,06501,2.0,PMP,KSWD,05:27:00,05:25:00,1,48
26,06501,2.0,KSWD,DAPD,05:25:00,05:22:00,1,49
27,06501,2.0,DAPD,KK,05:22:00,05:20:00,1,50
28,06501,2.0,KK,SVJR,05:20:00,05:17:00,1,51
29,06501,2.0,SVJR,PUNE,05:17:00,04:55:00,1,52
30,06502,2.0,KOPR,DI,04:31:00,04:35:00,2,22
31,06502,2.0,DI,THK,04:35:00,04:36:00,2,23
32,06502,2.0,THK,KYN,04:36:00,04:45:00,2,24
33,06502,2.0,KYN,VLDI,04:50:00,04:52:00,2,25
34,06502,2.0,VLDI,ULNR,04:52:00,04:54:00,2,26
35,06502,2.0,ULNR,ABH,04:54:00,04:57:00,2,27
36,06502,2.0,ABH,BUD,04:57:00,05:05:00,2,28
37,06502,2.0,BUD,VGI,05:05:00,05:16:00,2,29
38,06502,2.0,VGI,SHLU,05:16:00,05:20:00,2,30
39,06502,2.0,SHLU,NRL,05:20:00,05:24:00,2,31
40,06502,2.0,NRL,BVS,05:24:00,05:31:00,2,32
41,06502,2.0,BVS,KJT,05:31:00,05:39:00,2,33
42,06502,2.0,KJT,PDI,05:39:00,05:42:00,2,34
43,06502,2.0,PDI,KAD,05:42:00,06:03:00,2,35
44,06502,2.0,KAD,LNL,06:03:00,06:07:00,2,36
45,06502,2.0,LNL,MVL,06:10:00,06:18:00,2,37
46,06502,2.0,MVL,KMST,06:18:00,06:28:00,2,38
47,06502,2.0,KMST,KNHE,06:28:00,06:33:00,2,39
48,06502,2.0,KNHE,VDN,06:33:00,06:38:00,2,40
49,06502,2.0,VDN,TGN,06:38:00,06:43:00,2,41
50,06502,2.0,TGN,GRWD,06:43:00,06:46:00,2,42
51,06502,2.0,DEHR,AKRD,06:53:00,06:59:00,2,45
52,06502,2.0,AKRD,CCH,06:59:00,07:02:00,2,46
53,06502,2.0,CCH,PMP,07:02:00,07:05:00,2,47
54,06502,2.0,PMP,KSWD,07:05:00,07:07:00,2,48
55,06502,2.0,KSWD,DAPD,07:07:00,07:11:00,2,49
56,06502,2.0,DAPD,KK,07:11:00,07:14:00,2,50
57,06502,2.0,KK,SVJR,07:14:00,07:18:00,2,51
58,06502,2.0,SVJR,PUNE,07:18:00,07:20:00,2,52
59,09221,2.0,KOPR,DI,19:16:00,19:23:00,3,22
60,09221,2.0,DI,THK,19:23:00,19:25:00,3,23
61,09221,2.0,THK,KYN,19:25:00,19:40:00,3,24
62,09221,2.0,KYN,VLDI,19:50:00,19:53:00,3,25
63,09221,2.0,VLDI,ULNR,19:53:00,19:55:00,3,26
64,09221,2.0,ULNR,ABH,19:55:00,19:58:00,3,27
65,09221,2.0,ABH,BUD,19:58:00,20:07:00,3,28
66,09221,2.0,BUD,VGI,20:07:00,20:20:00,3,29
67,09221,2.0,VGI,SHLU,20:20:00,20:25:00,3,30
68,09221,2.0,SHLU,NRL,20:25:00,20:30:00,3,31
69,09221,2.0,NRL,BVS,20:30:00,20:37:00,3,32
70,09221,2.0,BVS,KJT,20:37:00,20:46:00,3,33
71,09221,2.0,KJT,PDI,20:46:00,20:49:00,3,34
72,09221,2.0,PDI,KAD,20:49:00,21:14:00,3,35
73,09221,2.0,KAD,LNL,21:14:00,21:18:00,3,36
74,09221,2.0,LNL,MVL,21:20:00,21:27:00,3,37
75,09221,2.0,MVL,KMST,21:27:00,21:36:00,3,38
76,09221,2.0,KMST,KNHE,21:36:00,21:41:00,3,39
77,09221,2.0,KNHE,VDN,21:41:00,21:46:00,3,40
78,09221,2.0,VDN,TGN,21:46:00,21:50:00,3,41
79,09221,2.0,TGN,GRWD,21:50:00,21:53:00,3,42
80,09221,2.0,DEHR,AKRD,22:00:00,22:05:00,3,45
81,09221,2.0,AKRD,CCH,22:05:00,22:08:00,3,46
82,09221,2.0,CCH,PMP,22:08:00,22:10:00,3,47
83,09221,2.0,PMP,KSWD,22:10:00,22:13:00,3,48
84,09221,2.0,KSWD,DAPD,22:13:00,22:16:00,3,49
85,09221,2.0,DAPD,KK,22:16:00,22:18:00,3,50
86,09221,2.0,KK,SVJR,22:18:00,22:22:00,3,51
87,09221,2.0,SVJR,PUNE,22:22:00,22:25:00,3,52
88,09222,2.0,KOPR,DI,05:08:00,04:59:00,4,22
89,09222,2.0,DI,THK,04:59:00,04:56:00,4,23
90,09222,2.0,THK,KYN,04:56:00,04:45:00,4,24
91,09222,2.0,KYN,VLDI,04:50:00,04:43:00,4,25
92,09222,2.0,VLDI,ULNR,04:43:00,04:40:00,4,26
93,09222,2.0,ULNR,ABH,04:40:00,04:37:00,4,27
94,09222,2.0,ABH,BUD,04:37:00,04:28:00,4,28
95,09222,2.0,BUD,VGI,04:28:00,04:15:00,4,29
96,09222,2.0,VGI,SHLU,04:15:00,04:10:00,4,30
97,09222,2.0,SHLU,NRL,04:10:00,04:05:00,4,31
98,09222,2.0,NRL,BVS,04:05:00,03:57:00,4,32
99,09222,2.0,BVS,KJT,03:57:00,03:48:00,4,33
100,09222,2.0,KJT,PDI,03:48:00,03:45:00,4,34
101,09222,2.0,PDI,KAD,03:45:00,03:20:00,4,35
102,09222,2.0,KAD,LNL,03:20:00,03:13:00,4,36
103,09222,2.0,LNL,MVL,03:15:00,03:05:00,4,37
104,09222,2.0,MVL,KMST,03:05:00,02:56:00,4,38
105,09222,2.0,KMST,KNHE,02:56:00,02:51:00,4,39
106,09222,2.0,KNHE,VDN,02:51:00,02:45:00,4,40
107,09222,2.0,VDN,TGN,02:45:00,02:41:00,4,41
108,09222,2.0,TGN,GRWD,02:41:00,02:38:00,4,42
109,09222,2.0,DEHR,AKRD,02:31:00,02:26:00,4,45
110,09222,2.0,AKRD,CCH,02:26:00,02:22:00,4,46
111,09222,2.0,CCH,PMP,02:22:00,02:20:00,4,47
112,09222,2.0,PMP,KSWD,02:20:00,02:18:00,4,48
113,09222,2.0,KSWD,DAPD,02:18:00,02:14:00,4,49
114,09222,2.0,DAPD,KK,02:14:00,02:11:00,4,50
115,09222,2.0,KK,SVJR,02:11:00,02:08:00,4,51
116,09222,2.0,SVJR,PUNE,02:08:00,02:00:00,4,52
117,09405,2.0,KOPR,DI,04:31:00,04:38:00,5,22
118,09405,2.0,DI,THK,04:38:00,04:40:00,5,23
119,09405,2.0,THK,KYN,04:40:00,04:45:00,5,24
120,09405,2.0,KYN,VLDI,04:50:00,04:53:00,5,25
121,09405,2.0,VLDI,ULNR,04:53:00,04:55:00,5,26
122,09405,2.0,ULNR,ABH,04:55:00,04:57:00,5,27
123,09405,2.0,ABH,BUD,04:57:00,05:06:00,5,28
124,09405,2.0,BUD,VGI,05:06:00,05:17:00,5,29
125,09405,2.0,VGI,SHLU,05:17:00,05:22:00,5,30
126,09405,2.0,SHLU,NRL,05:22:00,05:26:00,5,31
127,09405,2.0,NRL,BVS,05:26:00,05:33:00,5,32
128,09405,2.0,BVS,KJT,05:33:00,05:41:00,5,33
129,09405,2.0,KJT,PDI,05:41:00,05:44:00,5,34
130,09405,2.0,PDI,KAD,05:44:00,06:07:00,5,35
131,09405,2.0,KAD,LNL,06:07:00,06:11:00,5,36
132,09405,2.0,LNL,MVL,06:11:00,06:19:00,5,37
133,09405,2.0,MVL,KMST,06:19:00,06:28:00,5,38
134,09405,2.0,KMST,KNHE,06:28:00,06:33:00,5,39
135,09405,2.0,KNHE,VDN,06:33:00,06:39:00,5,40
136,09405,2.0,VDN,TGN,06:39:00,06:43:00,5,41
137,09405,2.0,TGN,GRWD,06:43:00,06:46:00,5,42
138,09405,2.0,DEHR,AKRD,06:53:00,06:59:00,5,45
139,09405,2.0,AKRD,CCH,06:59:00,07:02:00,5,46
140,09405,2.0,CCH,PMP,07:02:00,07:05:00,5,47
141,09405,2.0,PMP,KSWD,07:05:00,07:07:00,5,48
142,09405,2.0,KSWD,DAPD,07:07:00,07:11:00,5,49
143,09405,2.0,DAPD,KK,07:11:00,07:13:00,5,50
144,09405,2.0,KK,SVJR,07:13:00,07:17:00,5,51
145,09405,2.0,SVJR,PUNE,07:17:00,07:20:00,5,52
146,09406,2.0,KOPR,DI,06:54:00,06:52:00,6,22
147,09406,2.0,DI,THK,06:52:00,06:51:00,6,23
148,09406,2.0,THK,KYN,06:51:00,06:48:00,6,24
149,09406,2.0,KYN,VLDI,06:50:00,06:44:00,6,25
150,09406,2.0,VLDI,ULNR,06:44:00,06:42:00,6,26
151,09406,2.0,ULNR,ABH,06:42:00,06:39:00,6,27
152,09406,2.0,ABH,BUD,06:39:00,06:29:00,6,28
153,09406,2.0,BUD,VGI,06:29:00,06:16:00,6,29
154,09406,2.0,VGI,SHLU,06:16:00,06:12:00,6,30
155,09406,2.0,SHLU,NRL,06:12:00,06:07:00,6,31
156,09406,2.0,NRL,BVS,06:07:00,05:58:00,6,32
157,09406,2.0,BVS,KJT,05:58:00,05:50:00,6,33
158,09406,2.0,KJT,PDI,05:50:00,05:47:00,6,34
159,09406,2.0,PDI,KAD,05:47:00,05:21:00,6,35
160,09406,2.0,KAD,LNL,05:21:00,05:17:00,6,36
161,09406,2.0,LNL,MVL,05:17:00,05:08:00,6,37
162,09406,2.0,MVL,KMST,05:08:00,04:58:00,6,38
163,09406,2.0,KMST,KNHE,04:58:00,04:52:00,6,39
164,09406,2.0,KNHE,VDN,04:52:00,04:46:00,6,40
165,09406,2.0,VDN,TGN,04:46:00,04:41:00,6,41
166,09406,2.0,TGN,GRWD,04:41:00,04:38:00,6,42
167,09406,2.0,DEHR,AKRD,04:30:00,04:24:00,6,45
168,09406,2.0,AKRD,CCH,04:24:00,04:20:00,6,46
169,09406,2.0,CCH,PMP,04:20:00,04:17:00,6,47
170,09406,2.0,PMP,KSWD,04:17:00,04:14:00,6,48
171,09406,2.0,KSWD,DAPD,04:14:00,04:10:00,6,49
172,09406,2.0,DAPD,KK,04:10:00,04:07:00,6,50
173,09406,2.0,KK,SVJR,04:07:00,04:03:00,6,51
174,09406,2.0,SVJR,PUNE,04:03:00,03:40:00,6,52
175,11007,1.0,CSMT,MSD,07:10:00,07:11:00,7,1
176,11007,1.0,MSD,SNRD,07:11:00,07:13:00,7,2
177,11007,1.0,SNRD,BY,07:13:00,07:16:00,7,3
178,11007,1.0,CRD,PR,07:18:00,07:21:00,7,6
179,11007,1.0,PR,DR,07:21:00,07:23:00,7,7
180,11007,1.0,DR,MTN,07:25:00,07:26:00,7,8
181,11007,1.0,MTN,SIN,07:26:00,07:29:00,7,9
182,11007,1.0,SIN,CLA,07:29:00,07:31:00,7,10
183,11007,1.0,CLA,VVH,07:31:00,07:33:00,7,11
184,11007,1.0,VVH,GC,07:33:00,07:35:00,7,12
185,11007,1.0,GC,VK,07:35:00,07:38:00,7,13
186,11007,1.0,BND,NHU,07:42:00,07:43:00,7,15
187,11007,1.0,NHU,MLND,07:43:00,07:45:00,7,16
188,11007,1.0,MLND,TNA,07:45:00,07:48:00,7,17
189,11007,1.0,TNA,KLVA,07:50:00,07:52:00,7,18
190,11007,1.0,KLVA,MBQ,07:52:00,07:56:00,7,19
191,11007,1.0,MBQ,DIVA,07:56:00,07:59:00,7,20
192,11007,1.0,DIVA,KOPR,07:59:00,08:03:00,7,21
193,11007,1.0,KOPR,DI,08:03:00,08:04:00,7,22
194,11007,1.0,DI,THK,08:04:00,08:05:00,7,23
195,11007,1.0,THK,KYN,08:05:00,08:08:00,7,24
196,11007,1.0,KYN,VLDI,08:10:00,08:12:00,7,25
197,11007,1.0,VLDI,ULNR,08:12:00,08:14:00,7,26
198,11007,1.0,ULNR,ABH,08:14:00,08:16:00,7,27
199,11007,1.0,ABH,BUD,08:16:00,08:22:00,7,28
200,11007,1.0,BUD,VGI,08:22:00,08:32:00,7,29
201,11007,1.0,VGI,SHLU,08:32:00,08:35:00,7,30
202,11007,1.0,SHLU,NRL,08:35:00,08:38:00,7,31
203,11007,1.0,NRL,BVS,08:40:00,08:49:00,7,32
204,11007,1.0,BVS,KJT,08:49:00,08:58:00,7,33
205,11007,1.0,KJT,PDI,09:00:00,09:05:00,7,34
206,11007,1.0,PDI,KAD,09:05:00,09:40:00,7,35
207,11007,1.0,KAD,LNL,09:42:00,09:48:00,7,36
208,11007,1.0,LNL,MVL,09:50:00,09:56:00,7,37
209,11007,1.0,MVL,KMST,09:56:00,10:02:00,7,38
210,11007,1.0,KMST,KNHE,10:02:00,10:06:00,7,39
211,11007,1.0,KNHE,VDN,10:06:00,10:10:00,7,40
212,11007,1.0,VDN,TGN,10:10:00,10:13:00,7,41
213,11007,1.0,TGN,GRWD,10:15:00,10:18:00,7,42
214,11007,1.0,DEHR,AKRD,10:24:00,10:29:00,7,45
215,11007,1.0,AKRD,CCH,10:29:00,10:32:00,7,46
216,11007,1.0,CCH,PMP,10:32:00,10:34:00,7,47
217,11007,1.0,PMP,KSWD,10:34:00,10:36:00,7,48
218,11007,1.0,KSWD,DAPD,10:36:00,10:39:00,7,49
219,11007,1.0,DAPD,KK,10:39:00,10:41:00,7,50
220,11007,1.0,KK,SVJR,10:43:00,10:48:00,7,51
221,11007,1.0,SVJR,PUNE,10:50:00,11:10:00,7,52
222,11008,1.0,CSMT,MSD,None,19:37:00,8,1
223,11008,1.0,MSD,SNRD,19:37:00,19:33:00,8,2
224,11008,1.0,SNRD,BY,19:33:00,19:28:00,8,3
225,11008,1.0,CRD,PR,19:23:00,19:18:00,8,6
226,11008,1.0,PR,DR,19:18:00,19:13:00,8,7
227,11008,1.0,DR,MTN,19:15:00,19:12:00,8,8
228,11008,1.0,MTN,SIN,19:12:00,19:09:00,8,9
229,11008,1.0,SIN,CLA,19:09:00,19:06:00,8,10
230,11008,1.0,CLA,VVH,19:06:00,19:03:00,8,11
231,11008,1.0,VVH,GC,19:03:00,19:01:00,8,12
232,11008,1.0,GC,VK,19:01:00,18:57:00,8,13
233,11008,1.0,BND,NHU,18:52:00,18:51:00,8,15
234,11008,1.0,NHU,MLND,18:51:00,18:48:00,8,16
235,11008,1.0,MLND,TNA,18:48:00,18:43:00,8,17
236,11008,1.0,TNA,KLVA,18:45:00,18:41:00,8,18
237,11008,1.0,KLVA,MBQ,18:41:00,18:37:00,8,19
238,11008,1.0,MBQ,DIVA,18:37:00,18:35:00,8,20
239,11008,1.0,DIVA,KOPR,18:35:00,18:31:00,8,21
240,11008,1.0,KOPR,DI,18:31:00,18:29:00,8,22
241,11008,1.0,DI,THK,18:29:00,18:28:00,8,23
242,11008,1.0,THK,KYN,18:28:00,18:20:00,8,24
243,11008,1.0,KYN,VLDI,18:25:00,18:17:00,8,25
244,11008,1.0,VLDI,ULNR,18:17:00,18:15:00,8,26
245,11008,1.0,ULNR,ABH,18:15:00,18:13:00,8,27
246,11008,1.0,ABH,BUD,18:13:00,18:05:00,8,28
247,11008,1.0,BUD,VGI,18:05:00,17:53:00,8,29
248,11008,1.0,VGI,SHLU,17:53:00,17:49:00,8,30
249,11008,1.0,SHLU,NRL,17:49:00,17:44:00,8,31
250,11008,1.0,NRL,BVS,17:44:00,17:37:00,8,32
251,11008,1.0,BVS,KJT,17:37:00,17:28:00,8,33
252,11008,1.0,KJT,PDI,17:30:00,17:22:00,8,34
253,11008,1.0,PDI,KAD,17:22:00,16:43:00,8,35
254,11008,1.0,KAD,LNL,16:45:00,16:33:00,8,36
255,11008,1.0,LNL,MVL,16:35:00,16:27:00,8,37
256,11008,1.0,MVL,KMST,16:27:00,16:20:00,8,38
257,11008,1.0,KMST,KNHE,16:20:00,16:16:00,8,39
258,11008,1.0,KNHE,VDN,16:16:00,16:11:00,8,40
259,11008,1.0,VDN,TGN,16:11:00,16:06:00,8,41
260,11008,1.0,TGN,GRWD,16:08:00,16:04:00,8,42
261,11008,1.0,DEHR,AKRD,15:59:00,15:55:00,8,45
262,11008,1.0,AKRD,CCH,15:55:00,15:53:00,8,46
263,11008,1.0,CCH,PMP,15:53:00,15:51:00,8,47
264,11008,1.0,PMP,KSWD,15:51:00,15:49:00,8,48
265,11008,1.0,KSWD,DAPD,15:49:00,15:47:00,8,49
266,11008,1.0,DAPD,KK,15:47:00,15:42:00,8,50
267,11008,1.0,KK,SVJR,15:45:00,15:35:00,8,51
268,11008,1.0,SVJR,PUNE,15:38:00,None,8,52
269,11009,1.0,CSMT,MSD,14:30:00,14:31:00,9,1
270,11009,1.0,MSD,SNRD,14:31:00,14:33:00,9,2
271,11009,1.0,SNRD,BY,14:33:00,14:36:00,9,3
272,11009,1.0,CRD,PR,14:38:00,14:41:00,9,6
273,11009,1.0,PR,DR,14:41:00,14:43:00,9,7
274,11009,1.0,DR,MTN,14:45:00,14:46:00,9,8
275,11009,1.0,MTN,SIN,14:46:00,14:49:00,9,9
276,11009,1.0,SIN,CLA,14:49:00,14:51:00,9,10
277,11009,1.0,CLA,VVH,14:51:00,14:53:00,9,11
278,11009,1.0,VVH,GC,14:53:00,14:55:00,9,12
279,11009,1.0,GC,VK,14:55:00,14:58:00,9,13
280,11009,1.0,BND,NHU,15:02:00,15:03:00,9,15
281,11009,1.0,NHU,MLND,15:03:00,15:05:00,9,16
282,11009,1.0,MLND,TNA,15:05:00,15:08:00,9,17
283,11009,1.0,TNA,KLVA,15:10:00,15:12:00,9,18
284,11009,1.0,KLVA,MBQ,15:12:00,15:16:00,9,19
285,11009,1.0,MBQ,DIVA,15:16:00,15:19:00,9,20
286,11009,1.0,DIVA,KOPR,15:19:00,15:23:00,9,21
287,11009,1.0,KOPR,DI,15:23:00,15:24:00,9,22
288,11009,1.0,DI,THK,15:24:00,15:25:00,9,23
289,11009,1.0,THK,KYN,15:25:00,15:28:00,9,24
290,11009,1.0,KYN,VLDI,15:30:00,15:32:00,9,25
291,11009,1.0,VLDI,ULNR,15:32:00,15:34:00,9,26
292,11009,1.0,ULNR,ABH,15:34:00,15:36:00,9,27
293,11009,1.0,ABH,BUD,15:36:00,15:42:00,9,28
294,11009,1.0,BUD,VGI,15:42:00,15:51:00,9,29
295,11009,1.0,VGI,SHLU,15:51:00,15:54:00,9,30
296,11009,1.0,SHLU,NRL,15:54:00,15:58:00,9,31
297,11009,1.0,NRL,BVS,15:58:00,16:03:00,9,32
298,11009,1.0,BVS,KJT,16:03:00,16:08:00,9,33
299,11009,1.0,KJT,PDI,16:10:00,16:15:00,9,34
300,11009,1.0,PDI,KAD,16:15:00,16:53:00,9,35
301,11009,1.0,KAD,LNL,16:55:00,17:08:00,9,36
302,11009,1.0,LNL,MVL,17:10:00,17:15:00,9,37
303,11009,1.0,MVL,KMST,17:15:00,17:22:00,9,38
304,11009,1.0,KMST,KNHE,17:22:00,17:25:00,9,39
305,11009,1.0,KNHE,VDN,17:25:00,17:29:00,9,40
306,11009,1.0,VDN,TGN,17:29:00,17:32:00,9,41
307,11009,1.0,TGN,GRWD,17:32:00,17:34:00,9,42
308,11009,1.0,DEHR,AKRD,17:39:00,17:42:00,9,45
309,11009,1.0,AKRD,CCH,17:42:00,17:45:00,9,46
310,11009,1.0,CCH,PMP,17:47:00,17:50:00,9,47
311,11009,1.0,PMP,KSWD,17:52:00,17:55:00,9,48
312,11009,1.0,KSWD,DAPD,17:55:00,18:00:00,9,49
313,11009,1.0,DAPD,KK,18:00:00,18:03:00,9,50
314,11009,1.0,KK,SVJR,18:05:00,18:13:00,9,51
315,11009,1.0,SVJR,PUNE,18:15:00,18:40:00,9,52
316,11010,1.0,CSMT,MSD,None,09:52:00,10,1
317,11010,1.0,MSD,SNRD,09:52:00,09:50:00,10,2
318,11010,1.0,SNRD,BY,09:50:00,09:46:00,10,3
319,11010,1.0,CRD,PR,09:41:00,09:37:00,10,6
320,11010,1.0,PR,DR,09:37:00,09:33:00,10,7
321,11010,1.0,DR,MTN,09:35:00,09:32:00,10,8
322,11010,1.0,MTN,SIN,09:32:00,09:30:00,10,9
323,11010,1.0,SIN,CLA,09:30:00,09:27:00,10,10
324,11010,1.0,CLA,VVH,09:27:00,09:24:00,10,11
325,11010,1.0,VVH,GC,09:24:00,09:23:00,10,12
326,11010,1.0,GC,VK,09:23:00,09:19:00,10,13
327,11010,1.0,BND,NHU,09:15:00,09:13:00,10,15
328,11010,1.0,NHU,MLND,09:13:00,09:11:00,10,16
329,11010,1.0,MLND,TNA,09:11:00,09:08:00,10,17
330,11010,1.0,TNA,KLVA,09:08:00,09:06:00,10,18
331,11010,1.0,KLVA,MBQ,09:06:00,09:01:00,10,19
332,11010,1.0,MBQ,DIVA,09:01:00,08:58:00,10,20
333,11010,1.0,DIVA,KOPR,08:58:00,08:54:00,10,21
334,11010,1.0,KOPR,DI,08:54:00,08:52:00,10,22
335,11010,1.0,DI,THK,08:52:00,08:51:00,10,23
336,11010,1.0,THK,KYN,08:51:00,08:42:00,10,24
337,11010,1.0,KYN,VLDI,08:47:00,08:40:00,10,25
338,11010,1.0,VLDI,ULNR,08:40:00,08:38:00,10,26
339,11010,1.0,ULNR,ABH,08:38:00,08:36:00,10,27
340,11010,1.0,ABH,BUD,08:36:00,08:29:00,10,28
341,11010,1.0,BUD,VGI,08:29:00,08:20:00,10,29
342,11010,1.0,VGI,SHLU,08:20:00,08:16:00,10,30
343,11010,1.0,SHLU,NRL,08:16:00,08:12:00,10,31
344,11010,1.0,NRL,BVS,08:12:00,08:06:00,10,32
345,11010,1.0,BVS,KJT,08:06:00,07:58:00,10,33
346,11010,1.0,KJT,PDI,08:00:00,07:54:00,10,34
347,11010,1.0,PDI,KAD,07:54:00,07:23:00,10,35
348,11010,1.0,KAD,LNL,07:25:00,07:13:00,10,36
349,11010,1.0,LNL,MVL,07:15:00,07:08:00,10,37
350,11010,1.0,MVL,KMST,07:08:00,07:01:00,10,38
351,11010,1.0,KMST,KNHE,07:01:00,06:57:00,10,39
352,11010,1.0,KNHE,VDN,06:57:00,06:53:00,10,40
353,11010,1.0,VDN,TGN,06:53:00,06:50:00,10,41
354,11010,1.0,TGN,GRWD,06:50:00,06:47:00,10,42
355,11010,1.0,DEHR,AKRD,06:42:00,06:38:00,10,45
356,11010,1.0,AKRD,CCH,06:38:00,06:33:00,10,46
357,11010,1.0,CCH,PMP,06:35:00,06:28:00,10,47
358,11010,1.0,PMP,KSWD,06:31:00,06:26:00,10,48
359,11010,1.0,KSWD,DAPD,06:26:00,06:22:00,10,49
360,11010,1.0,DAPD,KK,06:22:00,06:18:00,10,50
361,11010,1.0,KK,SVJR,06:20:00,06:10:00,10,51
362,11010,1.0,SVJR,PUNE,06:13:00,None,10,52
363,11011,1.0,CSMT,MSD,20:23:00,20:24:00,11,1
364,11011,1.0,MSD,SNRD,20:24:00,20:25:00,11,2
365,11011,1.0,SNRD,BY,20:25:00,20:27:00,11,3
366,11011,1.0,CRD,PR,20:30:00,20:32:00,11,6
367,11011,1.0,PR,DR,20:32:00,20:33:00,11,7
368,11011,1.0,DR,MTN,20:35:00,20:36:00,11,8
369,11011,1.0,MTN,SIN,20:36:00,20:39:00,11,9
370,11011,1.0,SIN,CLA,20:39:00,20:41:00,11,10
371,11011,1.0,CLA,VVH,20:41:00,20:43:00,11,11
372,11011,1.0,VVH,GC,20:43:00,20:45:00,11,12
373,11011,1.0,GC,VK,20:45:00,20:48:00,11,13
374,11011,1.0,BND,NHU,20:52:00,20:53:00,11,15
375,11011,1.0,NHU,MLND,20:53:00,20:55:00,11,16
376,11011,1.0,MLND,TNA,20:55:00,20:58:00,11,17
377,11011,1.0,TNA,KLVA,21:00:00,21:03:00,11,18
378,11011,1.0,KLVA,MBQ,21:03:00,21:08:00,11,19
379,11011,1.0,MBQ,DIVA,21:08:00,21:11:00,11,20
380,11011,1.0,DIVA,KOPR,21:11:00,21:16:00,11,21
381,11011,1.0,KOPR,DI,21:16:00,21:18:00,11,22
382,11011,1.0,DI,THK,21:18:00,21:19:00,11,23
383,11011,1.0,THK,KYN,21:19:00,21:23:00,11,24
384,11011,1.0,KYN,VLDI,21:25:00,21:28:00,11,25
385,11011,1.0,VLDI,ULNR,21:28:00,21:29:00,11,26
386,11011,1.0,ULNR,ABH,21:29:00,21:32:00,11,27
387,11011,1.0,ABH,BUD,21:32:00,21:40:00,11,28
388,11011,1.0,BUD,VGI,21:40:00,21:51:00,11,29
389,11011,1.0,VGI,SHLU,21:51:00,21:56:00,11,30
390,11011,1.0,SHLU,NRL,21:56:00,22:00:00,11,31
391,11011,1.0,NRL,BVS,22:00:00,22:07:00,11,32
392,11011,1.0,BVS,KJT,22:07:00,22:13:00,11,33
393,11011,1.0,KJT,PDI,22:15:00,22:20:00,11,34
394,11011,1.0,PDI,KAD,22:20:00,22:52:00,11,35
395,11011,1.0,KAD,LNL,22:52:00,22:58:00,11,36
396,11011,1.0,LNL,MVL,23:00:00,23:08:00,11,37
397,11011,1.0,MVL,KMST,23:08:00,23:18:00,11,38
398,11011,1.0,KMST,KNHE,23:18:00,23:23:00,11,39
399,11011,1.0,KNHE,VDN,23:23:00,23:28:00,11,40
400,11011,1.0,VDN,TGN,23:28:00,23:33:00,11,41
401,11011,1.0,TGN,GRWD,23:33:00,23:36:00,11,42
402,11011,1.0,DEHR,AKRD,23:43:00,23:49:00,11,45
403,11011,1.0,AKRD,CCH,23:49:00,23:52:00,11,46
404,11011,1.0,CCH,PMP,23:52:00,23:55:00,11,47
405,11011,1.0,PMP,KSWD,23:55:00,23:57:00,11,48
406,11011,2.0,DAPD,KK,00:01:00,00:04:00,11,50
407,11011,2.0,KK,SVJR,00:04:00,00:08:00,11,51
408,11011,2.0,SVJR,PUNE,00:08:00,00:10:00,11,52
409,11012,2.0,CSMT,MSD,None,07:23:00,12,1
410,11012,2.0,MSD,SNRD,07:23:00,07:20:00,12,2
411,11012,2.0,SNRD,BY,07:20:00,07:16:00,12,3
412,11012,2.0,CRD,PR,07:12:00,07:08:00,12,6
413,11012,2.0,PR,DR,07:08:00,07:04:00,12,7
414,11012,2.0,DR,MTN,07:06:00,07:03:00,12,8
415,11012,2.0,MTN,SIN,07:03:00,07:00:00,12,9
416,11012,2.0,SIN,CLA,07:00:00,06:58:00,12,10
417,11012,2.0,CLA,VVH,06:58:00,06:55:00,12,11
418,11012,2.0,VVH,GC,06:55:00,06:54:00,12,12
419,11012,2.0,GC,VK,06:54:00,06:50:00,12,13
420,11012,2.0,BND,NHU,06:46:00,06:45:00,12,15
421,11012,2.0,NHU,MLND,06:45:00,06:43:00,12,16
422,11012,2.0,MLND,TNA,06:43:00,06:38:00,12,17
423,11012,2.0,TNA,KLVA,06:40:00,06:36:00,12,18
424,11012,2.0,KLVA,MBQ,06:36:00,06:32:00,12,19
425,11012,2.0,MBQ,DIVA,06:32:00,06:30:00,12,20
426,11012,2.0,DIVA,KOPR,06:30:00,06:26:00,12,21
427,11012,2.0,KOPR,DI,06:26:00,06:25:00,12,22
428,11012,2.0,DI,THK,06:25:00,06:23:00,12,23
429,11012,2.0,THK,KYN,06:23:00,06:18:00,12,24
430,11012,2.0,KYN,VLDI,06:20:00,06:17:00,12,25
431,11012,2.0,VLDI,ULNR,06:17:00,06:15:00,12,26
432,11012,2.0,ULNR,ABH,06:15:00,06:12:00,12,27
433,11012,2.0,ABH,BUD,06:12:00,06:04:00,12,28
434,11012,2.0,BUD,VGI,06:04:00,05:53:00,12,29
435,11012,2.0,VGI,SHLU,05:53:00,05:49:00,12,30
436,11012,2.0,SHLU,NRL,05:49:00,05:44:00,12,31
437,11012,2.0,NRL,BVS,05:44:00,05:37:00,12,32
438,11012,2.0,BVS,KJT,05:37:00,05:28:00,12,33
439,11012,2.0,KJT,PDI,05:30:00,05:23:00,12,34
440,11012,2.0,PDI,KAD,05:23:00,04:53:00,12,35
441,11012,2.0,KAD,LNL,04:55:00,04:43:00,12,36
442,11012,2.0,LNL,MVL,04:45:00,04:37:00,12,37
443,11012,2.0,MVL,KMST,04:37:00,04:28:00,12,38
444,11012,2.0,KMST,KNHE,04:28:00,04:24:00,12,39
445,11012,2.0,KNHE,VDN,04:24:00,04:18:00,12,40
446,11012,2.0,VDN,TGN,04:18:00,04:14:00,12,41
447,11012,2.0,TGN,GRWD,04:14:00,04:11:00,12,42
448,11012,2.0,DEHR,AKRD,04:05:00,04:00:00,12,45
449,11012,2.0,AKRD,CCH,04:00:00,03:56:00,12,46
450,11012,2.0,CCH,PMP,03:56:00,03:54:00,12,47
451,11012,2.0,PMP,KSWD,03:54:00,03:52:00,12,48
452,11012,2.0,KSWD,DAPD,03:52:00,03:48:00,12,49
453,11012,2.0,DAPD,KK,03:48:00,03:46:00,12,50
454,11012,2.0,KK,SVJR,03:46:00,03:42:00,12,51
455,11012,2.0,SVJR,PUNE,03:42:00,03:30:00,12,52
456,11013,1.0,VVH,GC,22:36:00,22:38:00,13,12
457,11013,1.0,GC,VK,22:38:00,22:41:00,13,13
458,11013,1.0,BND,NHU,22:45:00,22:47:00,13,15
459,11013,1.0,NHU,MLND,22:47:00,22:49:00,13,16
460,11013,1.0,MLND,TNA,22:49:00,22:53:00,13,17
461,11013,1.0,TNA,KLVA,22:55:00,22:57:00,13,18
462,11013,1.0,KLVA,MBQ,22:57:00,23:01:00,13,19
463,11013,1.0,MBQ,DIVA,23:01:00,23:04:00,13,20
464,11013,1.0,DIVA,KOPR,23:04:00,23:08:00,13,21
465,11013,1.0,KOPR,DI,23:08:00,23:09:00,13,22
466,11013,1.0,DI,THK,23:09:00,23:10:00,13,23
467,11013,1.0,THK,KYN,23:10:00,23:13:00,13,24
468,11013,1.0,KYN,VLDI,23:18:00,23:21:00,13,25
469,11013,1.0,VLDI,ULNR,23:21:00,23:23:00,13,26
470,11013,1.0,ULNR,ABH,23:23:00,23:25:00,13,27
471,11013,1.0,ABH,BUD,23:25:00,23:34:00,13,28
472,11013,1.0,BUD,VGI,23:34:00,23:46:00,13,29
473,11013,1.0,VGI,SHLU,23:46:00,23:50:00,13,30
474,11013,1.0,SHLU,NRL,23:50:00,23:55:00,13,31
475,11013,2.0,BVS,KJT,00:02:00,00:10:00,13,33
476,11013,2.0,KJT,PDI,00:10:00,00:13:00,13,34
477,11013,2.0,PDI,KAD,00:13:00,00:37:00,13,35
478,11013,2.0,KAD,LNL,00:37:00,00:41:00,13,36
479,11013,2.0,LNL,MVL,00:41:00,00:49:00,13,37
480,11013,2.0,MVL,KMST,00:49:00,00:58:00,13,38
481,11013,2.0,KMST,KNHE,00:58:00,01:03:00,13,39
482,11013,2.0,KNHE,VDN,01:03:00,01:09:00,13,40
483,11013,2.0,VDN,TGN,01:09:00,01:14:00,13,41
484,11013,2.0,TGN,GRWD,01:14:00,01:17:00,13,42
485,11013,2.0,DEHR,AKRD,01:24:00,01:30:00,13,45
486,11013,2.0,AKRD,CCH,01:30:00,01:33:00,13,46
487,11013,2.0,CCH,PMP,01:33:00,01:36:00,13,47
488,11013,2.0,PMP,KSWD,01:36:00,01:38:00,13,48
489,11013,2.0,KSWD,DAPD,01:38:00,01:42:00,13,49
490,11013,2.0,DAPD,KK,01:42:00,01:45:00,13,50
491,11013,2.0,KK,SVJR,01:45:00,01:49:00,13,51
492,11013,2.0,SVJR,PUNE,01:49:00,01:50:00,13,52
493,11014,2.0,VVH,GC,14:25:00,14:22:00,14,12
494,11014,2.0,GC,VK,14:22:00,14:12:00,14,13
495,11014,2.0,BND,NHU,14:02:00,13:58:00,14,15
496,11014,2.0,NHU,MLND,13:58:00,13:52:00,14,16
497,11014,2.0,MLND,TNA,13:52:00,13:44:00,14,17
498,11014,2.0,TNA,KLVA,13:45:00,13:41:00,14,18
499,11014,2.0,KLVA,MBQ,13:41:00,13:37:00,14,19
500,11014,2.0,MBQ,DIVA,13:37:00,13:35:00,14,20
501,11014,2.0,DIVA,KOPR,13:35:00,13:31:00,14,21
502,11014,2.0,KOPR,DI,13:31:00,13:30:00,14,22
503,11014,2.0,DI,THK,13:30:00,13:28:00,14,23
504,11014,2.0,THK,KYN,13:28:00,13:24:00,14,24
505,11014,2.0,KYN,VLDI,13:25:00,13:23:00,14,25
506,11014,2.0,VLDI,ULNR,13:23:00,13:21:00,14,26
507,11014,2.0,ULNR,ABH,13:21:00,13:18:00,14,27
508,11014,2.0,ABH,BUD,13:18:00,13:09:00,14,28
509,11014,2.0,BUD,VGI,13:09:00,12:56:00,14,29
510,11014,2.0,VGI,SHLU,12:56:00,12:52:00,14,30
511,11014,2.0,SHLU,NRL,12:52:00,12:47:00,14,31
512,11014,2.0,NRL,BVS,12:47:00,12:39:00,14,32
513,11014,2.0,BVS,KJT,12:39:00,12:31:00,14,33
514,11014,2.0,KJT,PDI,12:31:00,12:28:00,14,34
515,11014,2.0,PDI,KAD,12:28:00,12:03:00,14,35
516,11014,2.0,KAD,LNL,12:03:00,11:59:00,14,36
517,11014,2.0,LNL,MVL,11:59:00,11:51:00,14,37
518,11014,2.0,MVL,KMST,11:51:00,11:41:00,14,38
519,11014,2.0,KMST,KNHE,11:41:00,11:35:00,14,39
520,11014,2.0,KNHE,VDN,11:35:00,11:29:00,14,40
521,11014,2.0,VDN,TGN,11:29:00,11:25:00,14,41
522,11014,2.0,TGN,GRWD,11:25:00,11:21:00,14,42
523,11014,2.0,DEHR,AKRD,11:13:00,11:08:00,14,45
524,11014,2.0,AKRD,CCH,11:08:00,11:04:00,14,46
525,11014,2.0,CCH,PMP,11:04:00,11:01:00,14,47
526,11014,2.0,PMP,KSWD,11:01:00,10:59:00,14,48
527,11014,2.0,KSWD,DAPD,10:59:00,10:54:00,14,49
528,11014,2.0,DAPD,KK,10:54:00,10:52:00,14,50
529,11014,2.0,KK,SVJR,10:52:00,10:48:00,14,51
530,11014,2.0,SVJR,PUNE,10:48:00,10:35:00,14,52
531,11017,1.0,DR,MTN,21:30:00,21:31:00,15,8
532,11017,1.0,MTN,SIN,21:31:00,21:34:00,15,9
533,11017,1.0,SIN,CLA,21:34:00,21:36:00,15,10
534,11017,1.0,CLA,VVH,21:36:00,21:39:00,15,11
535,11017,1.0,VVH,GC,21:39:00,21:40:00,15,12
536,11017,1.0,GC,VK,21:40:00,21:44:00,15,13
537,11017,1.0,BND,NHU,21:47:00,21:49:00,15,15
538,11017,1.0,NHU,MLND,21:49:00,21:51:00,15,16
539,11017,1.0,MLND,TNA,21:51:00,21:53:00,15,17
540,11017,1.0,TNA,KLVA,21:53:00,21:56:00,15,18
541,11017,1.0,KLVA,MBQ,21:56:00,22:00:00,15,19
542,11017,1.0,MBQ,DIVA,22:00:00,22:03:00,15,20
543,11017,1.0,DIVA,KOPR,22:03:00,22:07:00,15,21
544,11017,1.0,KOPR,DI,22:07:00,22:08:00,15,22
545,11017,1.0,DI,THK,22:08:00,22:09:00,15,23
546,11017,1.0,THK,KYN,22:09:00,22:13:00,15,24
547,11017,1.0,KYN,VLDI,22:15:00,22:18:00,15,25
548,11017,1.0,VLDI,ULNR,22:18:00,22:20:00,15,26
549,11017,1.0,ULNR,ABH,22:20:00,22:23:00,15,27
550,11017,1.0,ABH,BUD,22:23:00,22:32:00,15,28
551,11017,1.0,BUD,VGI,22:32:00,22:44:00,15,29
552,11017,1.0,VGI,SHLU,22:44:00,22:49:00,15,30
553,11017,1.0,SHLU,NRL,22:49:00,22:54:00,15,31
554,11017,1.0,NRL,BVS,22:54:00,23:01:00,15,32
555,11017,1.0,BVS,KJT,23:01:00,23:08:00,15,33
556,11017,1.0,KJT,PDI,23:10:00,23:15:00,15,34
557,11017,1.0,PDI,KAD,23:15:00,23:47:00,15,35
558,11017,1.0,KAD,LNL,23:47:00,23:53:00,15,36
559,11017,2.0,MVL,KMST,00:02:00,00:11:00,15,38
560,11017,2.0,KMST,KNHE,00:11:00,00:16:00,15,39
561,11017,2.0,KNHE,VDN,00:16:00,00:21:00,15,40
562,11017,2.0,VDN,TGN,00:21:00,00:25:00,15,41
563,11017,2.0,TGN,GRWD,00:25:00,00:28:00,15,42
564,11017,2.0,DEHR,AKRD,00:35:00,00:40:00,15,45
565,11017,2.0,AKRD,CCH,00:40:00,00:43:00,15,46
566,11017,2.0,CCH,PMP,00:43:00,00:46:00,15,47
567,11017,2.0,PMP,KSWD,00:46:00,00:48:00,15,48
568,11017,2.0,KSWD,DAPD,00:48:00,00:52:00,15,49
569,11017,2.0,DAPD,KK,00:52:00,00:54:00,15,50
570,11017,2.0,KK,SVJR,00:54:00,00:58:00,15,51
571,11017,2.0,SVJR,PUNE,00:58:00,01:00:00,15,52
572,11018,2.0,DR,MTN,None,05:48:00,16,8
573,11018,2.0,MTN,SIN,05:48:00,05:45:00,16,9
574,11018,2.0,SIN,CLA,05:45:00,05:42:00,16,10
575,11018,2.0,CLA,VVH,05:42:00,05:39:00,16,11
576,11018,2.0,VVH,GC,05:39:00,05:37:00,16,12
577,11018,2.0,GC,VK,05:37:00,05:32:00,16,13
578,11018,2.0,BND,NHU,05:28:00,05:26:00,16,15
579,11018,2.0,NHU,MLND,05:26:00,05:23:00,16,16
580,11018,2.0,MLND,TNA,05:23:00,05:20:00,16,17
581,11018,2.0,TNA,KLVA,05:20:00,05:17:00,16,18
582,11018,2.0,KLVA,MBQ,05:17:00,05:11:00,16,19
583,11018,2.0,MBQ,DIVA,05:11:00,05:08:00,16,20
584,11018,2.0,DIVA,KOPR,05:08:00,05:03:00,16,21
585,11018,2.0,KOPR,DI,05:03:00,05:01:00,16,22
586,11018,2.0,DI,THK,05:01:00,04:59:00,16,23
587,11018,2.0,THK,KYN,04:59:00,04:54:00,16,24
588,11018,2.0,KYN,VLDI,04:55:00,04:52:00,16,25
589,11018,2.0,VLDI,ULNR,04:52:00,04:50:00,16,26
590,11018,2.0,ULNR,ABH,04:50:00,04:47:00,16,27
591,11018,2.0,ABH,BUD,04:47:00,04:38:00,16,28
592,11018,2.0,BUD,VGI,04:38:00,04:25:00,16,29
593,11018,2.0,VGI,SHLU,04:25:00,04:20:00,16,30
594,11018,2.0,SHLU,NRL,04:20:00,04:15:00,16,31
595,11018,2.0,NRL,BVS,04:15:00,04:07:00,16,32
596,11018,2.0,BVS,KJT,04:07:00,03:58:00,16,33
597,11018,2.0,KJT,PDI,03:58:00,03:55:00,16,34
598,11018,2.0,PDI,KAD,03:55:00,03:30:00,16,35
599,11018,2.0,KAD,LNL,03:30:00,03:24:00,16,36
600,11018,2.0,LNL,MVL,03:25:00,03:17:00,16,37
601,11018,2.0,MVL,KMST,03:17:00,03:08:00,16,38
602,11018,2.0,KMST,KNHE,03:08:00,03:04:00,16,39
603,11018,2.0,KNHE,VDN,03:04:00,02:58:00,16,40
604,11018,2.0,VDN,TGN,02:58:00,02:54:00,16,41
605,11018,2.0,TGN,GRWD,02:54:00,02:51:00,16,42
606,11018,2.0,DEHR,AKRD,02:45:00,02:40:00,16,45
607,11018,2.0,AKRD,CCH,02:40:00,02:36:00,16,46
608,11018,2.0,CCH,PMP,02:36:00,02:34:00,16,47
609,11018,2.0,PMP,KSWD,02:34:00,02:32:00,16,48
610,11018,2.0,KSWD,DAPD,02:32:00,02:28:00,16,49
611,11018,2.0,DAPD,KK,02:28:00,02:26:00,16,50
612,11018,2.0,KK,SVJR,02:26:00,02:22:00,16,51
613,11018,2.0,SVJR,PUNE,02:22:00,02:10:00,16,52
614,11019,1.0,CSMT,MSD,15:10:00,15:11:00,17,1
615,11019,1.0,MSD,SNRD,15:11:00,15:13:00,17,2
616,11019,1.0,SNRD,BY,15:13:00,15:16:00,17,3
617,11019,1.0,CRD,PR,15:18:00,15:21:00,17,6
618,11019,1.0,PR,DR,15:21:00,15:23:00,17,7
619,11019,1.0,DR,MTN,15:25:00,15:26:00,17,8
620,11019,1.0,MTN,SIN,15:26:00,15:29:00,17,9
621,11019,1.0,SIN,CLA,15:29:00,15:31:00,17,10
622,11019,1.0,CLA,VVH,15:31:00,15:33:00,17,11
623,11019,1.0,VVH,GC,15:33:00,15:34:00,17,12
624,11019,1.0,GC,VK,15:34:00,15:38:00,17,13
625,11019,1.0,BND,NHU,15:41:00,15:43:00,17,15
626,11019,1.0,NHU,MLND,15:43:00,15:44:00,17,16
627,11019,1.0,MLND,TNA,15:44:00,15:47:00,17,17
628,11019,1.0,TNA,KLVA,15:47:00,15:49:00,17,18
629,11019,1.0,KLVA,MBQ,15:49:00,15:53:00,17,19
630,11019,1.0,MBQ,DIVA,15:53:00,15:55:00,17,20
631,11019,1.0,DIVA,KOPR,15:55:00,15:59:00,17,21
632,11019,1.0,KOPR,DI,15:59:00,16:00:00,17,22
633,11019,1.0,DI,THK,16:00:00,16:02:00,17,23
634,11019,1.0,THK,KYN,16:02:00,16:05:00,17,24
635,11019,1.0,KYN,VLDI,16:10:00,16:12:00,17,25
636,11019,1.0,VLDI,ULNR,16:12:00,16:14:00,17,26
637,11019,1.0,ULNR,ABH,16:14:00,16:16:00,17,27
638,11019,1.0,ABH,BUD,16:16:00,16:24:00,17,28
639,11019,1.0,BUD,VGI,16:24:00,16:34:00,17,29
640,11019,1.0,VGI,SHLU,16:34:00,16:37:00,17,30
641,11019,1.0,SHLU,NRL,16:37:00,16:41:00,17,31
642,11019,1.0,NRL,BVS,16:41:00,16:48:00,17,32
643,11019,1.0,BVS,KJT,16:48:00,16:53:00,17,33
644,11019,1.0,KJT,PDI,16:55:00,17:00:00,17,34
645,11019,1.0,PDI,KAD,17:00:00,17:36:00,17,35
646,11019,1.0,KAD,LNL,17:36:00,17:43:00,17,36
647,11019,1.0,LNL,MVL,17:45:00,17:53:00,17,37
648,11019,1.0,MVL,KMST,17:53:00,18:04:00,17,38
649,11019,1.0,KMST,KNHE,18:04:00,18:09:00,17,39
650,11019,1.0,KNHE,VDN,18:09:00,18:15:00,17,40
651,11019,1.0,VDN,TGN,18:15:00,18:20:00,17,41
652,11019,1.0,TGN,GRWD,18:20:00,18:23:00,17,42
653,11019,1.0,DEHR,AKRD,18:31:00,18:37:00,17,45
654,11019,1.0,AKRD,CCH,18:37:00,18:41:00,17,46
655,11019,1.0,CCH,PMP,18:41:00,18:44:00,17,47
656,11019,1.0,PMP,KSWD,18:44:00,18:46:00,17,48
657,11019,1.0,KSWD,DAPD,18:46:00,18:51:00,17,49
658,11019,1.0,DAPD,KK,18:51:00,18:53:00,17,50
659,11019,1.0,KK,SVJR,18:53:00,18:57:00,17,51
660,11019,1.0,SVJR,PUNE,18:57:00,19:00:00,17,52
661,11020,2.0,DAPD,KK,23:58:00,23:56:00,18,50
662,11020,2.0,KK,SVJR,23:56:00,23:52:00,18,51
663,11020,2.0,SVJR,PUNE,23:52:00,23:45:00,18,52
664,11020,3.0,CSMT,MSD,None,03:51:00,18,1
665,11020,3.0,MSD,SNRD,03:51:00,03:47:00,18,2
666,11020,3.0,SNRD,BY,03:47:00,03:41:00,18,3
667,11020,3.0,CRD,PR,03:35:00,03:28:00,18,6
668,11020,3.0,PR,DR,03:28:00,03:24:00,18,7
669,11020,3.0,DR,MTN,03:25:00,03:23:00,18,8
670,11020,3.0,MTN,SIN,03:23:00,03:20:00,18,9
671,11020,3.0,SIN,CLA,03:20:00,03:18:00,18,10
672,11020,3.0,CLA,VVH,03:18:00,03:15:00,18,11
673,11020,3.0,VVH,GC,03:15:00,03:14:00,18,12
674,11020,3.0,GC,VK,03:14:00,03:10:00,18,13
675,11020,3.0,BND,NHU,03:06:00,03:05:00,18,15
676,11020,3.0,NHU,MLND,03:05:00,03:03:00,18,16
677,11020,3.0,MLND,TNA,03:03:00,02:59:00,18,17
678,11020,3.0,TNA,KLVA,03:00:00,02:57:00,18,18
679,11020,3.0,KLVA,MBQ,02:57:00,02:53:00,18,19
680,11020,3.0,MBQ,DIVA,02:53:00,02:50:00,18,20
681,11020,3.0,DIVA,KOPR,02:50:00,02:46:00,18,21
682,11020,3.0,KOPR,DI,02:46:00,02:45:00,18,22
683,11020,3.0,DI,THK,02:45:00,02:43:00,18,23
684,11020,3.0,THK,KYN,02:43:00,02:39:00,18,24
685,11020,3.0,KYN,VLDI,02:40:00,02:37:00,18,25
686,11020,3.0,VLDI,ULNR,02:37:00,02:34:00,18,26
687,11020,3.0,ULNR,ABH,02:34:00,02:32:00,18,27
688,11020,3.0,ABH,BUD,02:32:00,02:23:00,18,28
689,11020,3.0,BUD,VGI,02:23:00,02:10:00,18,29
690,11020,3.0,VGI,SHLU,02:10:00,02:06:00,18,30
691,11020,3.0,SHLU,NRL,02:06:00,02:01:00,18,31
692,11020,3.0,NRL,BVS,02:01:00,01:53:00,18,32
693,11020,3.0,BVS,KJT,01:53:00,01:44:00,18,33
694,11020,3.0,KJT,PDI,01:45:00,01:38:00,18,34
695,11020,3.0,PDI,KAD,01:38:00,01:02:00,18,35
696,11020,3.0,KAD,LNL,01:02:00,00:54:00,18,36
697,11020,3.0,LNL,MVL,00:55:00,00:47:00,18,37
698,11020,3.0,MVL,KMST,00:47:00,00:38:00,18,38
699,11020,3.0,KMST,KNHE,00:38:00,00:34:00,18,39
700,11020,3.0,KNHE,VDN,00:34:00,00:28:00,18,40
701,11020,3.0,VDN,TGN,00:28:00,00:24:00,18,41
702,11020,3.0,TGN,GRWD,00:24:00,00:21:00,18,42
703,11020,3.0,DEHR,AKRD,00:15:00,00:10:00,18,45
704,11020,3.0,AKRD,CCH,00:10:00,00:06:00,18,46
705,11020,3.0,CCH,PMP,00:06:00,00:04:00,18,47
706,11020,3.0,PMP,KSWD,00:04:00,00:02:00,18,48
707,11023,1.0,CSMT,MSD,17:50:00,17:51:00,19,1
708,11023,1.0,MSD,SNRD,17:51:00,17:53:00,19,2
709,11023,1.0,SNRD,BY,17:53:00,17:55:00,19,3
710,11023,1.0,CRD,PR,17:58:00,18:00:00,19,6
711,11023,1.0,PR,DR,18:00:00,18:02:00,19,7
712,11023,1.0,DR,MTN,18:04:00,18:05:00,19,8
713,11023,1.0,MTN,SIN,18:05:00,18:08:00,19,9
714,11023,1.0,SIN,CLA,18:08:00,18:11:00,19,10
715,11023,1.0,CLA,VVH,18:11:00,18:13:00,19,11
716,11023,1.0,VVH,GC,18:13:00,18:14:00,19,12
717,11023,1.0,GC,VK,18:14:00,18:18:00,19,13
718,11023,1.0,BND,NHU,18:22:00,18:23:00,19,15
719,11023,1.0,NHU,MLND,18:23:00,18:25:00,19,16
720,11023,1.0,MLND,TNA,18:25:00,18:28:00,19,17
721,11023,1.0,TNA,KLVA,18:28:00,18:30:00,19,18
722,11023,1.0,KLVA,MBQ,18:30:00,18:35:00,19,19
723,11023,1.0,MBQ,DIVA,18:35:00,18:37:00,19,20
724,11023,1.0,DIVA,KOPR,18:37:00,18:42:00,19,21
725,11023,1.0,KOPR,DI,18:42:00,18:43:00,19,22
726,11023,1.0,DI,THK,18:43:00,18:44:00,19,23
727,11023,1.0,THK,KYN,18:44:00,18:48:00,19,24
728,11023,1.0,KYN,VLDI,18:50:00,18:53:00,19,25
729,11023,1.0,VLDI,ULNR,18:53:00,18:54:00,19,26
730,11023,1.0,ULNR,ABH,18:54:00,18:57:00,19,27
731,11023,1.0,ABH,BUD,18:57:00,19:05:00,19,28
732,11023,1.0,BUD,VGI,19:05:00,19:16:00,19,29
733,11023,1.0,VGI,SHLU,19:16:00,19:21:00,19,30
734,11023,1.0,SHLU,NRL,19:21:00,19:25:00,19,31
735,11023,1.0,NRL,BVS,19:25:00,19:32:00,19,32
736,11023,1.0,BVS,KJT,19:32:00,19:38:00,19,33
737,11023,1.0,KJT,PDI,19:40:00,19:44:00,19,34
738,11023,1.0,PDI,KAD,19:44:00,20:14:00,19,35
739,11023,1.0,KAD,LNL,20:16:00,20:23:00,19,36
740,11023,1.0,LNL,MVL,20:25:00,20:31:00,19,37
741,11023,1.0,MVL,KMST,20:31:00,20:38:00,19,38
742,11023,1.0,KMST,KNHE,20:38:00,20:42:00,19,39
743,11023,1.0,KNHE,VDN,20:42:00,20:46:00,19,40
744,11023,1.0,VDN,TGN,20:46:00,20:50:00,19,41
745,11023,1.0,TGN,GRWD,20:52:00,20:55:00,19,42
746,11023,1.0,DEHR,AKRD,21:05:00,21:11:00,19,45
747,11023,1.0,AKRD,CCH,21:11:00,21:14:00,19,46
748,11023,1.0,CCH,PMP,21:14:00,21:16:00,19,47
749,11023,1.0,PMP,KSWD,21:18:00,21:20:00,19,48
750,11023,1.0,KSWD,DAPD,21:20:00,21:24:00,19,49
751,11023,1.0,DAPD,KK,21:24:00,21:26:00,19,50
752,11023,1.0,KK,SVJR,21:28:00,21:33:00,19,51
753,11023,1.0,SVJR,PUNE,21:35:00,21:55:00,19,52
754,11024,2.0,CSMT,MSD,None,11:52:00,20,1
755,11024,2.0,MSD,SNRD,11:52:00,11:49:00,20,2
756,11024,2.0,SNRD,BY,11:49:00,11:43:00,20,3
757,11024,2.0,CRD,PR,11:38:00,11:33:00,20,6
758,11024,2.0,PR,DR,11:33:00,11:28:00,20,7
759,11024,2.0,DR,MTN,11:30:00,11:27:00,20,8
760,11024,2.0,MTN,SIN,11:27:00,11:24:00,20,9
761,11024,2.0,SIN,CLA,11:24:00,11:21:00,20,10
762,11024,2.0,CLA,VVH,11:21:00,11:18:00,20,11
763,11024,2.0,VVH,GC,11:18:00,11:16:00,20,12
764,11024,2.0,GC,VK,11:16:00,11:12:00,20,13
765,11024,2.0,BND,NHU,11:08:00,11:06:00,20,15
766,11024,2.0,NHU,MLND,11:06:00,11:03:00,20,16
767,11024,2.0,MLND,TNA,11:03:00,10:58:00,20,17
768,11024,2.0,TNA,KLVA,11:00:00,10:56:00,20,18
769,11024,2.0,KLVA,MBQ,10:56:00,10:52:00,20,19
770,11024,2.0,MBQ,DIVA,10:52:00,10:50:00,20,20
771,11024,2.0,DIVA,KOPR,10:50:00,10:46:00,20,21
772,11024,2.0,KOPR,DI,10:46:00,10:45:00,20,22
773,11024,2.0,DI,THK,10:45:00,10:43:00,20,23
774,11024,2.0,THK,KYN,10:43:00,10:35:00,20,24
775,11024,2.0,KYN,VLDI,10:40:00,10:34:00,20,25
776,11024,2.0,VLDI,ULNR,10:34:00,10:32:00,20,26
777,11024,2.0,ULNR,ABH,10:32:00,10:30:00,20,27
778,11024,2.0,ABH,BUD,10:30:00,10:24:00,20,28
779,11024,2.0,BUD,VGI,10:24:00,10:16:00,20,29
780,11024,2.0,VGI,SHLU,10:16:00,10:13:00,20,30
781,11024,2.0,SHLU,NRL,10:13:00,10:09:00,20,31
782,11024,2.0,NRL,BVS,10:10:00,10:00:00,20,32
783,11024,2.0,BVS,KJT,10:00:00,09:49:00,20,33
784,11024,2.0,KJT,PDI,09:50:00,09:42:00,20,34
785,11024,2.0,PDI,KAD,09:42:00,09:04:00,20,35
786,11024,2.0,KAD,LNL,09:05:00,08:54:00,20,36
787,11024,2.0,LNL,MVL,08:55:00,08:45:00,20,37
788,11024,2.0,MVL,KMST,08:45:00,08:33:00,20,38
789,11024,2.0,KMST,KNHE,08:33:00,08:27:00,20,39
790,11024,2.0,KNHE,VDN,08:27:00,08:20:00,20,40
791,11024,2.0,VDN,TGN,08:20:00,08:13:00,20,41
792,11024,2.0,TGN,GRWD,08:15:00,08:07:00,20,42
793,11024,2.0,DEHR,AKRD,07:55:00,07:48:00,20,45
794,11024,2.0,AKRD,CCH,07:48:00,07:43:00,20,46
795,11024,2.0,CCH,PMP,07:43:00,07:39:00,20,47
796,11024,2.0,PMP,KSWD,07:40:00,07:37:00,20,48
797,11024,2.0,KSWD,DAPD,07:37:00,07:32:00,20,49
798,11024,2.0,DAPD,KK,07:32:00,07:29:00,20,50
799,11024,2.0,KK,SVJR,07:30:00,07:24:00,20,51
800,11024,2.0,SVJR,PUNE,07:25:00,06:50:00,20,52
801,11025,1.0,DIVA,KOPR,08:21:00,08:14:00,21,21
802,11025,1.0,KOPR,DI,08:14:00,08:13:00,21,22
803,11025,1.0,DI,THK,08:13:00,08:10:00,21,23
804,11025,1.0,THK,KYN,08:10:00,08:00:00,21,24
805,11025,1.0,KJT,PDI,10:00:00,10:06:00,21,34
806,11025,1.0,PDI,KAD,10:06:00,10:46:00,21,35
807,11025,1.0,KAD,LNL,10:46:00,10:53:00,21,36
808,11025,1.0,LNL,MVL,10:55:00,11:00:00,21,37
809,11025,1.0,MVL,KMST,11:00:00,11:06:00,21,38
810,11025,1.0,KMST,KNHE,11:06:00,11:09:00,21,39
811,11025,1.0,KNHE,VDN,11:09:00,11:13:00,21,40
812,11025,1.0,VDN,TGN,11:13:00,11:16:00,21,41
813,11025,1.0,TGN,GRWD,11:16:00,11:18:00,21,42
814,11025,1.0,DEHR,AKRD,11:23:00,11:26:00,21,45
815,11025,1.0,AKRD,CCH,11:26:00,11:28:00,21,46
816,11025,1.0,CCH,PMP,11:30:00,11:35:00,21,47
817,11025,1.0,PMP,KSWD,11:35:00,11:39:00,21,48
818,11025,1.0,KSWD,DAPD,11:39:00,11:47:00,21,49
819,11025,1.0,DAPD,KK,11:47:00,11:51:00,21,50
820,11025,1.0,KK,SVJR,11:51:00,11:59:00,21,51
821,11025,1.0,SVJR,PUNE,11:59:00,12:05:00,21,52
822,11026,1.0,DIVA,KOPR,16:28:00,16:35:00,22,21
823,11026,1.0,KOPR,DI,16:35:00,16:37:00,22,22
824,11026,1.0,DI,THK,16:37:00,16:40:00,22,23
825,11026,1.0,THK,KYN,16:40:00,16:45:00,22,24
826,11026,1.0,KJT,PDI,14:55:00,14:47:00,22,34
827,11026,1.0,PDI,KAD,14:47:00,14:07:00,22,35
828,11026,1.0,KAD,LNL,14:07:00,13:58:00,22,36
829,11026,1.0,LNL,MVL,14:00:00,13:51:00,22,37
830,11026,1.0,MVL,KMST,13:51:00,13:41:00,22,38
831,11026,1.0,KMST,KNHE,13:41:00,13:37:00,22,39
832,11026,1.0,KNHE,VDN,13:37:00,13:31:00,22,40
833,11026,1.0,VDN,TGN,13:31:00,13:27:00,22,41
834,11026,1.0,TGN,GRWD,13:27:00,13:24:00,22,42
835,11026,1.0,DEHR,AKRD,13:17:00,13:11:00,22,45
836,11026,1.0,AKRD,CCH,13:11:00,13:06:00,22,46
837,11026,1.0,CCH,PMP,13:08:00,13:03:00,22,47
838,11026,1.0,PMP,KSWD,13:03:00,13:01:00,22,48
839,11026,1.0,KSWD,DAPD,13:01:00,12:58:00,22,49
840,11026,1.0,DAPD,KK,12:58:00,12:56:00,22,50
841,11026,1.0,KK,SVJR,12:56:00,12:52:00,22,51
842,11026,1.0,SVJR,PUNE,12:52:00,None,22,52
843,11027,1.0,CSMT,MSD,23:45:00,23:46:00,23,1
844,11027,1.0,MSD,SNRD,23:46:00,23:47:00,23,2
845,11027,1.0,SNRD,BY,23:47:00,23:48:00,23,3
846,11027,1.0,CRD,PR,23:50:00,23:52:00,23,6
847,11027,1.0,PR,DR,23:52:00,23:53:00,23,7
848,11027,1.0,DR,MTN,23:55:00,23:56:00,23,8
849,11027,1.0,MTN,SIN,23:56:00,23:59:00,23,9
850,11027,2.0,CLA,VVH,00:01:00,00:04:00,23,11
851,11027,2.0,VVH,GC,00:04:00,00:05:00,23,12
852,11027,2.0,GC,VK,00:05:00,00:09:00,23,13
853,11027,2.0,BND,NHU,00:12:00,00:14:00,23,15
854,11027,2.0,NHU,MLND,00:14:00,00:16:00,23,16
855,11027,2.0,MLND,TNA,00:16:00,00:18:00,23,17
856,11027,2.0,TNA,KLVA,00:18:00,00:21:00,23,18
857,11027,2.0,KLVA,MBQ,00:21:00,00:25:00,23,19
858,11027,2.0,MBQ,DIVA,00:25:00,00:28:00,23,20
859,11027,2.0,DIVA,KOPR,00:28:00,00:32:00,23,21
860,11027,2.0,KOPR,DI,00:32:00,00:33:00,23,22
861,11027,2.0,DI,THK,00:33:00,00:34:00,23,23
862,11027,2.0,THK,KYN,00:34:00,00:38:00,23,24
863,11027,2.0,KYN,VLDI,00:40:00,00:42:00,23,25
864,11027,2.0,VLDI,ULNR,00:42:00,00:44:00,23,26
865,11027,2.0,ULNR,ABH,00:44:00,00:46:00,23,27
866,11027,2.0,ABH,BUD,00:46:00,00:54:00,23,28
867,11027,2.0,BUD,VGI,00:54:00,01:04:00,23,29
868,11027,2.0,VGI,SHLU,01:04:00,01:07:00,23,30
869,11027,2.0,SHLU,NRL,01:07:00,01:11:00,23,31
870,11027,2.0,NRL,BVS,01:11:00,01:18:00,23,32
871,11027,2.0,BVS,KJT,01:18:00,01:23:00,23,33
872,11027,2.0,KJT,PDI,01:25:00,01:30:00,23,34
873,11027,2.0,PDI,KAD,01:30:00,02:06:00,23,35
874,11027,2.0,KAD,LNL,02:06:00,02:13:00,23,36
875,11027,2.0,LNL,MVL,02:15:00,02:21:00,23,37
876,11027,2.0,MVL,KMST,02:21:00,02:27:00,23,38
877,11027,2.0,KMST,KNHE,02:27:00,02:31:00,23,39
878,11027,2.0,KNHE,VDN,02:31:00,02:35:00,23,40
879,11027,2.0,VDN,TGN,02:35:00,02:38:00,23,41
880,11027,2.0,TGN,GRWD,02:38:00,02:40:00,23,42
881,11027,2.0,DEHR,AKRD,02:46:00,02:50:00,23,45
882,11027,2.0,AKRD,CCH,02:50:00,02:52:00,23,46
883,11027,2.0,CCH,PMP,02:52:00,02:54:00,23,47
884,11027,2.0,PMP,KSWD,02:54:00,02:56:00,23,48
885,11027,2.0,KSWD,DAPD,02:56:00,02:58:00,23,49
886,11027,2.0,DAPD,KK,02:58:00,03:00:00,23,50
887,11027,2.0,KK,SVJR,03:02:00,03:16:00,23,51
888,11027,2.0,SVJR,PUNE,03:16:00,03:25:00,23,52
889,11028,2.0,AKRD,CCH,23:55:00,23:52:00,24,46
890,11028,2.0,CCH,PMP,23:52:00,23:49:00,24,47
891,11028,2.0,PMP,KSWD,23:49:00,23:46:00,24,48
892,11028,2.0,KSWD,DAPD,23:46:00,23:42:00,24,49
893,11028,2.0,DAPD,KK,23:42:00,23:39:00,24,50
894,11028,2.0,KK,SVJR,23:40:00,23:34:00,24,51
895,11028,2.0,SVJR,PUNE,23:34:00,23:20:00,24,52
896,11028,3.0,CSMT,MSD,None,03:41:00,24,1
897,11028,3.0,MSD,SNRD,03:41:00,03:37:00,24,2
898,11028,3.0,SNRD,BY,03:37:00,03:31:00,24,3
899,11028,3.0,CRD,PR,03:25:00,03:18:00,24,6
900,11028,3.0,PR,DR,03:18:00,03:14:00,24,7
901,11028,3.0,DR,MTN,03:15:00,03:12:00,24,8
902,11028,3.0,MTN,SIN,03:12:00,03:09:00,24,9
903,11028,3.0,SIN,CLA,03:09:00,03:06:00,24,10
904,11028,3.0,CLA,VVH,03:06:00,03:03:00,24,11
905,11028,3.0,VVH,GC,03:03:00,03:01:00,24,12
906,11028,3.0,GC,VK,03:01:00,02:57:00,24,13
907,11028,3.0,BND,NHU,02:53:00,02:51:00,24,15
908,11028,3.0,NHU,MLND,02:51:00,02:48:00,24,16
909,11028,3.0,MLND,TNA,02:48:00,02:44:00,24,17
910,11028,3.0,TNA,KLVA,02:45:00,02:43:00,24,18
911,11028,3.0,KLVA,MBQ,02:43:00,02:39:00,24,19
912,11028,3.0,MBQ,DIVA,02:39:00,02:38:00,24,20
913,11028,3.0,DIVA,KOPR,02:38:00,02:34:00,24,21
914,11028,3.0,KOPR,DI,02:34:00,02:34:00,24,22
915,11028,3.0,DI,THK,02:34:00,02:33:00,24,23
916,11028,3.0,THK,KYN,02:33:00,02:29:00,24,24
917,11028,3.0,KYN,VLDI,02:30:00,02:28:00,24,25
918,11028,3.0,VLDI,ULNR,02:28:00,02:26:00,24,26
919,11028,3.0,ULNR,ABH,02:26:00,02:23:00,24,27
920,11028,3.0,ABH,BUD,02:23:00,02:14:00,24,28
921,11028,3.0,BUD,VGI,02:14:00,02:01:00,24,29
922,11028,3.0,VGI,SHLU,02:01:00,01:56:00,24,30
923,11028,3.0,SHLU,NRL,01:56:00,01:51:00,24,31
924,11028,3.0,NRL,BVS,01:51:00,01:43:00,24,32
925,11028,3.0,BVS,KJT,01:43:00,01:34:00,24,33
926,11028,3.0,KJT,PDI,01:35:00,01:28:00,24,34
927,11028,3.0,PDI,KAD,01:28:00,00:52:00,24,35
928,11028,3.0,KAD,LNL,00:52:00,00:44:00,24,36
929,11028,3.0,LNL,MVL,00:45:00,00:36:00,24,37
930,11028,3.0,MVL,KMST,00:36:00,00:26:00,24,38
931,11028,3.0,KMST,KNHE,00:26:00,00:21:00,24,39
932,11028,3.0,KNHE,VDN,00:21:00,00:16:00,24,40
933,11028,3.0,VDN,TGN,00:16:00,00:11:00,24,41
934,11028,3.0,TGN,GRWD,00:11:00,00:08:00,24,42
935,11029,1.0,CSMT,MSD,08:40:00,08:41:00,25,1
936,11029,1.0,MSD,SNRD,08:41:00,08:43:00,25,2
937,11029,1.0,SNRD,BY,08:43:00,08:46:00,25,3
938,11029,1.0,CRD,PR,08:48:00,08:51:00,25,6
939,11029,1.0,PR,DR,08:51:00,08:53:00,25,7
940,11029,1.0,DR,MTN,08:55:00,08:56:00,25,8
941,11029,1.0,MTN,SIN,08:56:00,08:58:00,25,9
942,11029,1.0,SIN,CLA,08:58:00,09:00:00,25,10
943,11029,1.0,CLA,VVH,09:00:00,09:02:00,25,11
944,11029,1.0,VVH,GC,09:02:00,09:03:00,25,12
945,11029,1.0,GC,VK,09:03:00,09:05:00,25,13
946,11029,1.0,BND,NHU,09:08:00,09:09:00,25,15
947,11029,1.0,NHU,MLND,09:09:00,09:11:00,25,16
948,11029,1.0,MLND,TNA,09:11:00,09:13:00,25,17
949,11029,1.0,TNA,KLVA,09:15:00,09:17:00,25,18
950,11029,1.0,KLVA,MBQ,09:17:00,09:21:00,25,19
951,11029,1.0,MBQ,DIVA,09:21:00,09:24:00,25,20
952,11029,1.0,DIVA,KOPR,09:24:00,09:28:00,25,21
953,11029,1.0,KOPR,DI,09:28:00,09:29:00,25,22
954,11029,1.0,DI,THK,09:29:00,09:30:00,25,23
955,11029,1.0,THK,KYN,09:30:00,09:33:00,25,24
956,11029,1.0,KYN,VLDI,09:35:00,09:37:00,25,25
957,11029,1.0,VLDI,ULNR,09:37:00,09:39:00,25,26
958,11029,1.0,ULNR,ABH,09:39:00,09:41:00,25,27
959,11029,1.0,ABH,BUD,09:41:00,09:47:00,25,28
960,11029,1.0,BUD,VGI,09:47:00,09:56:00,25,29
961,11029,1.0,VGI,SHLU,09:56:00,10:00:00,25,30
962,11029,1.0,SHLU,NRL,10:00:00,10:03:00,25,31
963,11029,1.0,NRL,BVS,10:05:00,10:12:00,25,32
964,11029,1.0,BVS,KJT,10:12:00,10:18:00,25,33
965,11029,1.0,KJT,PDI,10:20:00,10:25:00,25,34
966,11029,1.0,PDI,KAD,10:25:00,10:58:00,25,35
967,11029,1.0,KAD,LNL,11:00:00,11:13:00,25,36
968,11029,1.0,LNL,MVL,11:15:00,11:20:00,25,37
969,11029,1.0,MVL,KMST,11:20:00,11:27:00,25,38
970,11029,1.0,KMST,KNHE,11:27:00,11:31:00,25,39
971,11029,1.0,KNHE,VDN,11:31:00,11:35:00,25,40
972,11029,1.0,VDN,TGN,11:35:00,11:38:00,25,41
973,11029,1.0,TGN,GRWD,11:40:00,11:43:00,25,42
974,11029,1.0,DEHR,AKRD,11:50:00,11:55:00,25,45
975,11029,1.0,AKRD,CCH,11:55:00,11:58:00,25,46
976,11029,1.0,CCH,PMP,12:00:00,12:02:00,25,47
977,11029,1.0,PMP,KSWD,12:02:00,12:04:00,25,48
978,11029,1.0,KSWD,DAPD,12:04:00,12:08:00,25,49
979,11029,1.0,DAPD,KK,12:08:00,12:10:00,25,50
980,11029,1.0,KK,SVJR,12:12:00,12:18:00,25,51
981,11029,1.0,SVJR,PUNE,12:20:00,12:40:00,25,52
982,11030,1.0,CSMT,MSD,None,20:19:00,26,1
983,11030,1.0,MSD,SNRD,20:19:00,20:16:00,26,2
984,11030,1.0,SNRD,BY,20:16:00,20:12:00,26,3
985,11030,1.0,CRD,PR,20:07:00,20:02:00,26,6
986,11030,1.0,PR,DR,20:02:00,19:58:00,26,7
987,11030,1.0,DR,MTN,20:00:00,19:56:00,26,8
988,11030,1.0,MTN,SIN,19:56:00,19:52:00,26,9
989,11030,1.0,SIN,CLA,19:52:00,19:48:00,26,10
990,11030,1.0,CLA,VVH,19:48:00,19:44:00,26,11
991,11030,1.0,VVH,GC,19:44:00,19:42:00,26,12
992,11030,1.0,GC,VK,19:42:00,19:36:00,26,13
993,11030,1.0,BND,NHU,19:30:00,19:28:00,26,15
994,11030,1.0,NHU,MLND,19:28:00,19:24:00,26,16
995,11030,1.0,MLND,TNA,19:24:00,19:18:00,26,17
996,11030,1.0,TNA,KLVA,19:20:00,19:15:00,26,18
997,11030,1.0,KLVA,MBQ,19:15:00,19:10:00,26,19
998,11030,1.0,MBQ,DIVA,19:10:00,19:07:00,26,20
999,11030,1.0,DIVA,KOPR,19:07:00,19:02:00,26,21
1000,11030,1.0,KOPR,DI,19:02:00,19:01:00,26,22
1001,11030,1.0,DI,THK,19:01:00,18:59:00,26,23
1002,11030,1.0,THK,KYN,18:59:00,18:53:00,26,24
1003,11030,1.0,KYN,VLDI,18:55:00,18:52:00,26,25
1004,11030,1.0,VLDI,ULNR,18:52:00,18:50:00,26,26
1005,11030,1.0,ULNR,ABH,18:50:00,18:48:00,26,27
1006,11030,1.0,ABH,BUD,18:48:00,18:40:00,26,28
1007,11030,1.0,BUD,VGI,18:40:00,18:30:00,26,29
1008,11030,1.0,VGI,SHLU,18:30:00,18:27:00,26,30
1009,11030,1.0,SHLU,NRL,18:27:00,18:23:00,26,31
1010,11030,1.0,NRL,BVS,18:23:00,18:16:00,26,32
1011,11030,1.0,BVS,KJT,18:16:00,18:08:00,26,33
1012,11030,1.0,KJT,PDI,18:10:00,18:01:00,26,34
1013,11030,1.0,PDI,KAD,18:01:00,17:23:00,26,35
1014,11030,1.0,KAD,LNL,17:25:00,17:13:00,26,36
1015,11030,1.0,LNL,MVL,17:15:00,17:05:00,26,37
1016,11030,1.0,MVL,KMST,17:05:00,16:55:00,26,38
1017,11030,1.0,KMST,KNHE,16:55:00,16:50:00,26,39
1018,11030,1.0,KNHE,VDN,16:50:00,16:44:00,26,40
1019,11030,1.0,VDN,TGN,16:44:00,16:38:00,26,41
1020,11030,1.0,TGN,GRWD,16:40:00,16:35:00,26,42
1021,11030,1.0,DEHR,AKRD,16:29:00,16:25:00,26,45
1022,11030,1.0,AKRD,CCH,16:25:00,16:20:00,26,46
1023,11030,1.0,CCH,PMP,16:22:00,16:16:00,26,47
1024,11030,1.0,PMP,KSWD,16:16:00,16:12:00,26,48
1025,11030,1.0,KSWD,DAPD,16:12:00,16:05:00,26,49
1026,11030,1.0,DAPD,KK,16:05:00,16:01:00,26,50
1027,11030,1.0,KK,SVJR,16:01:00,15:53:00,26,51
1028,11030,1.0,SVJR,PUNE,15:55:00,15:40:00,26,52
1029,11035,1.0,DR,MTN,21:30:00,21:31:00,27,8
1030,11035,1.0,MTN,SIN,21:31:00,21:34:00,27,9
1031,11035,1.0,SIN,CLA,21:34:00,21:36:00,27,10
1032,11035,1.0,CLA,VVH,21:36:00,21:39:00,27,11
1033,11035,1.0,VVH,GC,21:39:00,21:40:00,27,12
1034,11035,1.0,GC,VK,21:40:00,21:43:00,27,13
1035,11035,1.0,BND,NHU,21:47:00,21:49:00,27,15
1036,11035,1.0,NHU,MLND,21:49:00,21:51:00,27,16
1037,11035,1.0,MLND,TNA,21:51:00,21:53:00,27,17
1038,11035,1.0,TNA,KLVA,21:53:00,21:56:00,27,18
1039,11035,1.0,KLVA,MBQ,21:56:00,22:00:00,27,19
1040,11035,1.0,MBQ,DIVA,22:00:00,22:02:00,27,20
1041,11035,1.0,DIVA,KOPR,22:02:00,22:06:00,27,21
1042,11035,1.0,KOPR,DI,22:06:00,22:08:00,27,22
1043,11035,1.0,DI,THK,22:08:00,22:09:00,27,23
1044,11035,1.0,THK,KYN,22:09:00,22:13:00,27,24
1045,11035,1.0,KYN,VLDI,22:15:00,22:18:00,27,25
1046,11035,1.0,VLDI,ULNR,22:18:00,22:20:00,27,26
1047,11035,1.0,ULNR,ABH,22:20:00,22:23:00,27,27
1048,11035,1.0,ABH,BUD,22:23:00,22:32:00,27,28
1049,11035,1.0,BUD,VGI,22:32:00,22:44:00,27,29
1050,11035,1.0,VGI,SHLU,22:44:00,22:49:00,27,30
1051,11035,1.0,SHLU,NRL,22:49:00,22:53:00,27,31
1052,11035,1.0,NRL,BVS,22:53:00,23:01:00,27,32
1053,11035,1.0,BVS,KJT,23:01:00,23:08:00,27,33
1054,11035,1.0,KJT,PDI,23:10:00,23:14:00,27,34
1055,11035,1.0,PDI,KAD,23:14:00,23:47:00,27,35
1056,11035,1.0,KAD,LNL,23:47:00,23:53:00,27,36
1057,11035,2.0,MVL,KMST,00:02:00,00:11:00,27,38
1058,11035,2.0,KMST,KNHE,00:11:00,00:16:00,27,39
1059,11035,2.0,KNHE,VDN,00:16:00,00:21:00,27,40
1060,11035,2.0,VDN,TGN,00:21:00,00:25:00,27,41
1061,11035,2.0,TGN,GRWD,00:25:00,00:28:00,27,42
1062,11035,2.0,DEHR,AKRD,00:35:00,00:40:00,27,45
1063,11035,2.0,AKRD,CCH,00:40:00,00:43:00,27,46
1064,11035,2.0,CCH,PMP,00:43:00,00:45:00,27,47
1065,11035,2.0,PMP,KSWD,00:45:00,00:48:00,27,48
1066,11035,2.0,KSWD,DAPD,00:48:00,00:51:00,27,49
1067,11035,2.0,DAPD,KK,00:51:00,00:53:00,27,50
1068,11035,2.0,KK,SVJR,00:53:00,00:57:00,27,51
1069,11035,2.0,SVJR,PUNE,00:57:00,01:00:00,27,52
1070,11036,2.0,DR,MTN,None,05:48:00,28,8
1071,11036,2.0,MTN,SIN,05:48:00,05:44:00,28,9
1072,11036,2.0,SIN,CLA,05:44:00,05:41:00,28,10
1073,11036,2.0,CLA,VVH,05:41:00,05:38:00,28,11
1074,11036,2.0,VVH,GC,05:38:00,05:37:00,28,12
1075,11036,2.0,GC,VK,05:37:00,05:32:00,28,13
1076,11036,2.0,BND,NHU,05:28:00,05:26:00,28,15
1077,11036,2.0,NHU,MLND,05:26:00,05:23:00,28,16
1078,11036,2.0,MLND,TNA,05:23:00,05:20:00,28,17
1079,11036,2.0,TNA,KLVA,05:20:00,05:17:00,28,18
1080,11036,2.0,KLVA,MBQ,05:17:00,05:11:00,28,19
1081,11036,2.0,MBQ,DIVA,05:11:00,05:08:00,28,20
1082,11036,2.0,DIVA,KOPR,05:08:00,05:03:00,28,21
1083,11036,2.0,KOPR,DI,05:03:00,05:01:00,28,22
1084,11036,2.0,DI,THK,05:01:00,04:59:00,28,23
1085,11036,2.0,THK,KYN,04:59:00,04:54:00,28,24
1086,11036,2.0,KYN,VLDI,04:55:00,04:52:00,28,25
1087,11036,2.0,VLDI,ULNR,04:52:00,04:49:00,28,26
1088,11036,2.0,ULNR,ABH,04:49:00,04:46:00,28,27
1089,11036,2.0,ABH,BUD,04:46:00,04:37:00,28,28
1090,11036,2.0,BUD,VGI,04:37:00,04:24:00,28,29
1091,11036,2.0,VGI,SHLU,04:24:00,04:19:00,28,30
1092,11036,2.0,SHLU,NRL,04:19:00,04:14:00,28,31
1093,11036,2.0,NRL,BVS,04:14:00,04:06:00,28,32
1094,11036,2.0,BVS,KJT,04:06:00,03:58:00,28,33
1095,11036,2.0,KJT,PDI,03:58:00,03:55:00,28,34
1096,11036,2.0,PDI,KAD,03:55:00,03:29:00,28,35
1097,11036,2.0,KAD,LNL,03:29:00,03:24:00,28,36
1098,11036,2.0,LNL,MVL,03:25:00,03:16:00,28,37
1099,11036,2.0,MVL,KMST,03:16:00,03:08:00,28,38
1100,11036,2.0,KMST,KNHE,03:08:00,03:03:00,28,39
1101,11036,2.0,KNHE,VDN,03:03:00,02:58:00,28,40
1102,11036,2.0,VDN,TGN,02:58:00,02:54:00,28,41
1103,11036,2.0,TGN,GRWD,02:54:00,02:51:00,28,42
1104,11036,2.0,DEHR,AKRD,02:44:00,02:40:00,28,45
1105,11036,2.0,AKRD,CCH,02:40:00,02:36:00,28,46
1106,11036,2.0,CCH,PMP,02:36:00,02:34:00,28,47
1107,11036,2.0,PMP,KSWD,02:34:00,02:32:00,28,48
1108,11036,2.0,KSWD,DAPD,02:32:00,02:28:00,28,49
1109,11036,2.0,DAPD,KK,02:28:00,02:26:00,28,50
1110,11036,2.0,KK,SVJR,02:26:00,02:22:00,28,51
1111,11036,2.0,SVJR,PUNE,02:22:00,02:10:00,28,52
1112,11041,1.0,CSMT,MSD,14:00:00,14:01:00,29,1
1113,11041,1.0,MSD,SNRD,14:01:00,14:03:00,29,2
1114,11041,1.0,SNRD,BY,14:03:00,14:05:00,29,3
1115,11041,1.0,CRD,PR,14:08:00,14:10:00,29,6
1116,11041,1.0,PR,DR,14:10:00,14:12:00,29,7
1117,11041,1.0,DR,MTN,14:15:00,14:16:00,29,8
1118,11041,1.0,MTN,SIN,14:16:00,14:19:00,29,9
1119,11041,1.0,SIN,CLA,14:19:00,14:21:00,29,10
1120,11041,1.0,CLA,VVH,14:21:00,14:23:00,29,11
1121,11041,1.0,VVH,GC,14:23:00,14:25:00,29,12
1122,11041,1.0,GC,VK,14:25:00,14:28:00,29,13
1123,11041,1.0,BND,NHU,14:31:00,14:33:00,29,15
1124,11041,1.0,NHU,MLND,14:33:00,14:35:00,29,16
1125,11041,1.0,MLND,TNA,14:35:00,14:38:00,29,17
1126,11041,1.0,TNA,KLVA,14:40:00,14:43:00,29,18
1127,11041,1.0,KLVA,MBQ,14:43:00,14:47:00,29,19
1128,11041,1.0,MBQ,DIVA,14:47:00,14:50:00,29,20
1129,11041,1.0,DIVA,KOPR,14:50:00,14:54:00,29,21
1130,11041,1.0,KOPR,DI,14:54:00,14:55:00,29,22
1131,11041,1.0,DI,THK,14:55:00,14:57:00,29,23
1132,11041,1.0,THK,KYN,14:57:00,15:00:00,29,24
1133,11041,1.0,KYN,VLDI,15:05:00,15:07:00,29,25
1134,11041,1.0,VLDI,ULNR,15:07:00,15:09:00,29,26
1135,11041,1.0,ULNR,ABH,15:09:00,15:11:00,29,27
1136,11041,1.0,ABH,BUD,15:11:00,15:18:00,29,28
1137,11041,1.0,BUD,VGI,15:18:00,15:29:00,29,29
1138,11041,1.0,VGI,SHLU,15:29:00,15:32:00,29,30
1139,11041,1.0,SHLU,NRL,15:32:00,15:36:00,29,31
1140,11041,1.0,NRL,BVS,15:36:00,15:42:00,29,32
1141,11041,1.0,BVS,KJT,15:42:00,15:48:00,29,33
1142,11041,1.0,KJT,PDI,15:50:00,15:55:00,29,34
1143,11041,1.0,PDI,KAD,15:55:00,16:31:00,29,35
1144,11041,1.0,KAD,LNL,16:31:00,16:38:00,29,36
1145,11041,1.0,LNL,MVL,16:40:00,16:46:00,29,37
1146,11041,1.0,MVL,KMST,16:46:00,16:53:00,29,38
1147,11041,1.0,KMST,KNHE,16:53:00,16:56:00,29,39
1148,11041,1.0,KNHE,VDN,16:56:00,17:00:00,29,40
1149,11041,1.0,VDN,TGN,17:00:00,17:03:00,29,41
1150,11041,1.0,TGN,GRWD,17:03:00,17:06:00,29,42
1151,11041,1.0,DEHR,AKRD,17:11:00,17:15:00,29,45
1152,11041,1.0,AKRD,CCH,17:15:00,17:17:00,29,46
1153,11041,1.0,CCH,PMP,17:17:00,17:19:00,29,47
1154,11041,1.0,PMP,KSWD,17:19:00,17:21:00,29,48
1155,11041,1.0,KSWD,DAPD,17:21:00,17:24:00,29,49
1156,11041,1.0,DAPD,KK,17:24:00,17:26:00,29,50
1157,11041,1.0,KK,SVJR,17:28:00,17:47:00,29,51
1158,11041,1.0,SVJR,PUNE,17:47:00,18:00:00,29,52
1159,11042,2.0,CSMT,MSD,None,13:41:00,30,1
1160,11042,2.0,MSD,SNRD,13:41:00,13:37:00,30,2
1161,11042,2.0,SNRD,BY,13:37:00,13:31:00,30,3
1162,11042,2.0,CRD,PR,13:25:00,13:18:00,30,6
1163,11042,2.0,PR,DR,13:18:00,13:14:00,30,7
1164,11042,2.0,DR,MTN,13:15:00,13:13:00,30,8
1165,11042,2.0,MTN,SIN,13:13:00,13:10:00,30,9
1166,11042,2.0,SIN,CLA,13:10:00,13:06:00,30,10
1167,11042,2.0,CLA,VVH,13:06:00,13:03:00,30,11
1168,11042,2.0,VVH,GC,13:03:00,13:02:00,30,12
1169,11042,2.0,GC,VK,13:02:00,12:57:00,30,13
1170,11042,2.0,BND,NHU,12:53:00,12:51:00,30,15
1171,11042,2.0,NHU,MLND,12:51:00,12:48:00,30,16
1172,11042,2.0,MLND,TNA,12:48:00,12:44:00,30,17
1173,11042,2.0,TNA,KLVA,12:45:00,12:41:00,30,18
1174,11042,2.0,KLVA,MBQ,12:41:00,12:37:00,30,19
1175,11042,2.0,MBQ,DIVA,12:37:00,12:35:00,30,20
1176,11042,2.0,DIVA,KOPR,12:35:00,12:31:00,30,21
1177,11042,2.0,KOPR,DI,12:31:00,12:30:00,30,22
1178,11042,2.0,DI,THK,12:30:00,12:28:00,30,23
1179,11042,2.0,THK,KYN,12:28:00,12:24:00,30,24
1180,11042,2.0,KYN,VLDI,12:25:00,12:22:00,30,25
1181,11042,2.0,VLDI,ULNR,12:22:00,12:20:00,30,26
1182,11042,2.0,ULNR,ABH,12:20:00,12:16:00,30,27
1183,11042,2.0,ABH,BUD,12:16:00,12:06:00,30,28
1184,11042,2.0,BUD,VGI,12:06:00,11:52:00,30,29
1185,11042,2.0,VGI,SHLU,11:52:00,11:46:00,30,30
1186,11042,2.0,SHLU,NRL,11:46:00,11:41:00,30,31
1187,11042,2.0,NRL,BVS,11:41:00,11:32:00,30,32
1188,11042,2.0,BVS,KJT,11:32:00,11:22:00,30,33
1189,11042,2.0,KJT,PDI,11:22:00,11:18:00,30,34
1190,11042,2.0,PDI,KAD,11:18:00,10:50:00,30,35
1191,11042,2.0,KAD,LNL,10:50:00,10:44:00,30,36
1192,11042,2.0,LNL,MVL,10:45:00,10:37:00,30,37
1193,11042,2.0,MVL,KMST,10:37:00,10:28:00,30,38
1194,11042,2.0,KMST,KNHE,10:28:00,10:23:00,30,39
1195,11042,2.0,KNHE,VDN,10:23:00,10:18:00,30,40
1196,11042,2.0,VDN,TGN,10:18:00,10:14:00,30,41
1197,11042,2.0,TGN,GRWD,10:14:00,10:11:00,30,42
1198,11042,2.0,DEHR,AKRD,10:04:00,09:59:00,30,45
1199,11042,2.0,AKRD,CCH,09:59:00,09:56:00,30,46
1200,11042,2.0,CCH,PMP,09:56:00,09:53:00,30,47
1201,11042,2.0,PMP,KSWD,09:53:00,09:51:00,30,48
1202,11042,2.0,KSWD,DAPD,09:51:00,09:47:00,30,49
1203,11042,2.0,DAPD,KK,09:47:00,09:44:00,30,50
1204,11042,2.0,KK,SVJR,09:45:00,09:39:00,30,51
1205,11042,2.0,SVJR,PUNE,09:39:00,09:30:00,30,52
1206,11043,1.0,VVH,GC,00:16:00,00:18:00,31,12
1207,11043,1.0,GC,VK,00:18:00,00:21:00,31,13
1208,11043,1.0,BND,NHU,00:25:00,00:27:00,31,15
1209,11043,1.0,NHU,MLND,00:27:00,00:29:00,31,16
1210,11043,1.0,MLND,TNA,00:29:00,00:33:00,31,17
1211,11043,1.0,DIVA,KOPR,00:46:00,00:51:00,31,21
1212,11043,1.0,KOPR,DI,00:51:00,00:53:00,31,22
1213,11043,1.0,DI,THK,00:53:00,00:54:00,31,23
1214,11043,1.0,THK,KYN,00:54:00,00:58:00,31,24
1215,11043,1.0,KYN,VLDI,01:00:00,01:03:00,31,25
1216,11043,1.0,VLDI,ULNR,01:03:00,01:05:00,31,26
1217,11043,1.0,ULNR,ABH,01:05:00,01:09:00,31,27
1218,11043,1.0,ABH,BUD,01:09:00,01:18:00,31,28
1219,11043,1.0,BUD,VGI,01:18:00,01:32:00,31,29
1220,11043,1.0,VGI,SHLU,01:32:00,01:37:00,31,30
1221,11043,1.0,SHLU,NRL,01:37:00,01:42:00,31,31
1222,11043,1.0,NRL,BVS,01:42:00,01:51:00,31,32
1223,11043,1.0,BVS,KJT,01:51:00,01:58:00,31,33
1224,11043,1.0,KJT,PDI,02:00:00,02:05:00,31,34
1225,11043,1.0,PDI,KAD,02:05:00,02:37:00,31,35
1226,11043,1.0,KAD,LNL,02:37:00,02:43:00,31,36
1227,11043,1.0,LNL,MVL,02:45:00,02:53:00,31,37
1228,11043,1.0,MVL,KMST,02:53:00,03:03:00,31,38
1229,11043,1.0,KMST,KNHE,03:03:00,03:08:00,31,39
1230,11043,1.0,KNHE,VDN,03:08:00,03:13:00,31,40
1231,11043,1.0,VDN,TGN,03:13:00,03:18:00,31,41
1232,11043,1.0,TGN,GRWD,03:18:00,03:21:00,31,42
1233,11043,1.0,DEHR,AKRD,03:28:00,03:34:00,31,45
1234,11043,1.0,AKRD,CCH,03:34:00,03:37:00,31,46
1235,11043,1.0,CCH,PMP,03:37:00,03:40:00,31,47
1236,11043,1.0,PMP,KSWD,03:40:00,03:42:00,31,48
1237,11043,1.0,KSWD,DAPD,03:42:00,03:46:00,31,49
1238,11043,1.0,DAPD,KK,03:46:00,03:49:00,31,50
1239,11043,1.0,KK,SVJR,03:49:00,03:53:00,31,51
1240,11043,1.0,SVJR,PUNE,03:53:00,03:55:00,31,52
1241,11044,3.0,VVH,GC,05:39:00,05:36:00,32,12
1242,11044,3.0,GC,VK,05:36:00,05:28:00,32,13
1243,11044,3.0,BND,NHU,05:19:00,05:16:00,32,15
1244,11044,3.0,NHU,MLND,05:16:00,05:11:00,32,16
1245,11044,3.0,MLND,TNA,05:11:00,05:03:00,32,17
1246,11044,3.0,DIVA,KOPR,04:57:00,04:54:00,32,21
1247,11044,3.0,KOPR,DI,04:54:00,04:53:00,32,22
1248,11044,3.0,DI,THK,04:53:00,04:52:00,32,23
1249,11044,3.0,THK,KYN,04:52:00,04:49:00,32,24
1250,11044,3.0,KYN,VLDI,04:50:00,04:47:00,32,25
1251,11044,3.0,VLDI,ULNR,04:47:00,04:45:00,32,26
1252,11044,3.0,ULNR,ABH,04:45:00,04:42:00,32,27
1253,11044,3.0,ABH,BUD,04:42:00,04:32:00,32,28
1254,11044,3.0,BUD,VGI,04:32:00,04:18:00,32,29
1255,11044,3.0,VGI,SHLU,04:18:00,04:13:00,32,30
1256,11044,3.0,SHLU,NRL,04:13:00,04:08:00,32,31
1257,11044,3.0,NRL,BVS,04:08:00,03:59:00,32,32
1258,11044,3.0,BVS,KJT,03:59:00,03:50:00,32,33
1259,11044,3.0,KJT,PDI,03:50:00,03:47:00,32,34
1260,11044,3.0,PDI,KAD,03:47:00,03:20:00,32,35
1261,11044,3.0,KAD,LNL,03:20:00,03:14:00,32,36
1262,11044,3.0,LNL,MVL,03:15:00,03:06:00,32,37
1263,11044,3.0,MVL,KMST,03:06:00,02:57:00,32,38
1264,11044,3.0,KMST,KNHE,02:57:00,02:52:00,32,39
1265,11044,3.0,KNHE,VDN,02:52:00,02:46:00,32,40
1266,11044,3.0,VDN,TGN,02:46:00,02:42:00,32,41
1267,11044,3.0,TGN,GRWD,02:42:00,02:39:00,32,42
1268,11044,3.0,DEHR,AKRD,02:32:00,02:26:00,32,45
1269,11044,3.0,AKRD,CCH,02:26:00,02:23:00,32,46
1270,11044,3.0,CCH,PMP,02:23:00,02:20:00,32,47
1271,11044,3.0,PMP,KSWD,02:20:00,02:18:00,32,48
1272,11044,3.0,KSWD,DAPD,02:18:00,02:14:00,32,49
1273,11044,3.0,DAPD,KK,02:14:00,02:12:00,32,50
1274,11044,3.0,KK,SVJR,02:12:00,02:08:00,32,51
1275,11044,3.0,SVJR,PUNE,02:08:00,02:00:00,32,52
1276,11049,2.0,KOPR,DI,04:48:00,04:56:00,33,22
1277,11049,2.0,DI,THK,04:56:00,04:58:00,33,23
1278,11049,2.0,THK,KYN,04:58:00,05:15:00,33,24
1279,11049,2.0,KYN,VLDI,05:20:00,05:22:00,33,25
1280,11049,2.0,VLDI,ULNR,05:22:00,05:24:00,33,26
1281,11049,2.0,ULNR,ABH,05:24:00,05:26:00,33,27
1282,11049,2.0,ABH,BUD,05:26:00,05:33:00,33,28
1283,11049,2.0,BUD,VGI,05:33:00,05:43:00,33,29
1284,11049,2.0,VGI,SHLU,05:43:00,05:47:00,33,30
1285,11049,2.0,SHLU,NRL,05:47:00,05:51:00,33,31
1286,11049,2.0,NRL,BVS,05:51:00,05:57:00,33,32
1287,11049,2.0,BVS,KJT,05:57:00,06:03:00,33,33
1288,11049,2.0,KJT,PDI,06:05:00,06:10:00,33,34
1289,11049,2.0,PDI,KAD,06:10:00,06:46:00,33,35
1290,11049,2.0,KAD,LNL,06:46:00,06:53:00,33,36
1291,11049,2.0,LNL,MVL,06:55:00,07:02:00,33,37
1292,11049,2.0,MVL,KMST,07:02:00,07:11:00,33,38
1293,11049,2.0,KMST,KNHE,07:11:00,07:16:00,33,39
1294,11049,2.0,KNHE,VDN,07:16:00,07:21:00,33,40
1295,11049,2.0,VDN,TGN,07:21:00,07:25:00,33,41
1296,11049,2.0,TGN,GRWD,07:25:00,07:28:00,33,42
1297,11049,2.0,DEHR,AKRD,07:35:00,07:40:00,33,45
1298,11049,2.0,AKRD,CCH,07:40:00,07:43:00,33,46
1299,11049,2.0,CCH,PMP,07:43:00,07:46:00,33,47
1300,11049,2.0,PMP,KSWD,07:46:00,07:48:00,33,48
1301,11049,2.0,KSWD,DAPD,07:48:00,07:52:00,33,49
1302,11049,2.0,DAPD,KK,07:52:00,07:54:00,33,50
1303,11049,2.0,KK,SVJR,07:54:00,07:58:00,33,51
1304,11049,2.0,SVJR,PUNE,07:58:00,08:00:00,33,52
1305,11050,1.0,KOPR,DI,22:34:00,22:30:00,34,22
1306,11050,1.0,DI,THK,22:30:00,22:28:00,34,23
1307,11050,1.0,THK,KYN,22:28:00,22:20:00,34,24
1308,11050,1.0,KYN,VLDI,22:25:00,22:18:00,34,25
1309,11050,1.0,VLDI,ULNR,22:18:00,22:16:00,34,26
1310,11050,1.0,ULNR,ABH,22:16:00,22:14:00,34,27
1311,11050,1.0,ABH,BUD,22:14:00,22:05:00,34,28
1312,11050,1.0,BUD,VGI,22:05:00,21:54:00,34,29
1313,11050,1.0,VGI,SHLU,21:54:00,21:49:00,34,30
1314,11050,1.0,SHLU,NRL,21:49:00,21:45:00,34,31
1315,11050,1.0,NRL,BVS,21:45:00,21:38:00,34,32
1316,11050,1.0,BVS,KJT,21:38:00,21:28:00,34,33
1317,11050,1.0,KJT,PDI,21:30:00,21:21:00,34,34
1318,11050,1.0,PDI,KAD,21:21:00,20:51:00,34,35
1319,11050,1.0,KAD,LNL,20:51:00,20:43:00,34,36
1320,11050,1.0,LNL,MVL,20:45:00,20:37:00,34,37
1321,11050,1.0,MVL,KMST,20:37:00,20:30:00,34,38
1322,11050,1.0,KMST,KNHE,20:30:00,20:26:00,34,39
1323,11050,1.0,KNHE,VDN,20:26:00,20:22:00,34,40
1324,11050,1.0,VDN,TGN,20:22:00,20:19:00,34,41
1325,11050,1.0,TGN,GRWD,20:19:00,20:16:00,34,42
1326,11050,1.0,DEHR,AKRD,20:11:00,20:06:00,34,45
1327,11050,1.0,AKRD,CCH,20:06:00,20:04:00,34,46
1328,11050,1.0,CCH,PMP,20:04:00,20:02:00,34,47
1329,11050,1.0,PMP,KSWD,20:02:00,20:00:00,34,48
1330,11050,1.0,KSWD,DAPD,20:00:00,19:57:00,34,49
1331,11050,1.0,DAPD,KK,19:57:00,19:55:00,34,50
1332,11050,1.0,KK,SVJR,19:55:00,19:52:00,34,51
1333,11050,1.0,SVJR,PUNE,19:52:00,19:40:00,34,52
1334,11087,2.0,KOPR,DI,01:11:00,01:21:00,35,22
1335,11087,2.0,DI,THK,01:21:00,01:24:00,35,23
1336,11087,2.0,THK,KYN,01:24:00,01:45:00,35,24
1337,11087,2.0,KYN,VLDI,01:50:00,01:52:00,35,25
1338,11087,2.0,VLDI,ULNR,01:52:00,01:54:00,35,26
1339,11087,2.0,ULNR,ABH,01:54:00,01:56:00,35,27
1340,11087,2.0,ABH,BUD,01:56:00,02:02:00,35,28
1341,11087,2.0,BUD,VGI,02:02:00,02:11:00,35,29
1342,11087,2.0,VGI,SHLU,02:11:00,02:14:00,35,30
1343,11087,2.0,SHLU,NRL,02:14:00,02:18:00,35,31
1344,11087,2.0,NRL,BVS,02:18:00,02:23:00,35,32
1345,11087,2.0,BVS,KJT,02:23:00,02:28:00,35,33
1346,11087,2.0,KJT,PDI,02:30:00,02:36:00,35,34
1347,11087,2.0,PDI,KAD,02:36:00,03:16:00,35,35
1348,11087,2.0,KAD,LNL,03:16:00,03:23:00,35,36
1349,11087,2.0,LNL,MVL,03:25:00,03:31:00,35,37
1350,11087,2.0,MVL,KMST,03:31:00,03:39:00,35,38
1351,11087,2.0,KMST,KNHE,03:39:00,03:43:00,35,39
1352,11087,2.0,KNHE,VDN,03:43:00,03:47:00,35,40
1353,11087,2.0,VDN,TGN,03:47:00,03:50:00,35,41
1354,11087,2.0,TGN,GRWD,03:50:00,03:53:00,35,42
1355,11087,2.0,DEHR,AKRD,03:59:00,04:03:00,35,45
1356,11087,2.0,AKRD,CCH,04:03:00,04:06:00,35,46
1357,11087,2.0,CCH,PMP,04:06:00,04:08:00,35,47
1358,11087,2.0,PMP,KSWD,04:08:00,04:10:00,35,48
1359,11087,2.0,KSWD,DAPD,04:10:00,04:13:00,35,49
1360,11087,2.0,DAPD,KK,04:13:00,04:15:00,35,50
1361,11087,2.0,KK,SVJR,04:15:00,04:18:00,35,51
1362,11087,2.0,SVJR,PUNE,04:20:00,04:45:00,35,52
1363,11088,1.0,KOPR,DI,22:34:00,22:30:00,36,22
1364,11088,1.0,DI,THK,22:30:00,22:28:00,36,23
1365,11088,1.0,THK,KYN,22:28:00,22:20:00,36,24
1366,11088,1.0,KYN,VLDI,22:25:00,22:18:00,36,25
1367,11088,1.0,VLDI,ULNR,22:18:00,22:16:00,36,26
1368,11088,1.0,ULNR,ABH,22:16:00,22:13:00,36,27
1369,11088,1.0,ABH,BUD,22:13:00,22:05:00,36,28
1370,11088,1.0,BUD,VGI,22:05:00,21:53:00,36,29
1371,11088,1.0,VGI,SHLU,21:53:00,21:49:00,36,30
1372,11088,1.0,SHLU,NRL,21:49:00,21:45:00,36,31
1373,11088,1.0,NRL,BVS,21:45:00,21:37:00,36,32
1374,11088,1.0,BVS,KJT,21:37:00,21:28:00,36,33
1375,11088,1.0,KJT,PDI,21:30:00,21:23:00,36,34
1376,11088,1.0,PDI,KAD,21:23:00,20:51:00,36,35
1377,11088,1.0,KAD,LNL,20:51:00,20:43:00,36,36
1378,11088,1.0,LNL,MVL,20:45:00,20:37:00,36,37
1379,11088,1.0,MVL,KMST,20:37:00,20:30:00,36,38
1380,11088,1.0,KMST,KNHE,20:30:00,20:26:00,36,39
1381,11088,1.0,KNHE,VDN,20:26:00,20:22:00,36,40
1382,11088,1.0,VDN,TGN,20:22:00,20:19:00,36,41
1383,11088,1.0,TGN,GRWD,20:19:00,20:16:00,36,42
1384,11088,1.0,DEHR,AKRD,20:10:00,20:06:00,36,45
1385,11088,1.0,AKRD,CCH,20:06:00,20:04:00,36,46
1386,11088,1.0,CCH,PMP,20:04:00,20:02:00,36,47
1387,11088,1.0,PMP,KSWD,20:02:00,20:00:00,36,48
1388,11088,1.0,KSWD,DAPD,20:00:00,19:57:00,36,49
1389,11088,1.0,DAPD,KK,19:57:00,19:55:00,36,50
1390,11088,1.0,KK,SVJR,19:55:00,19:52:00,36,51
1391,11088,1.0,SVJR,PUNE,19:52:00,None,36,52
1392,11089,2.0,KOPR,DI,01:11:00,01:21:00,37,22
1393,11089,2.0,DI,THK,01:21:00,01:24:00,37,23
1394,11089,2.0,THK,KYN,01:24:00,01:45:00,37,24
1395,11089,2.0,KYN,VLDI,01:50:00,01:52:00,37,25
1396,11089,2.0,VLDI,ULNR,01:52:00,01:54:00,37,26
1397,11089,2.0,ULNR,ABH,01:54:00,01:56:00,37,27
1398,11089,2.0,ABH,BUD,01:56:00,02:02:00,37,28
1399,11089,2.0,BUD,VGI,02:02:00,02:11:00,37,29
1400,11089,2.0,VGI,SHLU,02:11:00,02:14:00,37,30
1401,11089,2.0,SHLU,NRL,02:14:00,02:18:00,37,31
1402,11089,2.0,NRL,BVS,02:18:00,02:23:00,37,32
1403,11089,2.0,BVS,KJT,02:23:00,02:28:00,37,33
1404,11089,2.0,KJT,PDI,02:30:00,02:36:00,37,34
1405,11089,2.0,PDI,KAD,02:36:00,03:16:00,37,35
1406,11089,2.0,KAD,LNL,03:16:00,03:23:00,37,36
1407,11089,2.0,LNL,MVL,03:25:00,03:31:00,37,37
1408,11089,2.0,MVL,KMST,03:31:00,03:39:00,37,38
1409,11089,2.0,KMST,KNHE,03:39:00,03:43:00,37,39
1410,11089,2.0,KNHE,VDN,03:43:00,03:47:00,37,40
1411,11089,2.0,VDN,TGN,03:47:00,03:50:00,37,41
1412,11089,2.0,TGN,GRWD,03:50:00,03:53:00,37,42
1413,11089,2.0,DEHR,AKRD,03:59:00,04:03:00,37,45
1414,11089,2.0,AKRD,CCH,04:03:00,04:06:00,37,46
1415,11089,2.0,CCH,PMP,04:06:00,04:08:00,37,47
1416,11089,2.0,PMP,KSWD,04:08:00,04:10:00,37,48
1417,11089,2.0,KSWD,DAPD,04:10:00,04:13:00,37,49
1418,11089,2.0,DAPD,KK,04:13:00,04:15:00,37,50
1419,11089,2.0,KK,SVJR,04:15:00,04:18:00,37,51
1420,11089,2.0,SVJR,PUNE,04:20:00,04:45:00,37,52
1421,11090,1.0,KOPR,DI,22:34:00,22:30:00,38,22
1422,11090,1.0,DI,THK,22:30:00,22:28:00,38,23
1423,11090,1.0,THK,KYN,22:28:00,22:20:00,38,24
1424,11090,1.0,KYN,VLDI,22:25:00,22:18:00,38,25
1425,11090,1.0,VLDI,ULNR,22:18:00,22:16:00,38,26
1426,11090,1.0,ULNR,ABH,22:16:00,22:13:00,38,27
1427,11090,1.0,ABH,BUD,22:13:00,22:05:00,38,28
1428,11090,1.0,BUD,VGI,22:05:00,21:53:00,38,29
1429,11090,1.0,VGI,SHLU,21:53:00,21:49:00,38,30
1430,11090,1.0,SHLU,NRL,21:49:00,21:45:00,38,31
1431,11090,1.0,NRL,BVS,21:45:00,21:37:00,38,32
1432,11090,1.0,BVS,KJT,21:37:00,21:28:00,38,33
1433,11090,1.0,KJT,PDI,21:30:00,21:23:00,38,34
1434,11090,1.0,PDI,KAD,21:23:00,20:51:00,38,35
1435,11090,1.0,KAD,LNL,20:51:00,20:43:00,38,36
1436,11090,1.0,LNL,MVL,20:45:00,20:37:00,38,37
1437,11090,1.0,MVL,KMST,20:37:00,20:30:00,38,38
1438,11090,1.0,KMST,KNHE,20:30:00,20:26:00,38,39
1439,11090,1.0,KNHE,VDN,20:26:00,20:22:00,38,40
1440,11090,1.0,VDN,TGN,20:22:00,20:19:00,38,41
1441,11090,1.0,TGN,GRWD,20:19:00,20:16:00,38,42
1442,11090,1.0,DEHR,AKRD,20:10:00,20:06:00,38,45
1443,11090,1.0,AKRD,CCH,20:06:00,20:04:00,38,46
1444,11090,1.0,CCH,PMP,20:04:00,20:02:00,38,47
1445,11090,1.0,PMP,KSWD,20:02:00,20:00:00,38,48
1446,11090,1.0,KSWD,DAPD,20:00:00,19:57:00,38,49
1447,11090,1.0,DAPD,KK,19:57:00,19:55:00,38,50
1448,11090,1.0,KK,SVJR,19:55:00,19:52:00,38,51
1449,11090,1.0,SVJR,PUNE,19:52:00,None,38,52
1450,11091,2.0,KOPR,DI,01:11:00,01:21:00,39,22
1451,11091,2.0,DI,THK,01:21:00,01:24:00,39,23
1452,11091,2.0,THK,KYN,01:24:00,01:45:00,39,24
1453,11091,2.0,KYN,VLDI,01:50:00,01:52:00,39,25
1454,11091,2.0,VLDI,ULNR,01:52:00,01:54:00,39,26
1455,11091,2.0,ULNR,ABH,01:54:00,01:56:00,39,27
1456,11091,2.0,ABH,BUD,01:56:00,02:02:00,39,28
1457,11091,2.0,BUD,VGI,02:02:00,02:11:00,39,29
1458,11091,2.0,VGI,SHLU,02:11:00,02:14:00,39,30
1459,11091,2.0,SHLU,NRL,02:14:00,02:18:00,39,31
1460,11091,2.0,NRL,BVS,02:18:00,02:23:00,39,32
1461,11091,2.0,BVS,KJT,02:23:00,02:28:00,39,33
1462,11091,2.0,KJT,PDI,02:30:00,02:36:00,39,34
1463,11091,2.0,PDI,KAD,02:36:00,03:16:00,39,35
1464,11091,2.0,KAD,LNL,03:16:00,03:23:00,39,36
1465,11091,2.0,LNL,MVL,03:25:00,03:31:00,39,37
1466,11091,2.0,MVL,KMST,03:31:00,03:39:00,39,38
1467,11091,2.0,KMST,KNHE,03:39:00,03:43:00,39,39
1468,11091,2.0,KNHE,VDN,03:43:00,03:47:00,39,40
1469,11091,2.0,VDN,TGN,03:47:00,03:50:00,39,41
1470,11091,2.0,TGN,GRWD,03:50:00,03:53:00,39,42
1471,11091,2.0,DEHR,AKRD,03:59:00,04:03:00,39,45
1472,11091,2.0,AKRD,CCH,04:03:00,04:06:00,39,46
1473,11091,2.0,CCH,PMP,04:06:00,04:08:00,39,47
1474,11091,2.0,PMP,KSWD,04:08:00,04:10:00,39,48
1475,11091,2.0,KSWD,DAPD,04:10:00,04:13:00,39,49
1476,11091,2.0,DAPD,KK,04:13:00,04:15:00,39,50
1477,11091,2.0,KK,SVJR,04:15:00,04:18:00,39,51
1478,11091,2.0,SVJR,PUNE,04:20:00,04:45:00,39,52
1479,11092,1.0,KOPR,DI,22:34:00,22:30:00,40,22
1480,11092,1.0,DI,THK,22:30:00,22:28:00,40,23
1481,11092,1.0,THK,KYN,22:28:00,22:20:00,40,24
1482,11092,1.0,KYN,VLDI,22:25:00,22:18:00,40,25
1483,11092,1.0,VLDI,ULNR,22:18:00,22:16:00,40,26
1484,11092,1.0,ULNR,ABH,22:16:00,22:13:00,40,27
1485,11092,1.0,ABH,BUD,22:13:00,22:05:00,40,28
1486,11092,1.0,BUD,VGI,22:05:00,21:53:00,40,29
1487,11092,1.0,VGI,SHLU,21:53:00,21:49:00,40,30
1488,11092,1.0,SHLU,NRL,21:49:00,21:45:00,40,31
1489,11092,1.0,NRL,BVS,21:45:00,21:37:00,40,32
1490,11092,1.0,BVS,KJT,21:37:00,21:28:00,40,33
1491,11092,1.0,KJT,PDI,21:30:00,21:23:00,40,34
1492,11092,1.0,PDI,KAD,21:23:00,20:51:00,40,35
1493,11092,1.0,KAD,LNL,20:51:00,20:43:00,40,36
1494,11092,1.0,LNL,MVL,20:45:00,20:37:00,40,37
1495,11092,1.0,MVL,KMST,20:37:00,20:30:00,40,38
1496,11092,1.0,KMST,KNHE,20:30:00,20:26:00,40,39
1497,11092,1.0,KNHE,VDN,20:26:00,20:22:00,40,40
1498,11092,1.0,VDN,TGN,20:22:00,20:19:00,40,41
1499,11092,1.0,TGN,GRWD,20:19:00,20:16:00,40,42
1500,11092,1.0,DEHR,AKRD,20:10:00,20:06:00,40,45
1501,11092,1.0,AKRD,CCH,20:06:00,20:04:00,40,46
1502,11092,1.0,CCH,PMP,20:04:00,20:02:00,40,47
1503,11092,1.0,PMP,KSWD,20:02:00,20:00:00,40,48
1504,11092,1.0,KSWD,DAPD,20:00:00,19:57:00,40,49
1505,11092,1.0,DAPD,KK,19:57:00,19:55:00,40,50
1506,11092,1.0,KK,SVJR,19:55:00,19:52:00,40,51
1507,11092,1.0,SVJR,PUNE,19:52:00,None,40,52
1508,11095,2.0,KOPR,DI,01:11:00,01:21:00,41,22
1509,11095,2.0,DI,THK,01:21:00,01:24:00,41,23
1510,11095,2.0,THK,KYN,01:24:00,01:45:00,41,24
1511,11095,2.0,KYN,VLDI,01:50:00,01:52:00,41,25
1512,11095,2.0,VLDI,ULNR,01:52:00,01:53:00,41,26
1513,11095,2.0,ULNR,ABH,01:53:00,01:55:00,41,27
1514,11095,2.0,ABH,BUD,01:55:00,02:02:00,41,28
1515,11095,2.0,BUD,VGI,02:02:00,02:11:00,41,29
1516,11095,2.0,VGI,SHLU,02:11:00,02:14:00,41,30
1517,11095,2.0,SHLU,NRL,02:14:00,02:17:00,41,31
1518,11095,2.0,NRL,BVS,02:17:00,02:23:00,41,32
1519,11095,2.0,BVS,KJT,02:23:00,02:28:00,41,33
1520,11095,2.0,KJT,PDI,02:30:00,02:36:00,41,34
1521,11095,2.0,PDI,KAD,02:36:00,03:16:00,41,35
1522,11095,2.0,KAD,LNL,03:16:00,03:23:00,41,36
1523,11095,2.0,LNL,MVL,03:25:00,03:31:00,41,37
1524,11095,2.0,MVL,KMST,03:31:00,03:39:00,41,38
1525,11095,2.0,KMST,KNHE,03:39:00,03:43:00,41,39
1526,11095,2.0,KNHE,VDN,03:43:00,03:47:00,41,40
1527,11095,2.0,VDN,TGN,03:47:00,03:51:00,41,41
1528,11095,2.0,TGN,GRWD,03:51:00,03:54:00,41,42
1529,11095,2.0,DEHR,AKRD,03:59:00,04:04:00,41,45
1530,11095,2.0,AKRD,CCH,04:04:00,04:06:00,41,46
1531,11095,2.0,CCH,PMP,04:06:00,04:08:00,41,47
1532,11095,2.0,PMP,KSWD,04:08:00,04:10:00,41,48
1533,11095,2.0,KSWD,DAPD,04:10:00,04:14:00,41,49
1534,11095,2.0,DAPD,KK,04:14:00,04:16:00,41,50
1535,11095,2.0,KK,SVJR,04:16:00,04:18:00,41,51
1536,11095,2.0,SVJR,PUNE,04:20:00,04:45:00,41,52
1537,11096,1.0,KOPR,DI,22:34:00,22:30:00,42,22
1538,11096,1.0,DI,THK,22:30:00,22:28:00,42,23
1539,11096,1.0,THK,KYN,22:28:00,22:20:00,42,24
1540,11096,1.0,KYN,VLDI,22:25:00,22:17:00,42,25
1541,11096,1.0,VLDI,ULNR,22:17:00,22:15:00,42,26
1542,11096,1.0,ULNR,ABH,22:15:00,22:13:00,42,27
1543,11096,1.0,ABH,BUD,22:13:00,22:05:00,42,28
1544,11096,1.0,BUD,VGI,22:05:00,21:53:00,42,29
1545,11096,1.0,VGI,SHLU,21:53:00,21:49:00,42,30
1546,11096,1.0,SHLU,NRL,21:49:00,21:44:00,42,31
1547,11096,1.0,NRL,BVS,21:44:00,21:37:00,42,32
1548,11096,1.0,BVS,KJT,21:37:00,21:28:00,42,33
1549,11096,1.0,KJT,PDI,21:30:00,21:23:00,42,34
1550,11096,1.0,PDI,KAD,21:23:00,20:51:00,42,35
1551,11096,1.0,KAD,LNL,20:51:00,20:43:00,42,36
1552,11096,1.0,LNL,MVL,20:45:00,20:37:00,42,37
1553,11096,1.0,MVL,KMST,20:37:00,20:30:00,42,38
1554,11096,1.0,KMST,KNHE,20:30:00,20:26:00,42,39
1555,11096,1.0,KNHE,VDN,20:26:00,20:22:00,42,40
1556,11096,1.0,VDN,TGN,20:22:00,20:18:00,42,41
1557,11096,1.0,TGN,GRWD,20:18:00,20:16:00,42,42
1558,11096,1.0,DEHR,AKRD,20:10:00,20:06:00,42,45
1559,11096,1.0,AKRD,CCH,20:06:00,20:04:00,42,46
1560,11096,1.0,CCH,PMP,20:04:00,20:02:00,42,47
1561,11096,1.0,PMP,KSWD,20:02:00,20:00:00,42,48
1562,11096,1.0,KSWD,DAPD,20:00:00,19:57:00,42,49
1563,11096,1.0,DAPD,KK,19:57:00,19:55:00,42,50
1564,11096,1.0,KK,SVJR,19:55:00,19:52:00,42,51
1565,11096,1.0,SVJR,PUNE,19:52:00,None,42,52
1566,12115,1.0,CSMT,MSD,22:42:00,22:43:00,43,1
1567,12115,1.0,MSD,SNRD,22:43:00,22:45:00,43,2
1568,12115,1.0,SNRD,BY,22:45:00,22:47:00,43,3
1569,12115,1.0,CRD,PR,22:49:00,22:51:00,43,6
1570,12115,1.0,PR,DR,22:51:00,22:53:00,43,7
1571,12115,1.0,DR,MTN,22:55:00,22:56:00,43,8
1572,12115,1.0,MTN,SIN,22:56:00,22:59:00,43,9
1573,12115,1.0,SIN,CLA,22:59:00,23:01:00,43,10
1574,12115,1.0,CLA,VVH,23:01:00,23:03:00,43,11
1575,12115,1.0,VVH,GC,23:03:00,23:05:00,43,12
1576,12115,1.0,GC,VK,23:05:00,23:08:00,43,13
1577,12115,1.0,BND,NHU,23:12:00,23:13:00,43,15
1578,12115,1.0,NHU,MLND,23:13:00,23:15:00,43,16
1579,12115,1.0,MLND,TNA,23:15:00,23:18:00,43,17
1580,12115,1.0,TNA,KLVA,23:20:00,23:22:00,43,18
1581,12115,1.0,KLVA,MBQ,23:22:00,23:26:00,43,19
1582,12115,1.0,MBQ,DIVA,23:26:00,23:29:00,43,20
1583,12115,1.0,DIVA,KOPR,23:29:00,23:33:00,43,21
1584,12115,1.0,KOPR,DI,23:33:00,23:34:00,43,22
1585,12115,1.0,DI,THK,23:34:00,23:35:00,43,23
1586,12115,1.0,THK,KYN,23:35:00,23:38:00,43,24
1587,12115,1.0,KYN,VLDI,23:40:00,23:42:00,43,25
1588,12115,1.0,VLDI,ULNR,23:42:00,23:44:00,43,26
1589,12115,1.0,ULNR,ABH,23:44:00,23:46:00,43,27
1590,12115,1.0,ABH,BUD,23:46:00,23:52:00,43,28
1591,12115,2.0,VGI,SHLU,00:01:00,00:04:00,43,30
1592,12115,2.0,SHLU,NRL,00:04:00,00:08:00,43,31
1593,12115,2.0,NRL,BVS,00:08:00,00:13:00,43,32
1594,12115,2.0,BVS,KJT,00:13:00,00:18:00,43,33
1595,12115,2.0,KJT,PDI,00:20:00,00:25:00,43,34
1596,12115,2.0,PDI,KAD,00:25:00,00:58:00,43,35
1597,12115,2.0,KAD,LNL,01:00:00,01:08:00,43,36
1598,12115,2.0,LNL,MVL,01:10:00,01:17:00,43,37
1599,12115,2.0,MVL,KMST,01:17:00,01:26:00,43,38
1600,12115,2.0,KMST,KNHE,01:26:00,01:31:00,43,39
1601,12115,2.0,KNHE,VDN,01:31:00,01:36:00,43,40
1602,12115,2.0,VDN,TGN,01:36:00,01:40:00,43,41
1603,12115,2.0,TGN,GRWD,01:40:00,01:43:00,43,42
1604,12115,2.0,DEHR,AKRD,01:50:00,01:55:00,43,45
1605,12115,2.0,AKRD,CCH,01:55:00,01:58:00,43,46
1606,12115,2.0,CCH,PMP,01:58:00,02:01:00,43,47
1607,12115,2.0,PMP,KSWD,02:01:00,02:03:00,43,48
1608,12115,2.0,KSWD,DAPD,02:03:00,02:07:00,43,49
1609,12115,2.0,DAPD,KK,02:07:00,02:09:00,43,50
1610,12115,2.0,KK,SVJR,02:09:00,02:13:00,43,51
1611,12115,2.0,SVJR,PUNE,02:13:00,02:15:00,43,52
1612,12116,2.0,CSMT,MSD,None,06:59:00,44,1
1613,12116,2.0,MSD,SNRD,06:59:00,06:55:00,44,2
1614,12116,2.0,SNRD,BY,06:55:00,06:48:00,44,3
1615,12116,2.0,CRD,PR,06:41:00,06:34:00,44,6
1616,12116,2.0,PR,DR,06:34:00,06:28:00,44,7
1617,12116,2.0,DR,MTN,06:30:00,06:26:00,44,8
1618,12116,2.0,MTN,SIN,06:26:00,06:24:00,44,9
1619,12116,2.0,SIN,CLA,06:24:00,06:21:00,44,10
1620,12116,2.0,CLA,VVH,06:21:00,06:19:00,44,11
1621,12116,2.0,VVH,GC,06:19:00,06:18:00,44,12
1622,12116,2.0,GC,VK,06:18:00,06:14:00,44,13
1623,12116,2.0,BND,NHU,06:11:00,06:09:00,44,15
1624,12116,2.0,NHU,MLND,06:09:00,06:07:00,44,16
1625,12116,2.0,MLND,TNA,06:07:00,06:03:00,44,17
1626,12116,2.0,TNA,KLVA,06:05:00,06:01:00,44,18
1627,12116,2.0,KLVA,MBQ,06:01:00,05:57:00,44,19
1628,12116,2.0,MBQ,DIVA,05:57:00,05:55:00,44,20
1629,12116,2.0,DIVA,KOPR,05:55:00,05:51:00,44,21
1630,12116,2.0,KOPR,DI,05:51:00,05:49:00,44,22
1631,12116,2.0,DI,THK,05:49:00,05:48:00,44,23
1632,12116,2.0,THK,KYN,05:48:00,05:43:00,44,24
1633,12116,2.0,KYN,VLDI,05:45:00,05:41:00,44,25
1634,12116,2.0,VLDI,ULNR,05:41:00,05:39:00,44,26
1635,12116,2.0,ULNR,ABH,05:39:00,05:37:00,44,27
1636,12116,2.0,ABH,BUD,05:37:00,05:29:00,44,28
1637,12116,2.0,BUD,VGI,05:29:00,05:18:00,44,29
1638,12116,2.0,VGI,SHLU,05:18:00,05:14:00,44,30
1639,12116,2.0,SHLU,NRL,05:14:00,05:09:00,44,31
1640,12116,2.0,NRL,BVS,05:09:00,05:02:00,44,32
1641,12116,2.0,BVS,KJT,05:02:00,04:53:00,44,33
1642,12116,2.0,KJT,PDI,04:55:00,04:48:00,44,34
1643,12116,2.0,PDI,KAD,04:48:00,04:18:00,44,35
1644,12116,2.0,KAD,LNL,04:20:00,04:13:00,44,36
1645,12116,2.0,LNL,MVL,04:15:00,04:06:00,44,37
1646,12116,2.0,MVL,KMST,04:06:00,03:58:00,44,38
1647,12116,2.0,KMST,KNHE,03:58:00,03:54:00,44,39
1648,12116,2.0,KNHE,VDN,03:54:00,03:49:00,44,40
1649,12116,2.0,VDN,TGN,03:49:00,03:46:00,44,41
1650,12116,2.0,TGN,GRWD,03:46:00,03:43:00,44,42
1651,12116,2.0,DEHR,AKRD,03:37:00,03:33:00,44,45
1652,12116,2.0,AKRD,CCH,03:33:00,03:30:00,44,46
1653,12116,2.0,CCH,PMP,03:30:00,03:28:00,44,47
1654,12116,2.0,PMP,KSWD,03:28:00,03:26:00,44,48
1655,12116,2.0,KSWD,DAPD,03:26:00,03:22:00,44,49
1656,12116,2.0,DAPD,KK,03:22:00,03:20:00,44,50
1657,12116,2.0,KK,SVJR,03:20:00,03:17:00,44,51
1658,12116,2.0,SVJR,PUNE,03:17:00,03:05:00,44,52
1659,12123,1.0,CSMT,MSD,17:10:00,17:11:00,45,1
1660,12123,1.0,MSD,SNRD,17:11:00,17:12:00,45,2
1661,12123,1.0,SNRD,BY,17:12:00,17:13:00,45,3
1662,12123,1.0,CRD,PR,17:15:00,17:16:00,45,6
1663,12123,1.0,PR,DR,17:16:00,17:17:00,45,7
1664,12123,1.0,DR,MTN,17:17:00,17:18:00,45,8
1665,12123,1.0,MTN,SIN,17:18:00,17:21:00,45,9
1666,12123,1.0,SIN,CLA,17:21:00,17:23:00,45,10
1667,12123,1.0,CLA,VVH,17:23:00,17:25:00,45,11
1668,12123,1.0,VVH,GC,17:25:00,17:26:00,45,12
1669,12123,1.0,GC,VK,17:26:00,17:29:00,45,13
1670,12123,1.0,BND,NHU,17:32:00,17:34:00,45,15
1671,12123,1.0,NHU,MLND,17:34:00,17:35:00,45,16
1672,12123,1.0,MLND,TNA,17:35:00,17:38:00,45,17
1673,12123,1.0,TNA,KLVA,17:38:00,17:40:00,45,18
1674,12123,1.0,KLVA,MBQ,17:40:00,17:43:00,45,19
1675,12123,1.0,MBQ,DIVA,17:43:00,17:46:00,45,20
1676,12123,1.0,DIVA,KOPR,17:46:00,17:49:00,45,21
1677,12123,1.0,KOPR,DI,17:49:00,17:50:00,45,22
1678,12123,1.0,DI,THK,17:50:00,17:51:00,45,23
1679,12123,1.0,THK,KYN,17:51:00,17:55:00,45,24
1680,12123,1.0,KYN,VLDI,17:55:00,17:57:00,45,25
1681,12123,1.0,VLDI,ULNR,17:57:00,17:58:00,45,26
1682,12123,1.0,ULNR,ABH,17:58:00,18:00:00,45,27
1683,12123,1.0,ABH,BUD,18:00:00,18:07:00,45,28
1684,12123,1.0,BUD,VGI,18:07:00,18:16:00,45,29
1685,12123,1.0,VGI,SHLU,18:16:00,18:19:00,45,30
1686,12123,1.0,SHLU,NRL,18:19:00,18:22:00,45,31
1687,12123,1.0,NRL,BVS,18:22:00,18:28:00,45,32
1688,12123,1.0,BVS,KJT,18:28:00,18:33:00,45,33
1689,12123,1.0,KJT,PDI,18:35:00,18:40:00,45,34
1690,12123,1.0,PDI,KAD,18:40:00,19:12:00,45,35
1691,12123,1.0,KAD,LNL,19:12:00,19:18:00,45,36
1692,12123,1.0,LNL,MVL,19:20:00,19:26:00,45,37
1693,12123,1.0,MVL,KMST,19:26:00,19:32:00,45,38
1694,12123,1.0,KMST,KNHE,19:32:00,19:36:00,45,39
1695,12123,1.0,KNHE,VDN,19:36:00,19:40:00,45,40
1696,12123,1.0,VDN,TGN,19:40:00,19:43:00,45,41
1697,12123,1.0,TGN,GRWD,19:43:00,19:45:00,45,42
1698,12123,1.0,DEHR,AKRD,19:51:00,19:54:00,45,45
1699,12123,1.0,AKRD,CCH,19:54:00,19:57:00,45,46
1700,12123,1.0,CCH,PMP,19:57:00,19:59:00,45,47
1701,12123,1.0,PMP,KSWD,19:59:00,20:00:00,45,48
1702,12123,1.0,KSWD,DAPD,20:00:00,20:03:00,45,49
1703,12123,1.0,DAPD,KK,20:03:00,20:05:00,45,50
1704,12123,1.0,KK,SVJR,20:05:00,20:08:00,45,51
1705,12123,1.0,SVJR,PUNE,20:10:00,20:25:00,45,52
1706,12124,1.0,CSMT,MSD,None,10:22:00,46,1
1707,12124,1.0,MSD,SNRD,10:22:00,10:20:00,46,2
1708,12124,1.0,SNRD,BY,10:20:00,10:16:00,46,3
1709,12124,1.0,CRD,PR,10:11:00,10:07:00,46,6
1710,12124,1.0,PR,DR,10:07:00,10:03:00,46,7
1711,12124,1.0,DR,MTN,10:05:00,10:03:00,46,8
1712,12124,1.0,MTN,SIN,10:03:00,10:00:00,46,9
1713,12124,1.0,SIN,CLA,10:00:00,09:58:00,46,10
1714,12124,1.0,CLA,VVH,09:58:00,09:55:00,46,11
1715,12124,1.0,VVH,GC,09:55:00,09:54:00,46,12
1716,12124,1.0,GC,VK,09:54:00,09:50:00,46,13
1717,12124,1.0,BND,NHU,09:47:00,09:45:00,46,15
1718,12124,1.0,NHU,MLND,09:45:00,09:43:00,46,16
1719,12124,1.0,MLND,TNA,09:43:00,09:41:00,46,17
1720,12124,1.0,TNA,KLVA,09:41:00,09:38:00,46,18
1721,12124,1.0,KLVA,MBQ,09:38:00,09:34:00,46,19
1722,12124,1.0,MBQ,DIVA,09:34:00,09:32:00,46,20
1723,12124,1.0,DIVA,KOPR,09:32:00,09:27:00,46,21
1724,12124,1.0,KOPR,DI,09:27:00,09:26:00,46,22
1725,12124,1.0,DI,THK,09:26:00,09:25:00,46,23
1726,12124,1.0,THK,KYN,09:25:00,09:21:00,46,24
1727,12124,1.0,KYN,VLDI,09:21:00,09:19:00,46,25
1728,12124,1.0,VLDI,ULNR,09:19:00,09:17:00,46,26
1729,12124,1.0,ULNR,ABH,09:17:00,09:15:00,46,27
1730,12124,1.0,ABH,BUD,09:15:00,09:08:00,46,28
1731,12124,1.0,BUD,VGI,09:08:00,08:57:00,46,29
1732,12124,1.0,VGI,SHLU,08:57:00,08:53:00,46,30
1733,12124,1.0,SHLU,NRL,08:53:00,08:49:00,46,31
1734,12124,1.0,NRL,BVS,08:49:00,08:43:00,46,32
1735,12124,1.0,BVS,KJT,08:43:00,08:36:00,46,33
1736,12124,1.0,KJT,PDI,08:36:00,08:34:00,46,34
1737,12124,1.0,PDI,KAD,08:34:00,08:14:00,46,35
1738,12124,1.0,KAD,LNL,08:14:00,08:08:00,46,36
1739,12124,1.0,LNL,MVL,08:10:00,08:02:00,46,37
1740,12124,1.0,MVL,KMST,08:02:00,07:55:00,46,38
1741,12124,1.0,KMST,KNHE,07:55:00,07:51:00,46,39
1742,12124,1.0,KNHE,VDN,07:51:00,07:47:00,46,40
1743,12124,1.0,VDN,TGN,07:47:00,07:44:00,46,41
1744,12124,1.0,TGN,GRWD,07:44:00,07:41:00,46,42
1745,12124,1.0,DEHR,AKRD,07:35:00,07:31:00,46,45
1746,12124,1.0,AKRD,CCH,07:31:00,07:29:00,46,46
1747,12124,1.0,CCH,PMP,07:29:00,07:27:00,46,47
1748,12124,1.0,PMP,KSWD,07:27:00,07:25:00,46,48
1749,12124,1.0,KSWD,DAPD,07:25:00,07:22:00,46,49
1750,12124,1.0,DAPD,KK,07:22:00,07:20:00,46,50
1751,12124,1.0,KK,SVJR,07:20:00,07:17:00,46,51
1752,12124,1.0,SVJR,PUNE,07:17:00,None,46,52
1753,12125,1.0,CSMT,MSD,16:25:00,16:26:00,47,1
1754,12125,1.0,MSD,SNRD,16:26:00,16:28:00,47,2
1755,12125,1.0,SNRD,BY,16:28:00,16:30:00,47,3
1756,12125,1.0,CRD,PR,16:33:00,16:35:00,47,6
1757,12125,1.0,PR,DR,16:35:00,16:37:00,47,7
1758,12125,1.0,DR,MTN,16:39:00,16:40:00,47,8
1759,12125,1.0,MTN,SIN,16:40:00,16:42:00,47,9
1760,12125,1.0,SIN,CLA,16:42:00,16:44:00,47,10
1761,12125,1.0,CLA,VVH,16:44:00,16:46:00,47,11
1762,12125,1.0,VVH,GC,16:46:00,16:48:00,47,12
1763,12125,1.0,GC,VK,16:48:00,16:51:00,47,13
1764,12125,1.0,BND,NHU,16:54:00,16:55:00,47,15
1765,12125,1.0,NHU,MLND,16:55:00,16:57:00,47,16
1766,12125,1.0,MLND,TNA,16:57:00,16:59:00,47,17
1767,12125,1.0,TNA,KLVA,16:59:00,17:01:00,47,18
1768,12125,1.0,KLVA,MBQ,17:01:00,17:05:00,47,19
1769,12125,1.0,MBQ,DIVA,17:05:00,17:07:00,47,20
1770,12125,1.0,DIVA,KOPR,17:07:00,17:10:00,47,21
1771,12125,1.0,KOPR,DI,17:10:00,17:11:00,47,22
1772,12125,1.0,DI,THK,17:11:00,17:13:00,47,23
1773,12125,1.0,THK,KYN,17:13:00,17:16:00,47,24
1774,12125,1.0,KYN,VLDI,17:16:00,17:17:00,47,25
1775,12125,1.0,VLDI,ULNR,17:17:00,17:19:00,47,26
1776,12125,1.0,ULNR,ABH,17:19:00,17:21:00,47,27
1777,12125,1.0,ABH,BUD,17:21:00,17:27:00,47,28
1778,12125,1.0,BUD,VGI,17:27:00,17:36:00,47,29
1779,12125,1.0,VGI,SHLU,17:36:00,17:39:00,47,30
1780,12125,1.0,SHLU,NRL,17:39:00,17:43:00,47,31
1781,12125,1.0,NRL,BVS,17:43:00,17:48:00,47,32
1782,12125,1.0,BVS,KJT,17:48:00,17:53:00,47,33
1783,12125,1.0,KJT,PDI,17:55:00,18:00:00,47,34
1784,12125,1.0,PDI,KAD,18:00:00,18:34:00,47,35
1785,12125,1.0,KAD,LNL,18:34:00,18:40:00,47,36
1786,12125,1.0,LNL,MVL,18:42:00,18:48:00,47,37
1787,12125,1.0,MVL,KMST,18:48:00,18:56:00,47,38
1788,12125,1.0,KMST,KNHE,18:56:00,19:00:00,47,39
1789,12125,1.0,KNHE,VDN,19:00:00,19:04:00,47,40
1790,12125,1.0,VDN,TGN,19:04:00,19:08:00,47,41
1791,12125,1.0,TGN,GRWD,19:08:00,19:11:00,47,42
1792,12125,1.0,DEHR,AKRD,19:16:00,19:21:00,47,45
1793,12125,1.0,AKRD,CCH,19:21:00,19:24:00,47,46
1794,12125,1.0,CCH,PMP,19:24:00,19:26:00,47,47
1795,12125,1.0,PMP,KSWD,19:26:00,19:28:00,47,48
1796,12125,1.0,KSWD,DAPD,19:28:00,19:31:00,47,49
1797,12125,1.0,DAPD,KK,19:31:00,19:33:00,47,50
1798,12125,1.0,KK,SVJR,19:33:00,19:36:00,47,51
1799,12125,1.0,SVJR,PUNE,19:38:00,19:53:00,47,52
1800,12126,1.0,CSMT,MSD,None,11:07:00,48,1
1801,12126,1.0,MSD,SNRD,11:07:00,11:05:00,48,2
1802,12126,1.0,SNRD,BY,11:05:00,11:01:00,48,3
1803,12126,1.0,CRD,PR,10:56:00,10:52:00,48,6
1804,12126,1.0,PR,DR,10:52:00,10:48:00,48,7
1805,12126,1.0,DR,MTN,10:50:00,10:46:00,48,8
1806,12126,1.0,MTN,SIN,10:46:00,10:44:00,48,9
1807,12126,1.0,SIN,CLA,10:44:00,10:41:00,48,10
1808,12126,1.0,CLA,VVH,10:41:00,10:38:00,48,11
1809,12126,1.0,VVH,GC,10:38:00,10:37:00,48,12
1810,12126,1.0,GC,VK,10:37:00,10:33:00,48,13
1811,12126,1.0,BND,NHU,10:29:00,10:28:00,48,15
1812,12126,1.0,NHU,MLND,10:28:00,10:25:00,48,16
1813,12126,1.0,MLND,TNA,10:25:00,10:23:00,48,17
1814,12126,1.0,TNA,KLVA,10:23:00,10:20:00,48,18
1815,12126,1.0,KLVA,MBQ,10:20:00,10:16:00,48,19
1816,12126,1.0,MBQ,DIVA,10:16:00,10:13:00,48,20
1817,12126,1.0,DIVA,KOPR,10:13:00,10:08:00,48,21
1818,12126,1.0,KOPR,DI,10:08:00,10:07:00,48,22
1819,12126,1.0,DI,THK,10:07:00,10:06:00,48,23
1820,12126,1.0,THK,KYN,10:06:00,10:02:00,48,24
1821,12126,1.0,KYN,VLDI,10:02:00,09:59:00,48,25
1822,12126,1.0,VLDI,ULNR,09:59:00,09:57:00,48,26
1823,12126,1.0,ULNR,ABH,09:57:00,09:55:00,48,27
1824,12126,1.0,ABH,BUD,09:55:00,09:47:00,48,28
1825,12126,1.0,BUD,VGI,09:47:00,09:36:00,48,29
1826,12126,1.0,VGI,SHLU,09:36:00,09:32:00,48,30
1827,12126,1.0,SHLU,NRL,09:32:00,09:27:00,48,31
1828,12126,1.0,NRL,BVS,09:27:00,09:21:00,48,32
1829,12126,1.0,BVS,KJT,09:21:00,09:13:00,48,33
1830,12126,1.0,KJT,PDI,09:13:00,09:10:00,48,34
1831,12126,1.0,PDI,KAD,09:10:00,08:49:00,48,35
1832,12126,1.0,KAD,LNL,08:49:00,08:43:00,48,36
1833,12126,1.0,LNL,MVL,08:45:00,08:37:00,48,37
1834,12126,1.0,MVL,KMST,08:37:00,08:30:00,48,38
1835,12126,1.0,KMST,KNHE,08:30:00,08:26:00,48,39
1836,12126,1.0,KNHE,VDN,08:26:00,08:22:00,48,40
1837,12126,1.0,VDN,TGN,08:22:00,08:18:00,48,41
1838,12126,1.0,TGN,GRWD,08:18:00,08:16:00,48,42
1839,12126,1.0,DEHR,AKRD,08:10:00,08:06:00,48,45
1840,12126,1.0,AKRD,CCH,08:06:00,08:04:00,48,46
1841,12126,1.0,CCH,PMP,08:04:00,08:02:00,48,47
1842,12126,1.0,PMP,KSWD,08:02:00,08:00:00,48,48
1843,12126,1.0,KSWD,DAPD,08:00:00,07:57:00,48,49
1844,12126,1.0,DAPD,KK,07:57:00,07:55:00,48,50
1845,12126,1.0,KK,SVJR,07:55:00,07:52:00,48,51
1846,12126,1.0,SVJR,PUNE,07:52:00,None,48,52
1847,12127,1.0,CSMT,MSD,06:45:00,06:46:00,49,1
1848,12127,1.0,MSD,SNRD,06:46:00,06:48:00,49,2
1849,12127,1.0,SNRD,BY,06:48:00,06:50:00,49,3
1850,12127,1.0,CRD,PR,06:52:00,06:54:00,49,6
1851,12127,1.0,PR,DR,06:54:00,06:56:00,49,7
1852,12127,1.0,DR,MTN,06:58:00,06:59:00,49,8
1853,12127,1.0,MTN,SIN,06:59:00,07:01:00,49,9
1854,12127,1.0,SIN,CLA,07:01:00,07:03:00,49,10
1855,12127,1.0,CLA,VVH,07:03:00,07:04:00,49,11
1856,12127,1.0,VVH,GC,07:04:00,07:05:00,49,12
1857,12127,1.0,GC,VK,07:05:00,07:08:00,49,13
1858,12127,1.0,BND,NHU,07:10:00,07:11:00,49,15
1859,12127,1.0,NHU,MLND,07:11:00,07:13:00,49,16
1860,12127,1.0,MLND,TNA,07:13:00,07:15:00,49,17
1861,12127,1.0,TNA,KLVA,07:17:00,07:20:00,49,18
1862,12127,1.0,KLVA,MBQ,07:20:00,07:24:00,49,19
1863,12127,1.0,MBQ,DIVA,07:24:00,07:27:00,49,20
1864,12127,1.0,DIVA,KOPR,07:27:00,07:31:00,49,21
1865,12127,1.0,KOPR,DI,07:31:00,07:32:00,49,22
1866,12127,1.0,DI,THK,07:32:00,07:34:00,49,23
1867,12127,1.0,THK,KYN,07:34:00,07:37:00,49,24
1868,12127,1.0,KYN,VLDI,07:37:00,07:40:00,49,25
1869,12127,1.0,VLDI,ULNR,07:40:00,07:41:00,49,26
1870,12127,1.0,ULNR,ABH,07:41:00,07:44:00,49,27
1871,12127,1.0,ABH,BUD,07:44:00,07:52:00,49,28
1872,12127,1.0,BUD,VGI,07:52:00,08:02:00,49,29
1873,12127,1.0,VGI,SHLU,08:02:00,08:06:00,49,30
1874,12127,1.0,SHLU,NRL,08:06:00,08:10:00,49,31
1875,12127,1.0,NRL,BVS,08:10:00,08:17:00,49,32
1876,12127,1.0,BVS,KJT,08:17:00,08:24:00,49,33
1877,12127,1.0,KJT,PDI,08:24:00,08:27:00,49,34
1878,12127,1.0,PDI,KAD,08:27:00,08:48:00,49,35
1879,12127,1.0,KAD,LNL,08:48:00,08:50:00,49,36
1880,12127,1.0,LNL,MVL,08:52:00,08:59:00,49,37
1881,12127,1.0,MVL,KMST,08:59:00,09:07:00,49,38
1882,12127,1.0,KMST,KNHE,09:07:00,09:11:00,49,39
1883,12127,1.0,KNHE,VDN,09:11:00,09:16:00,49,40
1884,12127,1.0,VDN,TGN,09:16:00,09:20:00,49,41
1885,12127,1.0,TGN,GRWD,09:20:00,09:23:00,49,42
1886,12127,1.0,DEHR,AKRD,09:29:00,09:34:00,49,45
1887,12127,1.0,AKRD,CCH,09:34:00,09:37:00,49,46
1888,12127,1.0,CCH,PMP,09:37:00,09:39:00,49,47
1889,12127,1.0,PMP,KSWD,09:39:00,09:41:00,49,48
1890,12127,1.0,KSWD,DAPD,09:41:00,09:44:00,49,49
1891,12127,1.0,DAPD,KK,09:44:00,09:47:00,49,50
1892,12127,1.0,KK,SVJR,09:47:00,09:50:00,49,51
1893,12127,1.0,SVJR,PUNE,09:50:00,09:52:00,49,52
1894,12128,1.0,CSMT,MSD,None,20:57:00,50,1
1895,12128,1.0,MSD,SNRD,20:57:00,20:55:00,50,2
1896,12128,1.0,SNRD,BY,20:55:00,20:50:00,50,3
1897,12128,1.0,CRD,PR,20:46:00,20:41:00,50,6
1898,12128,1.0,PR,DR,20:41:00,20:37:00,50,7
1899,12128,1.0,DR,MTN,20:39:00,20:36:00,50,8
1900,12128,1.0,MTN,SIN,20:36:00,20:34:00,50,9
1901,12128,1.0,SIN,CLA,20:34:00,20:33:00,50,10
1902,12128,1.0,CLA,VVH,20:33:00,20:31:00,50,11
1903,12128,1.0,VVH,GC,20:31:00,20:30:00,50,12
1904,12128,1.0,GC,VK,20:30:00,20:27:00,50,13
1905,12128,1.0,BND,NHU,20:25:00,20:23:00,50,15
1906,12128,1.0,NHU,MLND,20:23:00,20:22:00,50,16
1907,12128,1.0,MLND,TNA,20:22:00,20:18:00,50,17
1908,12128,1.0,TNA,KLVA,20:20:00,20:16:00,50,18
1909,12128,1.0,KLVA,MBQ,20:16:00,20:12:00,50,19
1910,12128,1.0,MBQ,DIVA,20:12:00,20:09:00,50,20
1911,12128,1.0,DIVA,KOPR,20:09:00,20:05:00,50,21
1912,12128,1.0,KOPR,DI,20:05:00,20:04:00,50,22
1913,12128,1.0,DI,THK,20:04:00,20:03:00,50,23
1914,12128,1.0,THK,KYN,20:03:00,19:59:00,50,24
1915,12128,1.0,KYN,VLDI,19:59:00,19:57:00,50,25
1916,12128,1.0,VLDI,ULNR,19:57:00,19:55:00,50,26
1917,12128,1.0,ULNR,ABH,19:55:00,19:53:00,50,27
1918,12128,1.0,ABH,BUD,19:53:00,19:45:00,50,28
1919,12128,1.0,BUD,VGI,19:45:00,19:35:00,50,29
1920,12128,1.0,VGI,SHLU,19:35:00,19:31:00,50,30
1921,12128,1.0,SHLU,NRL,19:31:00,19:27:00,50,31
1922,12128,1.0,NRL,BVS,19:27:00,19:21:00,50,32
1923,12128,1.0,BVS,KJT,19:21:00,19:14:00,50,33
1924,12128,1.0,KJT,PDI,19:14:00,19:12:00,50,34
1925,12128,1.0,PDI,KAD,19:12:00,18:52:00,50,35
1926,12128,1.0,KAD,LNL,18:52:00,18:46:00,50,36
1927,12128,1.0,LNL,MVL,18:48:00,18:40:00,50,37
1928,12128,1.0,MVL,KMST,18:40:00,18:33:00,50,38
1929,12128,1.0,KMST,KNHE,18:33:00,18:30:00,50,39
1930,12128,1.0,KNHE,VDN,18:30:00,18:26:00,50,40
1931,12128,1.0,VDN,TGN,18:26:00,18:22:00,50,41
1932,12128,1.0,TGN,GRWD,18:22:00,18:20:00,50,42
1933,12128,1.0,DEHR,AKRD,18:15:00,18:11:00,50,45
1934,12128,1.0,AKRD,CCH,18:11:00,18:08:00,50,46
1935,12128,1.0,CCH,PMP,18:08:00,18:06:00,50,47
1936,12128,1.0,PMP,KSWD,18:06:00,18:05:00,50,48
1937,12128,1.0,KSWD,DAPD,18:05:00,18:02:00,50,49
1938,12128,1.0,DAPD,KK,18:02:00,18:00:00,50,50
1939,12128,1.0,KK,SVJR,18:00:00,17:57:00,50,51
1940,12128,1.0,SVJR,PUNE,17:57:00,None,50,52
1941,12163,1.0,DR,MTN,20:30:00,20:31:00,51,8
1942,12163,1.0,MTN,SIN,20:31:00,20:34:00,51,9
1943,12163,1.0,SIN,CLA,20:34:00,20:36:00,51,10
1944,12163,1.0,CLA,VVH,20:36:00,20:38:00,51,11
1945,12163,1.0,VVH,GC,20:38:00,20:39:00,51,12
1946,12163,1.0,GC,VK,20:39:00,20:43:00,51,13
1947,12163,1.0,BND,NHU,20:46:00,20:48:00,51,15
1948,12163,1.0,NHU,MLND,20:48:00,20:49:00,51,16
1949,12163,1.0,MLND,TNA,20:49:00,20:52:00,51,17
1950,12163,1.0,TNA,KLVA,20:52:00,20:54:00,51,18
1951,12163,1.0,KLVA,MBQ,20:54:00,20:58:00,51,19
1952,12163,1.0,MBQ,DIVA,20:58:00,21:00:00,51,20
1953,12163,1.0,DIVA,KOPR,21:00:00,21:04:00,51,21
1954,12163,1.0,KOPR,DI,21:04:00,21:05:00,51,22
1955,12163,1.0,DI,THK,21:05:00,21:07:00,51,23
1956,12163,1.0,THK,KYN,21:07:00,21:10:00,51,24
1957,12163,1.0,KYN,VLDI,21:15:00,21:18:00,51,25
1958,12163,1.0,VLDI,ULNR,21:18:00,21:20:00,51,26
1959,12163,1.0,ULNR,ABH,21:20:00,21:23:00,51,27
1960,12163,1.0,ABH,BUD,21:23:00,21:33:00,51,28
1961,12163,1.0,BUD,VGI,21:33:00,21:47:00,51,29
1962,12163,1.0,VGI,SHLU,21:47:00,21:52:00,51,30
1963,12163,1.0,SHLU,NRL,21:52:00,21:57:00,51,31
1964,12163,1.0,NRL,BVS,21:57:00,22:06:00,51,32
1965,12163,1.0,BVS,KJT,22:06:00,22:14:00,51,33
1966,12163,1.0,KJT,PDI,22:14:00,22:18:00,51,34
1967,12163,1.0,PDI,KAD,22:18:00,22:45:00,51,35
1968,12163,1.0,KAD,LNL,22:45:00,22:48:00,51,36
1969,12163,1.0,LNL,MVL,22:50:00,22:58:00,51,37
1970,12163,1.0,MVL,KMST,22:58:00,23:09:00,51,38
1971,12163,1.0,KMST,KNHE,23:09:00,23:14:00,51,39
1972,12163,1.0,KNHE,VDN,23:14:00,23:20:00,51,40
1973,12163,1.0,VDN,TGN,23:20:00,23:25:00,51,41
1974,12163,1.0,TGN,GRWD,23:25:00,23:28:00,51,42
1975,12163,1.0,DEHR,AKRD,23:36:00,23:42:00,51,45
1976,12163,1.0,AKRD,CCH,23:42:00,23:46:00,51,46
1977,12163,1.0,CCH,PMP,23:46:00,23:49:00,51,47
1978,12163,1.0,PMP,KSWD,23:49:00,23:51:00,51,48
1979,12163,1.0,KSWD,DAPD,23:51:00,23:56:00,51,49
1980,12163,1.0,DAPD,KK,23:56:00,23:58:00,51,50
1981,12163,2.0,SVJR,PUNE,00:02:00,00:05:00,51,52
1982,12164,2.0,DR,MTN,None,05:59:00,52,8
1983,12164,2.0,MTN,SIN,05:59:00,05:56:00,52,9
1984,12164,2.0,SIN,CLA,05:56:00,05:53:00,52,10
1985,12164,2.0,CLA,VVH,05:53:00,05:50:00,52,11
1986,12164,2.0,VVH,GC,05:50:00,05:48:00,52,12
1987,12164,2.0,GC,VK,05:48:00,05:43:00,52,13
1988,12164,2.0,BND,NHU,05:39:00,05:37:00,52,15
1989,12164,2.0,NHU,MLND,05:37:00,05:34:00,52,16
1990,12164,2.0,MLND,TNA,05:34:00,05:31:00,52,17
1991,12164,2.0,TNA,KLVA,05:31:00,05:27:00,52,18
1992,12164,2.0,KLVA,MBQ,05:27:00,05:22:00,52,19
1993,12164,2.0,MBQ,DIVA,05:22:00,05:18:00,52,20
1994,12164,2.0,DIVA,KOPR,05:18:00,05:13:00,52,21
1995,12164,2.0,KOPR,DI,05:13:00,05:11:00,52,22
1996,12164,2.0,DI,THK,05:11:00,05:10:00,52,23
1997,12164,2.0,THK,KYN,05:10:00,05:04:00,52,24
1998,12164,2.0,KYN,VLDI,05:05:00,05:02:00,52,25
1999,12164,2.0,VLDI,ULNR,05:02:00,05:00:00,52,26
2000,12164,2.0,ULNR,ABH,05:00:00,04:57:00,52,27
2001,12164,2.0,ABH,BUD,04:57:00,04:48:00,52,28
2002,12164,2.0,BUD,VGI,04:48:00,04:35:00,52,29
2003,12164,2.0,VGI,SHLU,04:35:00,04:30:00,52,30
2004,12164,2.0,SHLU,NRL,04:30:00,04:25:00,52,31
2005,12164,2.0,NRL,BVS,04:25:00,04:17:00,52,32
2006,12164,2.0,BVS,KJT,04:17:00,04:08:00,52,33
2007,12164,2.0,KJT,PDI,04:08:00,04:05:00,52,34
2008,12164,2.0,PDI,KAD,04:05:00,03:40:00,52,35
2009,12164,2.0,KAD,LNL,03:40:00,03:34:00,52,36
2010,12164,2.0,LNL,MVL,03:35:00,03:28:00,52,37
2011,12164,2.0,MVL,KMST,03:28:00,03:19:00,52,38
2012,12164,2.0,KMST,KNHE,03:19:00,03:15:00,52,39
2013,12164,2.0,KNHE,VDN,03:15:00,03:10:00,52,40
2014,12164,2.0,VDN,TGN,03:10:00,03:07:00,52,41
2015,12164,2.0,TGN,GRWD,03:07:00,03:04:00,52,42
2016,12164,2.0,DEHR,AKRD,02:58:00,02:53:00,52,45
2017,12164,2.0,AKRD,CCH,02:53:00,02:50:00,52,46
2018,12164,2.0,CCH,PMP,02:50:00,02:48:00,52,47
2019,12164,2.0,PMP,KSWD,02:48:00,02:46:00,52,48
2020,12164,2.0,KSWD,DAPD,02:46:00,02:43:00,52,49
2021,12164,2.0,DAPD,KK,02:43:00,02:41:00,52,50
2022,12164,2.0,KK,SVJR,02:41:00,02:37:00,52,51
2023,12164,2.0,SVJR,PUNE,02:37:00,02:25:00,52,52
2024,12219,1.0,VVH,GC,23:06:00,23:08:00,53,12
2025,12219,1.0,GC,VK,23:08:00,23:11:00,53,13
2026,12219,1.0,BND,NHU,23:14:00,23:16:00,53,15
2027,12219,1.0,NHU,MLND,23:16:00,23:18:00,53,16
2028,12219,1.0,MLND,TNA,23:18:00,23:21:00,53,17
2029,12219,1.0,TNA,KLVA,23:21:00,23:23:00,53,18
2030,12219,1.0,KLVA,MBQ,23:23:00,23:27:00,53,19
2031,12219,1.0,MBQ,DIVA,23:27:00,23:30:00,53,20
2032,12219,1.0,DIVA,KOPR,23:30:00,23:34:00,53,21
2033,12219,1.0,KOPR,DI,23:34:00,23:35:00,53,22
2034,12219,1.0,DI,THK,23:35:00,23:36:00,53,23
2035,12219,1.0,THK,KYN,23:36:00,23:40:00,53,24
2036,12219,1.0,KYN,VLDI,23:40:00,23:42:00,53,25
2037,12219,1.0,VLDI,ULNR,23:42:00,23:44:00,53,26
2038,12219,1.0,ULNR,ABH,23:44:00,23:46:00,53,27
2039,12219,1.0,ABH,BUD,23:46:00,23:53:00,53,28
2040,12219,2.0,VGI,SHLU,00:03:00,00:07:00,53,30
2041,12219,2.0,SHLU,NRL,00:07:00,00:11:00,53,31
2042,12219,2.0,NRL,BVS,00:11:00,00:17:00,53,32
2043,12219,2.0,BVS,KJT,00:17:00,00:24:00,53,33
2044,12219,2.0,KJT,PDI,00:24:00,00:26:00,53,34
2045,12219,2.0,PDI,KAD,00:26:00,00:46:00,53,35
2046,12219,2.0,KAD,LNL,00:46:00,00:49:00,53,36
2047,12219,2.0,LNL,MVL,00:49:00,00:56:00,53,37
2048,12219,2.0,MVL,KMST,00:56:00,01:04:00,53,38
2049,12219,2.0,KMST,KNHE,01:04:00,01:09:00,53,39
2050,12219,2.0,KNHE,VDN,01:09:00,01:14:00,53,40
2051,12219,2.0,VDN,TGN,01:14:00,01:17:00,53,41
2052,12219,2.0,TGN,GRWD,01:17:00,01:20:00,53,42
2053,12219,2.0,DEHR,AKRD,01:26:00,01:31:00,53,45
2054,12219,2.0,AKRD,CCH,01:31:00,01:34:00,53,46
2055,12219,2.0,CCH,PMP,01:34:00,01:36:00,53,47
2056,12219,2.0,PMP,KSWD,01:36:00,01:38:00,53,48
2057,12219,2.0,KSWD,DAPD,01:38:00,01:42:00,53,49
2058,12219,2.0,DAPD,KK,01:42:00,01:44:00,53,50
2059,12219,2.0,KK,SVJR,01:44:00,01:47:00,53,51
2060,12219,2.0,SVJR,PUNE,01:47:00,01:49:00,53,52
2061,12220,2.0,VVH,GC,11:05:00,11:05:00,54,12
2062,12220,2.0,GC,VK,11:05:00,11:05:00,54,13
2063,12220,2.0,BND,NHU,11:02:00,11:00:00,54,15
2064,12220,2.0,NHU,MLND,11:00:00,10:58:00,54,16
2065,12220,2.0,MLND,TNA,10:58:00,10:56:00,54,17
2066,12220,2.0,TNA,KLVA,10:56:00,10:53:00,54,18
2067,12220,2.0,KLVA,MBQ,10:53:00,10:49:00,54,19
2068,12220,2.0,MBQ,DIVA,10:49:00,10:47:00,54,20
2069,12220,2.0,DIVA,KOPR,10:47:00,10:43:00,54,21
2070,12220,2.0,KOPR,DI,10:43:00,10:41:00,54,22
2071,12220,2.0,DI,THK,10:41:00,10:40:00,54,23
2072,12220,2.0,THK,KYN,10:40:00,10:37:00,54,24
2073,12220,2.0,KYN,VLDI,10:37:00,10:35:00,54,25
2074,12220,2.0,VLDI,ULNR,10:35:00,10:33:00,54,26
2075,12220,2.0,ULNR,ABH,10:33:00,10:30:00,54,27
2076,12220,2.0,ABH,BUD,10:30:00,10:23:00,54,28
2077,12220,2.0,BUD,VGI,10:23:00,10:13:00,54,29
2078,12220,2.0,VGI,SHLU,10:13:00,10:09:00,54,30
2079,12220,2.0,SHLU,NRL,10:09:00,10:05:00,54,31
2080,12220,2.0,NRL,BVS,10:05:00,09:59:00,54,32
2081,12220,2.0,BVS,KJT,09:59:00,09:53:00,54,33
2082,12220,2.0,KJT,PDI,09:53:00,09:50:00,54,34
2083,12220,2.0,PDI,KAD,09:50:00,09:30:00,54,35
2084,12220,2.0,KAD,LNL,09:30:00,09:27:00,54,36
2085,12220,2.0,LNL,MVL,09:27:00,09:20:00,54,37
2086,12220,2.0,MVL,KMST,09:20:00,09:12:00,54,38
2087,12220,2.0,KMST,KNHE,09:12:00,09:08:00,54,39
2088,12220,2.0,KNHE,VDN,09:08:00,09:03:00,54,40
2089,12220,2.0,VDN,TGN,09:03:00,08:59:00,54,41
2090,12220,2.0,TGN,GRWD,08:59:00,08:56:00,54,42
2091,12220,2.0,DEHR,AKRD,08:50:00,08:45:00,54,45
2092,12220,2.0,AKRD,CCH,08:45:00,08:42:00,54,46
2093,12220,2.0,CCH,PMP,08:42:00,08:40:00,54,47
2094,12220,2.0,PMP,KSWD,08:40:00,08:38:00,54,48
2095,12220,2.0,KSWD,DAPD,08:38:00,08:35:00,54,49
2096,12220,2.0,DAPD,KK,08:35:00,08:33:00,54,50
2097,12220,2.0,KK,SVJR,08:33:00,08:29:00,54,51
2098,12220,2.0,SVJR,PUNE,08:29:00,08:27:00,54,52
2099,12263,1.0,KOPR,DI,13:08:00,13:04:00,55,22
2100,12263,1.0,DI,THK,13:04:00,13:03:00,55,23
2101,12263,1.0,THK,KYN,13:03:00,13:00:00,55,24
2102,12263,1.0,KYN,VLDI,13:00:00,12:59:00,55,25
2103,12263,1.0,VLDI,ULNR,12:59:00,12:57:00,55,26
2104,12263,1.0,ULNR,ABH,12:57:00,12:55:00,55,27
2105,12263,1.0,ABH,BUD,12:55:00,12:49:00,55,28
2106,12263,1.0,BUD,VGI,12:49:00,12:40:00,55,29
2107,12263,1.0,VGI,SHLU,12:40:00,12:37:00,55,30
2108,12263,1.0,SHLU,NRL,12:37:00,12:34:00,55,31
2109,12263,1.0,NRL,BVS,12:34:00,12:28:00,55,32
2110,12263,1.0,BVS,KJT,12:28:00,12:23:00,55,33
2111,12263,1.0,KJT,PDI,12:23:00,12:21:00,55,34
2112,12263,1.0,PDI,KAD,12:21:00,12:04:00,55,35
2113,12263,1.0,KAD,LNL,12:04:00,12:01:00,55,36
2114,12263,1.0,LNL,MVL,12:01:00,11:55:00,55,37
2115,12263,1.0,MVL,KMST,11:55:00,11:48:00,55,38
2116,12263,1.0,KMST,KNHE,11:48:00,11:45:00,55,39
2117,12263,1.0,KNHE,VDN,11:45:00,11:40:00,55,40
2118,12263,1.0,VDN,TGN,11:40:00,11:37:00,55,41
2119,12263,1.0,TGN,GRWD,11:37:00,11:35:00,55,42
2120,12263,1.0,DEHR,AKRD,11:30:00,11:26:00,55,45
2121,12263,1.0,AKRD,CCH,11:26:00,11:23:00,55,46
2122,12263,1.0,CCH,PMP,11:23:00,11:21:00,55,47
2123,12263,1.0,PMP,KSWD,11:21:00,11:19:00,55,48
2124,12263,1.0,KSWD,DAPD,11:19:00,11:17:00,55,49
2125,12263,1.0,DAPD,KK,11:17:00,11:15:00,55,50
2126,12263,1.0,KK,SVJR,11:15:00,11:12:00,55,51
2127,12263,1.0,SVJR,PUNE,11:12:00,None,55,52
2128,12264,2.0,KOPR,DI,05:06:00,05:10:00,56,22
2129,12264,2.0,DI,THK,05:10:00,05:11:00,56,23
2130,12264,2.0,THK,KYN,05:11:00,05:14:00,56,24
2131,12264,2.0,KYN,VLDI,05:14:00,05:16:00,56,25
2132,12264,2.0,VLDI,ULNR,05:16:00,05:17:00,56,26
2133,12264,2.0,ULNR,ABH,05:17:00,05:19:00,56,27
2134,12264,2.0,ABH,BUD,05:19:00,05:25:00,56,28
2135,12264,2.0,BUD,VGI,05:25:00,05:34:00,56,29
2136,12264,2.0,VGI,SHLU,05:34:00,05:37:00,56,30
2137,12264,2.0,SHLU,NRL,05:37:00,05:40:00,56,31
2138,12264,2.0,NRL,BVS,05:40:00,05:46:00,56,32
2139,12264,2.0,BVS,KJT,05:46:00,05:51:00,56,33
2140,12264,2.0,KJT,PDI,05:51:00,05:54:00,56,34
2141,12264,2.0,PDI,KAD,05:54:00,06:10:00,56,35
2142,12264,2.0,KAD,LNL,06:10:00,06:13:00,56,36
2143,12264,2.0,LNL,MVL,06:13:00,06:19:00,56,37
2144,12264,2.0,MVL,KMST,06:19:00,06:26:00,56,38
2145,12264,2.0,KMST,KNHE,06:26:00,06:29:00,56,39
2146,12264,2.0,KNHE,VDN,06:29:00,06:33:00,56,40
2147,12264,2.0,VDN,TGN,06:33:00,06:37:00,56,41
2148,12264,2.0,TGN,GRWD,06:37:00,06:39:00,56,42
2149,12264,2.0,DEHR,AKRD,06:44:00,06:48:00,56,45
2150,12264,2.0,AKRD,CCH,06:48:00,06:51:00,56,46
2151,12264,2.0,CCH,PMP,06:51:00,06:53:00,56,47
2152,12264,2.0,PMP,KSWD,06:53:00,06:54:00,56,48
2153,12264,2.0,KSWD,DAPD,06:54:00,06:57:00,56,49
2154,12264,2.0,DAPD,KK,06:57:00,06:59:00,56,50
2155,12264,2.0,KK,SVJR,06:59:00,07:00:00,56,51
2156,12264,2.0,SVJR,PUNE,07:00:00,07:00:00,56,52
2157,12525,1.0,CSMT,MSD,05:40:00,05:41:00,57,1
2158,12525,1.0,MSD,SNRD,05:41:00,05:43:00,57,2
2159,12525,1.0,SNRD,BY,05:43:00,05:45:00,57,3
2160,12525,1.0,CRD,PR,05:47:00,05:49:00,57,6
2161,12525,1.0,PR,DR,05:49:00,05:51:00,57,7
2162,12525,1.0,DR,MTN,05:53:00,05:54:00,57,8
2163,12525,1.0,MTN,SIN,05:54:00,05:56:00,57,9
2164,12525,1.0,SIN,CLA,05:56:00,05:59:00,57,10
2165,12525,1.0,CLA,VVH,05:59:00,06:01:00,57,11
2166,12525,1.0,VVH,GC,06:01:00,06:02:00,57,12
2167,12525,1.0,GC,VK,06:02:00,06:05:00,57,13
2168,12525,1.0,BND,NHU,06:08:00,06:10:00,57,15
2169,12525,1.0,NHU,MLND,06:10:00,06:11:00,57,16
2170,12525,1.0,MLND,TNA,06:11:00,06:14:00,57,17
2171,12525,1.0,TNA,KLVA,06:16:00,06:18:00,57,18
2172,12525,1.0,KLVA,MBQ,06:18:00,06:23:00,57,19
2173,12525,1.0,MBQ,DIVA,06:23:00,06:25:00,57,20
2174,12525,1.0,DIVA,KOPR,06:25:00,06:29:00,57,21
2175,12525,1.0,KOPR,DI,06:29:00,06:31:00,57,22
2176,12525,1.0,DI,THK,06:31:00,06:32:00,57,23
2177,12525,1.0,THK,KYN,06:32:00,06:35:00,57,24
2178,12525,1.0,KYN,VLDI,06:37:00,06:39:00,57,25
2179,12525,1.0,VLDI,ULNR,06:39:00,06:41:00,57,26
2180,12525,1.0,ULNR,ABH,06:41:00,06:43:00,57,27
2181,12525,1.0,ABH,BUD,06:43:00,06:49:00,57,28
2182,12525,1.0,BUD,VGI,06:49:00,06:58:00,57,29
2183,12525,1.0,VGI,SHLU,06:58:00,07:01:00,57,30
2184,12525,1.0,SHLU,NRL,07:01:00,07:05:00,57,31
2185,12525,1.0,NRL,BVS,07:05:00,07:10:00,57,32
2186,12525,1.0,BVS,KJT,07:10:00,07:15:00,57,33
2187,12525,1.0,KJT,PDI,07:17:00,07:22:00,57,34
2188,12525,1.0,PDI,KAD,07:22:00,07:54:00,57,35
2189,12525,1.0,KAD,LNL,07:54:00,08:00:00,57,36
2190,12525,1.0,LNL,MVL,08:02:00,08:08:00,57,37
2191,12525,1.0,MVL,KMST,08:08:00,08:14:00,57,38
2192,12525,1.0,KMST,KNHE,08:14:00,08:18:00,57,39
2193,12525,1.0,KNHE,VDN,08:18:00,08:22:00,57,40
2194,12525,1.0,VDN,TGN,08:22:00,08:25:00,57,41
2195,12525,1.0,TGN,GRWD,08:25:00,08:27:00,57,42
2196,12525,1.0,DEHR,AKRD,08:33:00,08:36:00,57,45
2197,12525,1.0,AKRD,CCH,08:36:00,08:39:00,57,46
2198,12525,1.0,CCH,PMP,08:39:00,08:41:00,57,47
2199,12525,1.0,PMP,KSWD,08:41:00,08:42:00,57,48
2200,12525,1.0,KSWD,DAPD,08:42:00,08:45:00,57,49
2201,12525,1.0,DAPD,KK,08:45:00,08:47:00,57,50
2202,12525,1.0,KK,SVJR,08:47:00,08:50:00,57,51
2203,12525,1.0,SVJR,PUNE,08:52:00,09:08:00,57,52
2204,12526,1.0,CSMT,MSD,None,21:52:00,58,1
2205,12526,1.0,MSD,SNRD,21:52:00,21:50:00,58,2
2206,12526,1.0,SNRD,BY,21:50:00,21:46:00,58,3
2207,12526,1.0,CRD,PR,21:41:00,21:37:00,58,6
2208,12526,1.0,PR,DR,21:37:00,21:33:00,58,7
2209,12526,1.0,DR,MTN,21:35:00,21:32:00,58,8
2210,12526,1.0,MTN,SIN,21:32:00,21:29:00,58,9
2211,12526,1.0,SIN,CLA,21:29:00,21:27:00,58,10
2212,12526,1.0,CLA,VVH,21:27:00,21:25:00,58,11
2213,12526,1.0,VVH,GC,21:25:00,21:23:00,58,12
2214,12526,1.0,GC,VK,21:23:00,21:20:00,58,13
2215,12526,1.0,BND,NHU,21:16:00,21:15:00,58,15
2216,12526,1.0,NHU,MLND,21:15:00,21:12:00,58,16
2217,12526,1.0,MLND,TNA,21:12:00,21:08:00,58,17
2218,12526,1.0,TNA,KLVA,21:10:00,21:06:00,58,18
2219,12526,1.0,KLVA,MBQ,21:06:00,21:03:00,58,19
2220,12526,1.0,MBQ,DIVA,21:03:00,21:00:00,58,20
2221,12526,1.0,DIVA,KOPR,21:00:00,20:57:00,58,21
2222,12526,1.0,KOPR,DI,20:57:00,20:56:00,58,22
2223,12526,1.0,DI,THK,20:56:00,20:55:00,58,23
2224,12526,1.0,THK,KYN,20:55:00,20:50:00,58,24
2225,12526,1.0,KYN,VLDI,20:52:00,20:48:00,58,25
2226,12526,1.0,VLDI,ULNR,20:48:00,20:46:00,58,26
2227,12526,1.0,ULNR,ABH,20:46:00,20:44:00,58,27
2228,12526,1.0,ABH,BUD,20:44:00,20:38:00,58,28
2229,12526,1.0,BUD,VGI,20:38:00,20:28:00,58,29
2230,12526,1.0,VGI,SHLU,20:28:00,20:25:00,58,30
2231,12526,1.0,SHLU,NRL,20:25:00,20:22:00,58,31
2232,12526,1.0,NRL,BVS,20:22:00,20:16:00,58,32
2233,12526,1.0,BVS,KJT,20:16:00,20:08:00,58,33
2234,12526,1.0,KJT,PDI,20:10:00,20:03:00,58,34
2235,12526,1.0,PDI,KAD,20:03:00,19:31:00,58,35
2236,12526,1.0,KAD,LNL,19:31:00,19:23:00,58,36
2237,12526,1.0,LNL,MVL,19:25:00,19:17:00,58,37
2238,12526,1.0,MVL,KMST,19:17:00,19:11:00,58,38
2239,12526,1.0,KMST,KNHE,19:11:00,19:07:00,58,39
2240,12526,1.0,KNHE,VDN,19:07:00,19:04:00,58,40
2241,12526,1.0,VDN,TGN,19:04:00,19:01:00,58,41
2242,12526,1.0,TGN,GRWD,19:01:00,18:58:00,58,42
2243,12526,1.0,DEHR,AKRD,18:53:00,18:50:00,58,45
2244,12526,1.0,AKRD,CCH,18:50:00,18:47:00,58,46
2245,12526,1.0,CCH,PMP,18:47:00,18:46:00,58,47
2246,12526,1.0,PMP,KSWD,18:46:00,18:44:00,58,48
2247,12526,1.0,KSWD,DAPD,18:44:00,18:41:00,58,49
2248,12526,1.0,DAPD,KK,18:41:00,18:40:00,58,50
2249,12526,1.0,KK,SVJR,18:40:00,18:37:00,58,51
2250,12526,1.0,SVJR,PUNE,18:37:00,None,58,52
2251,12527,1.0,CSMT,MSD,21:00:00,21:01:00,59,1
2252,12527,1.0,MSD,SNRD,21:01:00,21:03:00,59,2
2253,12527,1.0,SNRD,BY,21:03:00,21:06:00,59,3
2254,12527,1.0,CRD,PR,21:08:00,21:11:00,59,6
2255,12527,1.0,PR,DR,21:11:00,21:13:00,59,7
2256,12527,1.0,DR,MTN,21:15:00,21:16:00,59,8
2257,12527,1.0,MTN,SIN,21:16:00,21:18:00,59,9
2258,12527,1.0,SIN,CLA,21:18:00,21:20:00,59,10
2259,12527,1.0,CLA,VVH,21:20:00,21:22:00,59,11
2260,12527,1.0,VVH,GC,21:22:00,21:23:00,59,12
2261,12527,1.0,GC,VK,21:23:00,21:26:00,59,13
2262,12527,1.0,BND,NHU,21:29:00,21:31:00,59,15
2263,12527,1.0,NHU,MLND,21:31:00,21:33:00,59,16
2264,12527,1.0,MLND,TNA,21:33:00,21:35:00,59,17
2265,12527,1.0,TNA,KLVA,21:35:00,21:37:00,59,18
2266,12527,1.0,KLVA,MBQ,21:37:00,21:40:00,59,19
2267,12527,1.0,MBQ,DIVA,21:40:00,21:42:00,59,20
2268,12527,1.0,DIVA,KOPR,21:42:00,21:46:00,59,21
2269,12527,1.0,KOPR,DI,21:46:00,21:47:00,59,22
2270,12527,1.0,DI,THK,21:47:00,21:48:00,59,23
2271,12527,1.0,THK,KYN,21:48:00,21:51:00,59,24
2272,12527,1.0,KYN,VLDI,21:53:00,21:55:00,59,25
2273,12527,1.0,VLDI,ULNR,21:55:00,21:57:00,59,26
2274,12527,1.0,ULNR,ABH,21:57:00,22:00:00,59,27
2275,12527,1.0,ABH,BUD,22:00:00,22:07:00,59,28
2276,12527,1.0,BUD,VGI,22:07:00,22:18:00,59,29
2277,12527,1.0,VGI,SHLU,22:18:00,22:22:00,59,30
2278,12527,1.0,SHLU,NRL,22:22:00,22:26:00,59,31
2279,12527,1.0,NRL,BVS,22:26:00,22:32:00,59,32
2280,12527,1.0,BVS,KJT,22:32:00,22:38:00,59,33
2281,12527,1.0,KJT,PDI,22:40:00,22:45:00,59,34
2282,12527,1.0,PDI,KAD,22:45:00,23:21:00,59,35
2283,12527,1.0,KAD,LNL,23:21:00,23:28:00,59,36
2284,12527,1.0,LNL,MVL,23:30:00,23:37:00,59,37
2285,12527,1.0,MVL,KMST,23:37:00,23:45:00,59,38
2286,12527,1.0,KMST,KNHE,23:45:00,23:49:00,59,39
2287,12527,1.0,KNHE,VDN,23:49:00,23:54:00,59,40
2288,12527,1.0,VDN,TGN,23:54:00,23:58:00,59,41
2289,12527,2.0,DEHR,AKRD,00:07:00,00:12:00,59,45
2290,12527,2.0,AKRD,CCH,00:12:00,00:15:00,59,46
2291,12527,2.0,CCH,PMP,00:15:00,00:17:00,59,47
2292,12527,2.0,PMP,KSWD,00:17:00,00:19:00,59,48
2293,12527,2.0,KSWD,DAPD,00:19:00,00:22:00,59,49
2294,12527,2.0,DAPD,KK,00:22:00,00:25:00,59,50
2295,12527,2.0,KK,SVJR,00:25:00,00:28:00,59,51
2296,12527,2.0,SVJR,PUNE,00:28:00,00:30:00,59,52
2297,12528,2.0,CSMT,MSD,None,07:57:00,60,1
2298,12528,2.0,MSD,SNRD,07:57:00,07:54:00,60,2
2299,12528,2.0,SNRD,BY,07:54:00,07:48:00,60,3
2300,12528,2.0,CRD,PR,07:43:00,07:38:00,60,6
2301,12528,2.0,PR,DR,07:38:00,07:33:00,60,7
2302,12528,2.0,DR,MTN,07:35:00,07:32:00,60,8
2303,12528,2.0,MTN,SIN,07:32:00,07:30:00,60,9
2304,12528,2.0,SIN,CLA,07:30:00,07:27:00,60,10
2305,12528,2.0,CLA,VVH,07:27:00,07:24:00,60,11
2306,12528,2.0,VVH,GC,07:24:00,07:22:00,60,12
2307,12528,2.0,GC,VK,07:22:00,07:18:00,60,13
2308,12528,2.0,BND,NHU,07:14:00,07:13:00,60,15
2309,12528,2.0,NHU,MLND,07:13:00,07:10:00,60,16
2310,12528,2.0,MLND,TNA,07:10:00,07:07:00,60,17
2311,12528,2.0,TNA,KLVA,07:07:00,07:04:00,60,18
2312,12528,2.0,KLVA,MBQ,07:04:00,07:00:00,60,19
2313,12528,2.0,MBQ,DIVA,07:00:00,06:57:00,60,20
2314,12528,2.0,DIVA,KOPR,06:57:00,06:52:00,60,21
2315,12528,2.0,KOPR,DI,06:52:00,06:51:00,60,22
2316,12528,2.0,DI,THK,06:51:00,06:49:00,60,23
2317,12528,2.0,THK,KYN,06:49:00,06:43:00,60,24
2318,12528,2.0,KYN,VLDI,06:45:00,06:41:00,60,25
2319,12528,2.0,VLDI,ULNR,06:41:00,06:39:00,60,26
2320,12528,2.0,ULNR,ABH,06:39:00,06:37:00,60,27
2321,12528,2.0,ABH,BUD,06:37:00,06:30:00,60,28
2322,12528,2.0,BUD,VGI,06:30:00,06:20:00,60,29
2323,12528,2.0,VGI,SHLU,06:20:00,06:16:00,60,30
2324,12528,2.0,SHLU,NRL,06:16:00,06:13:00,60,31
2325,12528,2.0,NRL,BVS,06:13:00,06:06:00,60,32
2326,12528,2.0,BVS,KJT,06:06:00,05:58:00,60,33
2327,12528,2.0,KJT,PDI,06:00:00,05:53:00,60,34
2328,12528,2.0,PDI,KAD,05:53:00,05:21:00,60,35
2329,12528,2.0,KAD,LNL,05:21:00,05:13:00,60,36
2330,12528,2.0,LNL,MVL,05:15:00,05:07:00,60,37
2331,12528,2.0,MVL,KMST,05:07:00,04:59:00,60,38
2332,12528,2.0,KMST,KNHE,04:59:00,04:55:00,60,39
2333,12528,2.0,KNHE,VDN,04:55:00,04:50:00,60,40
2334,12528,2.0,VDN,TGN,04:50:00,04:46:00,60,41
2335,12528,2.0,TGN,GRWD,04:46:00,04:43:00,60,42
2336,12528,2.0,DEHR,AKRD,04:37:00,04:33:00,60,45
2337,12528,2.0,AKRD,CCH,04:33:00,04:30:00,60,46
2338,12528,2.0,CCH,PMP,04:30:00,04:28:00,60,47
2339,12528,2.0,PMP,KSWD,04:28:00,04:26:00,60,48
2340,12528,2.0,KSWD,DAPD,04:26:00,04:22:00,60,49
2341,12528,2.0,DAPD,KK,04:22:00,04:21:00,60,50
2342,12528,2.0,KK,SVJR,04:21:00,04:17:00,60,51
2343,12528,2.0,SVJR,PUNE,04:17:00,04:10:00,60,52
2344,12701,1.0,CSMT,MSD,21:50:00,21:51:00,61,1
2345,12701,1.0,MSD,SNRD,21:51:00,21:52:00,61,2
2346,12701,1.0,SNRD,BY,21:52:00,21:54:00,61,3
2347,12701,1.0,CRD,PR,21:56:00,21:58:00,61,6
2348,12701,1.0,PR,DR,21:58:00,21:59:00,61,7
2349,12701,1.0,DR,MTN,21:59:00,22:00:00,61,8
2350,12701,1.0,MTN,SIN,22:00:00,22:03:00,61,9
2351,12701,1.0,SIN,CLA,22:03:00,22:05:00,61,10
2352,12701,1.0,CLA,VVH,22:05:00,22:08:00,61,11
2353,12701,1.0,VVH,GC,22:08:00,22:09:00,61,12
2354,12701,1.0,GC,VK,22:09:00,22:13:00,61,13
2355,12701,1.0,BND,NHU,22:16:00,22:18:00,61,15
2356,12701,1.0,NHU,MLND,22:18:00,22:20:00,61,16
2357,12701,1.0,MLND,TNA,22:20:00,22:23:00,61,17
2358,12701,1.0,TNA,KLVA,22:23:00,22:25:00,61,18
2359,12701,1.0,KLVA,MBQ,22:25:00,22:30:00,61,19
2360,12701,1.0,MBQ,DIVA,22:30:00,22:32:00,61,20
2361,12701,1.0,DIVA,KOPR,22:32:00,22:36:00,61,21
2362,12701,1.0,KOPR,DI,22:36:00,22:38:00,61,22
2363,12701,1.0,DI,THK,22:38:00,22:39:00,61,23
2364,12701,1.0,THK,KYN,22:39:00,22:43:00,61,24
2365,12701,1.0,KYN,VLDI,22:45:00,22:48:00,61,25
2366,12701,1.0,VLDI,ULNR,22:48:00,22:50:00,61,26
2367,12701,1.0,ULNR,ABH,22:50:00,22:53:00,61,27
2368,12701,1.0,ABH,BUD,22:53:00,23:01:00,61,28
2369,12701,1.0,BUD,VGI,23:01:00,23:14:00,61,29
2370,12701,1.0,VGI,SHLU,23:14:00,23:18:00,61,30
2371,12701,1.0,SHLU,NRL,23:18:00,23:23:00,61,31
2372,12701,1.0,NRL,BVS,23:23:00,23:30:00,61,32
2373,12701,1.0,BVS,KJT,23:30:00,23:38:00,61,33
2374,12701,1.0,KJT,PDI,23:38:00,23:41:00,61,34
2375,12701,2.0,KAD,LNL,00:05:00,00:09:00,61,36
2376,12701,2.0,LNL,MVL,00:09:00,00:17:00,61,37
2377,12701,2.0,MVL,KMST,00:17:00,00:27:00,61,38
2378,12701,2.0,KMST,KNHE,00:27:00,00:33:00,61,39
2379,12701,2.0,KNHE,VDN,00:33:00,00:38:00,61,40
2380,12701,2.0,VDN,TGN,00:38:00,00:43:00,61,41
2381,12701,2.0,TGN,GRWD,00:43:00,00:46:00,61,42
2382,12701,2.0,DEHR,AKRD,00:54:00,00:59:00,61,45
2383,12701,2.0,AKRD,CCH,00:59:00,01:03:00,61,46
2384,12701,2.0,CCH,PMP,01:03:00,01:06:00,61,47
2385,12701,2.0,PMP,KSWD,01:06:00,01:08:00,61,48
2386,12701,2.0,KSWD,DAPD,01:08:00,01:12:00,61,49
2387,12701,2.0,DAPD,KK,01:12:00,01:15:00,61,50
2388,12701,2.0,KK,SVJR,01:15:00,01:19:00,61,51
2389,12701,2.0,SVJR,PUNE,01:19:00,01:20:00,61,52
2390,12702,2.0,CSMT,MSD,None,05:01:00,62,1
2391,12702,2.0,MSD,SNRD,05:01:00,04:57:00,62,2
2392,12702,2.0,SNRD,BY,04:57:00,04:51:00,62,3
2393,12702,2.0,CRD,PR,04:45:00,04:38:00,62,6
2394,12702,2.0,PR,DR,04:38:00,04:33:00,62,7
2395,12702,2.0,DR,MTN,04:35:00,04:33:00,62,8
2396,12702,2.0,MTN,SIN,04:33:00,04:30:00,62,9
2397,12702,2.0,SIN,CLA,04:30:00,04:28:00,62,10
2398,12702,2.0,CLA,VVH,04:28:00,04:26:00,62,11
2399,12702,2.0,VVH,GC,04:26:00,04:25:00,62,12
2400,12702,2.0,GC,VK,04:25:00,04:21:00,62,13
2401,12702,2.0,BND,NHU,04:18:00,04:17:00,62,15
2402,12702,2.0,NHU,MLND,04:17:00,04:15:00,62,16
2403,12702,2.0,MLND,TNA,04:15:00,04:13:00,62,17
2404,12702,2.0,TNA,KLVA,04:13:00,04:10:00,62,18
2405,12702,2.0,KLVA,MBQ,04:10:00,04:07:00,62,19
2406,12702,2.0,MBQ,DIVA,04:07:00,04:04:00,62,20
2407,12702,2.0,DIVA,KOPR,04:04:00,04:00:00,62,21
2408,12702,2.0,KOPR,DI,04:00:00,03:59:00,62,22
2409,12702,2.0,DI,THK,03:59:00,03:58:00,62,23
2410,12702,2.0,THK,KYN,03:58:00,03:53:00,62,24
2411,12702,2.0,KYN,VLDI,03:55:00,03:51:00,62,25
2412,12702,2.0,VLDI,ULNR,03:51:00,03:49:00,62,26
2413,12702,2.0,ULNR,ABH,03:49:00,03:46:00,62,27
2414,12702,2.0,ABH,BUD,03:46:00,03:37:00,62,28
2415,12702,2.0,BUD,VGI,03:37:00,03:25:00,62,29
2416,12702,2.0,VGI,SHLU,03:25:00,03:20:00,62,30
2417,12702,2.0,SHLU,NRL,03:20:00,03:15:00,62,31
2418,12702,2.0,NRL,BVS,03:15:00,03:08:00,62,32
2419,12702,2.0,BVS,KJT,03:08:00,03:00:00,62,33
2420,12702,2.0,KJT,PDI,03:00:00,02:56:00,62,34
2421,12702,2.0,PDI,KAD,02:56:00,02:32:00,62,35
2422,12702,2.0,KAD,LNL,02:32:00,02:28:00,62,36
2423,12702,2.0,LNL,MVL,02:28:00,02:20:00,62,37
2424,12702,2.0,MVL,KMST,02:20:00,02:10:00,62,38
2425,12702,2.0,KMST,KNHE,02:10:00,02:05:00,62,39
2426,12702,2.0,KNHE,VDN,02:05:00,01:59:00,62,40
2427,12702,2.0,VDN,TGN,01:59:00,01:54:00,62,41
2428,12702,2.0,TGN,GRWD,01:54:00,01:51:00,62,42
2429,12702,2.0,DEHR,AKRD,01:43:00,01:37:00,62,45
2430,12702,2.0,AKRD,CCH,01:37:00,01:34:00,62,46
2431,12702,2.0,CCH,PMP,01:34:00,01:31:00,62,47
2432,12702,2.0,PMP,KSWD,01:31:00,01:29:00,62,48
2433,12702,2.0,KSWD,DAPD,01:29:00,01:24:00,62,49
2434,12702,2.0,DAPD,KK,01:24:00,01:22:00,62,50
2435,12702,2.0,KK,SVJR,01:22:00,01:18:00,62,51
2436,12702,2.0,SVJR,PUNE,01:18:00,01:10:00,62,52
2437,12750,1.0,VVH,GC,12:26:00,12:28:00,63,12
2438,12750,1.0,GC,VK,12:28:00,12:32:00,63,13
2439,12750,1.0,BND,NHU,12:36:00,12:37:00,63,15
2440,12750,1.0,NHU,MLND,12:37:00,12:40:00,63,16
2441,12750,1.0,MLND,TNA,12:40:00,12:43:00,63,17
2442,12750,1.0,TNA,KLVA,12:43:00,12:45:00,63,18
2443,12750,1.0,KLVA,MBQ,12:45:00,12:50:00,63,19
2444,12750,1.0,MBQ,DIVA,12:50:00,12:53:00,63,20
2445,12750,1.0,DIVA,KOPR,12:53:00,12:57:00,63,21
2446,12750,1.0,KOPR,DI,12:57:00,12:59:00,63,22
2447,12750,1.0,DI,THK,12:59:00,13:00:00,63,23
2448,12750,1.0,THK,KYN,13:00:00,13:04:00,63,24
2449,12750,1.0,KYN,VLDI,13:04:00,13:06:00,63,25
2450,12750,1.0,VLDI,ULNR,13:06:00,13:08:00,63,26
2451,12750,1.0,ULNR,ABH,13:08:00,13:11:00,63,27
2452,12750,1.0,ABH,BUD,13:11:00,13:19:00,63,28
2453,12750,1.0,BUD,VGI,13:19:00,13:31:00,63,29
2454,12750,1.0,VGI,SHLU,13:31:00,13:35:00,63,30
2455,12750,1.0,SHLU,NRL,13:35:00,13:39:00,63,31
2456,12750,1.0,NRL,BVS,13:39:00,13:46:00,63,32
2457,12750,1.0,BVS,KJT,13:46:00,13:54:00,63,33
2458,12750,1.0,KJT,PDI,13:54:00,13:57:00,63,34
2459,12750,1.0,PDI,KAD,13:57:00,14:19:00,63,35
2460,12750,1.0,KAD,LNL,14:19:00,14:23:00,63,36
2461,12750,1.0,LNL,MVL,14:23:00,14:30:00,63,37
2462,12750,1.0,MVL,KMST,14:30:00,14:40:00,63,38
2463,12750,1.0,KMST,KNHE,14:40:00,14:45:00,63,39
2464,12750,1.0,KNHE,VDN,14:45:00,14:50:00,63,40
2465,12750,1.0,VDN,TGN,14:50:00,14:54:00,63,41
2466,12750,1.0,TGN,GRWD,14:54:00,14:57:00,63,42
2467,12750,1.0,DEHR,AKRD,15:04:00,15:10:00,63,45
2468,12750,1.0,AKRD,CCH,15:10:00,15:13:00,63,46
2469,12750,1.0,CCH,PMP,15:13:00,15:15:00,63,47
2470,12750,1.0,PMP,KSWD,15:15:00,15:18:00,63,48
2471,12750,1.0,KSWD,DAPD,15:18:00,15:22:00,63,49
2472,12750,1.0,DAPD,KK,15:22:00,15:24:00,63,50
2473,12750,1.0,KK,SVJR,15:24:00,15:28:00,63,51
2474,12750,1.0,SVJR,PUNE,15:28:00,15:30:00,63,52
2475,12939,1.0,KOPR,DI,17:58:00,17:51:00,64,22
2476,12939,1.0,DI,THK,17:51:00,17:50:00,64,23
2477,12939,1.0,THK,KYN,17:50:00,17:43:00,64,24
2478,12939,1.0,KYN,VLDI,17:45:00,17:41:00,64,25
2479,12939,1.0,VLDI,ULNR,17:41:00,17:39:00,64,26
2480,12939,1.0,ULNR,ABH,17:39:00,17:36:00,64,27
2481,12939,1.0,ABH,BUD,17:36:00,17:28:00,64,28
2482,12939,1.0,BUD,VGI,17:28:00,17:17:00,64,29
2483,12939,1.0,VGI,SHLU,17:17:00,17:13:00,64,30
2484,12939,1.0,SHLU,NRL,17:13:00,17:09:00,64,31
2485,12939,1.0,NRL,BVS,17:09:00,17:02:00,64,32
2486,12939,1.0,BVS,KJT,17:02:00,16:55:00,64,33
2487,12939,1.0,KJT,PDI,16:55:00,16:52:00,64,34
2488,12939,1.0,PDI,KAD,16:52:00,16:30:00,64,35
2489,12939,1.0,KAD,LNL,16:30:00,16:26:00,64,36
2490,12939,1.0,LNL,MVL,16:26:00,16:19:00,64,37
2491,12939,1.0,MVL,KMST,16:19:00,16:10:00,64,38
2492,12939,1.0,KMST,KNHE,16:10:00,16:05:00,64,39
2493,12939,1.0,KNHE,VDN,16:05:00,16:00:00,64,40
2494,12939,1.0,VDN,TGN,16:00:00,15:55:00,64,41
2495,12939,1.0,TGN,GRWD,15:55:00,15:52:00,64,42
2496,12939,1.0,DEHR,AKRD,15:45:00,15:40:00,64,45
2497,12939,1.0,AKRD,CCH,15:40:00,15:37:00,64,46
2498,12939,1.0,CCH,PMP,15:37:00,15:35:00,64,47
2499,12939,1.0,PMP,KSWD,15:35:00,15:32:00,64,48
2500,12939,1.0,KSWD,DAPD,15:32:00,15:28:00,64,49
2501,12939,1.0,DAPD,KK,15:28:00,15:26:00,64,50
2502,12939,1.0,KK,SVJR,15:26:00,15:23:00,64,51
2503,12939,1.0,SVJR,PUNE,15:23:00,None,64,52
2504,12940,2.0,KOPR,DI,04:59:00,05:05:00,65,22
2505,12940,2.0,DI,THK,05:05:00,05:07:00,65,23
2506,12940,2.0,THK,KYN,05:07:00,05:15:00,65,24
2507,12940,2.0,KYN,VLDI,05:20:00,05:23:00,65,25
2508,12940,2.0,VLDI,ULNR,05:23:00,05:25:00,65,26
2509,12940,2.0,ULNR,ABH,05:25:00,05:28:00,65,27
2510,12940,2.0,ABH,BUD,05:28:00,05:37:00,65,28
2511,12940,2.0,BUD,VGI,05:37:00,05:50:00,65,29
2512,12940,2.0,VGI,SHLU,05:50:00,05:55:00,65,30
2513,12940,2.0,SHLU,NRL,05:55:00,06:00:00,65,31
2514,12940,2.0,NRL,BVS,06:00:00,06:08:00,65,32
2515,12940,2.0,BVS,KJT,06:08:00,06:17:00,65,33
2516,12940,2.0,KJT,PDI,06:17:00,06:20:00,65,34
2517,12940,2.0,PDI,KAD,06:20:00,06:45:00,65,35
2518,12940,2.0,KAD,LNL,06:45:00,06:50:00,65,36
2519,12940,2.0,LNL,MVL,06:50:00,06:58:00,65,37
2520,12940,2.0,MVL,KMST,06:58:00,07:09:00,65,38
2521,12940,2.0,KMST,KNHE,07:09:00,07:14:00,65,39
2522,12940,2.0,KNHE,VDN,07:14:00,07:21:00,65,40
2523,12940,2.0,VDN,TGN,07:21:00,07:25:00,65,41
2524,12940,2.0,TGN,GRWD,07:25:00,07:29:00,65,42
2525,12940,2.0,DEHR,AKRD,07:37:00,07:43:00,65,45
2526,12940,2.0,AKRD,CCH,07:43:00,07:47:00,65,46
2527,12940,2.0,CCH,PMP,07:47:00,07:50:00,65,47
2528,12940,2.0,PMP,KSWD,07:50:00,07:52:00,65,48
2529,12940,2.0,KSWD,DAPD,07:52:00,07:57:00,65,49
2530,12940,2.0,DAPD,KK,07:57:00,07:59:00,65,50
2531,12940,2.0,KK,SVJR,07:59:00,08:04:00,65,51
2532,12940,2.0,SVJR,PUNE,08:04:00,08:05:00,65,52
2533,16209,2.0,KOPR,DI,00:30:00,00:40:00,66,22
2534,16209,2.0,DI,THK,00:40:00,00:43:00,66,23
2535,16209,2.0,THK,KYN,00:43:00,01:05:00,66,24
2536,16209,2.0,KYN,VLDI,01:10:00,01:13:00,66,25
2537,16209,2.0,VLDI,ULNR,01:13:00,01:15:00,66,26
2538,16209,2.0,ULNR,ABH,01:15:00,01:18:00,66,27
2539,16209,2.0,ABH,BUD,01:18:00,01:28:00,66,28
2540,16209,2.0,BUD,VGI,01:28:00,01:41:00,66,29
2541,16209,2.0,VGI,SHLU,01:41:00,01:46:00,66,30
2542,16209,2.0,SHLU,NRL,01:46:00,01:51:00,66,31
2543,16209,2.0,NRL,BVS,01:51:00,02:00:00,66,32
2544,16209,2.0,BVS,KJT,02:00:00,02:08:00,66,33
2545,16209,2.0,KJT,PDI,02:10:00,02:15:00,66,34
2546,16209,2.0,PDI,KAD,02:15:00,02:51:00,66,35
2547,16209,2.0,KAD,LNL,02:51:00,02:58:00,66,36
2548,16209,2.0,LNL,MVL,03:00:00,03:08:00,66,37
2549,16209,2.0,MVL,KMST,03:08:00,03:18:00,66,38
2550,16209,2.0,KMST,KNHE,03:18:00,03:23:00,66,39
2551,16209,2.0,KNHE,VDN,03:23:00,03:29:00,66,40
2552,16209,2.0,VDN,TGN,03:29:00,03:33:00,66,41
2553,16209,2.0,TGN,GRWD,03:33:00,03:37:00,66,42
2554,16209,2.0,DEHR,AKRD,03:44:00,03:49:00,66,45
2555,16209,2.0,AKRD,CCH,03:49:00,03:53:00,66,46
2556,16209,2.0,CCH,PMP,03:53:00,03:56:00,66,47
2557,16209,2.0,PMP,KSWD,03:56:00,03:58:00,66,48
2558,16209,2.0,KSWD,DAPD,03:58:00,04:02:00,66,49
2559,16209,2.0,DAPD,KK,04:02:00,04:05:00,66,50
2560,16209,2.0,KK,SVJR,04:05:00,04:09:00,66,51
2561,16209,2.0,SVJR,PUNE,04:09:00,04:10:00,66,52
2562,16210,2.0,KOPR,DI,21:59:00,21:52:00,67,22
2563,16210,2.0,DI,THK,21:52:00,21:50:00,67,23
2564,16210,2.0,THK,KYN,21:50:00,21:40:00,67,24
2565,16210,2.0,KYN,VLDI,21:45:00,21:38:00,67,25
2566,16210,2.0,VLDI,ULNR,21:38:00,21:36:00,67,26
2567,16210,2.0,ULNR,ABH,21:36:00,21:33:00,67,27
2568,16210,2.0,ABH,BUD,21:33:00,21:25:00,67,28
2569,16210,2.0,BUD,VGI,21:25:00,21:13:00,67,29
2570,16210,2.0,VGI,SHLU,21:13:00,21:09:00,67,30
2571,16210,2.0,SHLU,NRL,21:09:00,21:05:00,67,31
2572,16210,2.0,NRL,BVS,21:05:00,20:57:00,67,32
2573,16210,2.0,BVS,KJT,20:57:00,20:49:00,67,33
2574,16210,2.0,KJT,PDI,20:50:00,20:43:00,67,34
2575,16210,2.0,PDI,KAD,20:43:00,20:07:00,67,35
2576,16210,2.0,KAD,LNL,20:07:00,19:59:00,67,36
2577,16210,2.0,LNL,MVL,20:00:00,19:51:00,67,37
2578,16210,2.0,MVL,KMST,19:51:00,19:42:00,67,38
2579,16210,2.0,KMST,KNHE,19:42:00,19:37:00,67,39
2580,16210,2.0,KNHE,VDN,19:37:00,19:31:00,67,40
2581,16210,2.0,VDN,TGN,19:31:00,19:27:00,67,41
2582,16210,2.0,TGN,GRWD,19:27:00,19:24:00,67,42
2583,16210,2.0,DEHR,AKRD,19:17:00,19:11:00,67,45
2584,16210,2.0,AKRD,CCH,19:11:00,19:08:00,67,46
2585,16210,2.0,CCH,PMP,19:08:00,19:05:00,67,47
2586,16210,2.0,PMP,KSWD,19:05:00,19:03:00,67,48
2587,16210,2.0,KSWD,DAPD,19:03:00,18:59:00,67,49
2588,16210,2.0,DAPD,KK,18:59:00,18:57:00,67,50
2589,16210,2.0,KK,SVJR,18:57:00,18:53:00,67,51
2590,16210,2.0,SVJR,PUNE,18:53:00,18:40:00,67,52
2591,16331,1.0,CSMT,MSD,12:05:00,12:06:00,68,1
2592,16331,1.0,MSD,SNRD,12:06:00,12:08:00,68,2
2593,16331,1.0,SNRD,BY,12:08:00,12:11:00,68,3
2594,16331,1.0,CRD,PR,12:13:00,12:16:00,68,6
2595,16331,1.0,PR,DR,12:16:00,12:18:00,68,7
2596,16331,1.0,DR,MTN,12:20:00,12:21:00,68,8
2597,16331,1.0,MTN,SIN,12:21:00,12:24:00,68,9
2598,16331,1.0,SIN,CLA,12:24:00,12:26:00,68,10
2599,16331,1.0,CLA,VVH,12:26:00,12:28:00,68,11
2600,16331,1.0,VVH,GC,12:28:00,12:29:00,68,12
2601,16331,1.0,GC,VK,12:29:00,12:33:00,68,13
2602,16331,1.0,BND,NHU,12:36:00,12:37:00,68,15
2603,16331,1.0,NHU,MLND,12:37:00,12:39:00,68,16
2604,16331,1.0,MLND,TNA,12:39:00,12:42:00,68,17
2605,16331,1.0,DIVA,KOPR,12:55:00,12:59:00,68,21
2606,16331,1.0,KOPR,DI,12:59:00,13:00:00,68,22
2607,16331,1.0,DI,THK,13:00:00,13:02:00,68,23
2608,16331,1.0,THK,KYN,13:02:00,13:05:00,68,24
2609,16331,1.0,KYN,VLDI,13:10:00,13:12:00,68,25
2610,16331,1.0,VLDI,ULNR,13:12:00,13:14:00,68,26
2611,16331,1.0,ULNR,ABH,13:14:00,13:16:00,68,27
2612,16331,1.0,ABH,BUD,13:16:00,13:22:00,68,28
2613,16331,1.0,BUD,VGI,13:22:00,13:31:00,68,29
2614,16331,1.0,VGI,SHLU,13:31:00,13:34:00,68,30
2615,16331,1.0,SHLU,NRL,13:34:00,13:38:00,68,31
2616,16331,1.0,NRL,BVS,13:38:00,13:43:00,68,32
2617,16331,1.0,BVS,KJT,13:43:00,13:48:00,68,33
2618,16331,1.0,KJT,PDI,13:50:00,13:55:00,68,34
2619,16331,1.0,PDI,KAD,13:55:00,14:31:00,68,35
2620,16331,1.0,KAD,LNL,14:31:00,14:38:00,68,36
2621,16331,1.0,LNL,MVL,14:40:00,14:47:00,68,37
2622,16331,1.0,MVL,KMST,14:47:00,14:56:00,68,38
2623,16331,1.0,KMST,KNHE,14:56:00,15:01:00,68,39
2624,16331,1.0,KNHE,VDN,15:01:00,15:06:00,68,40
2625,16331,1.0,VDN,TGN,15:06:00,15:10:00,68,41
2626,16331,1.0,TGN,GRWD,15:10:00,15:13:00,68,42
2627,16331,1.0,DEHR,AKRD,15:20:00,15:25:00,68,45
2628,16331,1.0,AKRD,CCH,15:25:00,15:28:00,68,46
2629,16331,1.0,CCH,PMP,15:28:00,15:31:00,68,47
2630,16331,1.0,PMP,KSWD,15:31:00,15:33:00,68,48
2631,16331,1.0,KSWD,DAPD,15:33:00,15:37:00,68,49
2632,16331,1.0,DAPD,KK,15:37:00,15:39:00,68,50
2633,16331,1.0,KK,SVJR,15:39:00,15:43:00,68,51
2634,16331,1.0,SVJR,PUNE,15:43:00,15:45:00,68,52
2635,16332,2.0,CSMT,MSD,None,20:47:00,69,1
2636,16332,2.0,MSD,SNRD,20:47:00,20:45:00,69,2
2637,16332,2.0,SNRD,BY,20:45:00,20:41:00,69,3
2638,16332,2.0,CRD,PR,20:36:00,20:32:00,69,6
2639,16332,2.0,PR,DR,20:32:00,20:29:00,69,7
2640,16332,2.0,DR,MTN,20:30:00,20:28:00,69,8
2641,16332,2.0,MTN,SIN,20:28:00,20:25:00,69,9
2642,16332,2.0,SIN,CLA,20:25:00,20:21:00,69,10
2643,16332,2.0,CLA,VVH,20:21:00,20:18:00,69,11
2644,16332,2.0,VVH,GC,20:18:00,20:17:00,69,12
2645,16332,2.0,GC,VK,20:17:00,20:12:00,69,13
2646,16332,2.0,BND,NHU,20:08:00,20:06:00,69,15
2647,16332,2.0,NHU,MLND,20:06:00,20:03:00,69,16
2648,16332,2.0,MLND,TNA,20:03:00,19:59:00,69,17
2649,16332,2.0,DIVA,KOPR,19:50:00,19:46:00,69,21
2650,16332,2.0,KOPR,DI,19:46:00,19:45:00,69,22
2651,16332,2.0,DI,THK,19:45:00,19:43:00,69,23
2652,16332,2.0,THK,KYN,19:43:00,19:39:00,69,24
2653,16332,2.0,KYN,VLDI,19:40:00,19:37:00,69,25
2654,16332,2.0,VLDI,ULNR,19:37:00,19:35:00,69,26
2655,16332,2.0,ULNR,ABH,19:35:00,19:31:00,69,27
2656,16332,2.0,ABH,BUD,19:31:00,19:21:00,69,28
2657,16332,2.0,BUD,VGI,19:21:00,19:07:00,69,29
2658,16332,2.0,VGI,SHLU,19:07:00,19:01:00,69,30
2659,16332,2.0,SHLU,NRL,19:01:00,18:56:00,69,31
2660,16332,2.0,NRL,BVS,18:56:00,18:47:00,69,32
2661,16332,2.0,BVS,KJT,18:47:00,18:37:00,69,33
2662,16332,2.0,KJT,PDI,18:37:00,18:33:00,69,34
2663,16332,2.0,PDI,KAD,18:33:00,18:05:00,69,35
2664,16332,2.0,KAD,LNL,18:05:00,17:59:00,69,36
2665,16332,2.0,LNL,MVL,18:00:00,17:50:00,69,37
2666,16332,2.0,MVL,KMST,17:50:00,17:39:00,69,38
2667,16332,2.0,KMST,KNHE,17:39:00,17:34:00,69,39
2668,16332,2.0,KNHE,VDN,17:34:00,17:27:00,69,40
2669,16332,2.0,VDN,TGN,17:27:00,17:23:00,69,41
2670,16332,2.0,TGN,GRWD,17:23:00,17:19:00,69,42
2671,16332,2.0,DEHR,AKRD,17:11:00,17:04:00,69,45
2672,16332,2.0,AKRD,CCH,17:04:00,17:00:00,69,46
2673,16332,2.0,CCH,PMP,17:00:00,16:58:00,69,47
2674,16332,2.0,PMP,KSWD,16:58:00,16:55:00,69,48
2675,16332,2.0,KSWD,DAPD,16:55:00,16:50:00,69,49
2676,16332,2.0,DAPD,KK,16:50:00,16:47:00,69,50
2677,16332,2.0,KK,SVJR,16:47:00,16:43:00,69,51
2678,16332,2.0,SVJR,PUNE,16:43:00,16:30:00,69,52
2679,16339,1.0,CSMT,MSD,12:05:00,12:06:00,70,1
2680,16339,1.0,MSD,SNRD,12:06:00,12:08:00,70,2
2681,16339,1.0,SNRD,BY,12:08:00,12:11:00,70,3
2682,16339,1.0,CRD,PR,12:13:00,12:16:00,70,6
2683,16339,1.0,PR,DR,12:16:00,12:18:00,70,7
2684,16339,1.0,DR,MTN,12:20:00,12:21:00,70,8
2685,16339,1.0,MTN,SIN,12:21:00,12:24:00,70,9
2686,16339,1.0,SIN,CLA,12:24:00,12:26:00,70,10
2687,16339,1.0,CLA,VVH,12:26:00,12:28:00,70,11
2688,16339,1.0,VVH,GC,12:28:00,12:30:00,70,12
2689,16339,1.0,GC,VK,12:30:00,12:33:00,70,13
2690,16339,1.0,BND,NHU,12:36:00,12:38:00,70,15
2691,16339,1.0,NHU,MLND,12:38:00,12:40:00,70,16
2692,16339,1.0,MLND,TNA,12:40:00,12:43:00,70,17
2693,16339,1.0,DIVA,KOPR,12:55:00,12:59:00,70,21
2694,16339,1.0,KOPR,DI,12:59:00,13:00:00,70,22
2695,16339,1.0,DI,THK,13:00:00,13:02:00,70,23
2696,16339,1.0,THK,KYN,13:02:00,13:05:00,70,24
2697,16339,1.0,KYN,VLDI,13:10:00,13:12:00,70,25
2698,16339,1.0,VLDI,ULNR,13:12:00,13:13:00,70,26
2699,16339,1.0,ULNR,ABH,13:13:00,13:16:00,70,27
2700,16339,1.0,ABH,BUD,13:16:00,13:22:00,70,28
2701,16339,1.0,BUD,VGI,13:22:00,13:31:00,70,29
2702,16339,1.0,VGI,SHLU,13:31:00,13:34:00,70,30
2703,16339,1.0,SHLU,NRL,13:34:00,13:37:00,70,31
2704,16339,1.0,NRL,BVS,13:37:00,13:43:00,70,32
2705,16339,1.0,BVS,KJT,13:43:00,13:48:00,70,33
2706,16339,1.0,KJT,PDI,13:50:00,13:55:00,70,34
2707,16339,1.0,PDI,KAD,13:55:00,14:31:00,70,35
2708,16339,1.0,KAD,LNL,14:31:00,14:38:00,70,36
2709,16339,1.0,LNL,MVL,14:40:00,14:47:00,70,37
2710,16339,1.0,MVL,KMST,14:47:00,14:56:00,70,38
2711,16339,1.0,KMST,KNHE,14:56:00,15:01:00,70,39
2712,16339,1.0,KNHE,VDN,15:01:00,15:06:00,70,40
2713,16339,1.0,VDN,TGN,15:06:00,15:10:00,70,41
2714,16339,1.0,TGN,GRWD,15:10:00,15:13:00,70,42
2715,16339,1.0,DEHR,AKRD,15:20:00,15:25:00,70,45
2716,16339,1.0,AKRD,CCH,15:25:00,15:28:00,70,46
2717,16339,1.0,CCH,PMP,15:28:00,15:30:00,70,47
2718,16339,1.0,PMP,KSWD,15:30:00,15:33:00,70,48
2719,16339,1.0,KSWD,DAPD,15:33:00,15:36:00,70,49
2720,16339,1.0,DAPD,KK,15:36:00,15:38:00,70,50
2721,16339,1.0,KK,SVJR,15:38:00,15:42:00,70,51
2722,16339,1.0,SVJR,PUNE,15:42:00,15:45:00,70,52
2723,16340,2.0,CSMT,MSD,None,20:50:00,71,1
2724,16340,2.0,MSD,SNRD,20:50:00,20:47:00,71,2
2725,16340,2.0,SNRD,BY,20:47:00,20:42:00,71,3
2726,16340,2.0,CRD,PR,20:37:00,20:33:00,71,6
2727,16340,2.0,PR,DR,20:33:00,20:28:00,71,7
2728,16340,2.0,DR,MTN,20:30:00,20:26:00,71,8
2729,16340,2.0,MTN,SIN,20:26:00,20:23:00,71,9
2730,16340,2.0,SIN,CLA,20:23:00,20:20:00,71,10
2731,16340,2.0,CLA,VVH,20:20:00,20:17:00,71,11
2732,16340,2.0,VVH,GC,20:17:00,20:16:00,71,12
2733,16340,2.0,GC,VK,20:16:00,20:11:00,71,13
2734,16340,2.0,BND,NHU,20:07:00,20:05:00,71,15
2735,16340,2.0,NHU,MLND,20:05:00,20:03:00,71,16
2736,16340,2.0,MLND,TNA,20:03:00,19:58:00,71,17
2737,16340,2.0,DIVA,KOPR,19:50:00,19:46:00,71,21
2738,16340,2.0,KOPR,DI,19:46:00,19:45:00,71,22
2739,16340,2.0,DI,THK,19:45:00,19:43:00,71,23
2740,16340,2.0,THK,KYN,19:43:00,19:38:00,71,24
2741,16340,2.0,KYN,VLDI,19:40:00,19:35:00,71,25
2742,16340,2.0,VLDI,ULNR,19:35:00,19:33:00,71,26
2743,16340,2.0,ULNR,ABH,19:33:00,19:29:00,71,27
2744,16340,2.0,ABH,BUD,19:29:00,19:19:00,71,28
2745,16340,2.0,BUD,VGI,19:19:00,19:05:00,71,29
2746,16340,2.0,VGI,SHLU,19:05:00,19:00:00,71,30
2747,16340,2.0,SHLU,NRL,19:00:00,18:54:00,71,31
2748,16340,2.0,NRL,BVS,18:54:00,18:45:00,71,32
2749,16340,2.0,BVS,KJT,18:45:00,18:36:00,71,33
2750,16340,2.0,KJT,PDI,18:36:00,18:32:00,71,34
2751,16340,2.0,PDI,KAD,18:32:00,18:05:00,71,35
2752,16340,2.0,KAD,LNL,18:05:00,17:58:00,71,36
2753,16340,2.0,LNL,MVL,18:00:00,17:51:00,71,37
2754,16340,2.0,MVL,KMST,17:51:00,17:40:00,71,38
2755,16340,2.0,KMST,KNHE,17:40:00,17:34:00,71,39
2756,16340,2.0,KNHE,VDN,17:34:00,17:28:00,71,40
2757,16340,2.0,VDN,TGN,17:28:00,17:23:00,71,41
2758,16340,2.0,TGN,GRWD,17:23:00,17:19:00,71,42
2759,16340,2.0,DEHR,AKRD,17:11:00,17:04:00,71,45
2760,16340,2.0,AKRD,CCH,17:04:00,17:00:00,71,46
2761,16340,2.0,CCH,PMP,17:00:00,16:58:00,71,47
2762,16340,2.0,PMP,KSWD,16:58:00,16:55:00,71,48
2763,16340,2.0,KSWD,DAPD,16:55:00,16:50:00,71,49
2764,16340,2.0,DAPD,KK,16:50:00,16:48:00,71,50
2765,16340,2.0,KK,SVJR,16:48:00,16:43:00,71,51
2766,16340,2.0,SVJR,PUNE,16:43:00,16:30:00,71,52
2767,16351,1.0,CSMT,MSD,12:05:00,12:06:00,72,1
2768,16351,1.0,MSD,SNRD,12:06:00,12:08:00,72,2
2769,16351,1.0,SNRD,BY,12:08:00,12:11:00,72,3
2770,16351,1.0,CRD,PR,12:13:00,12:16:00,72,6
2771,16351,1.0,PR,DR,12:16:00,12:18:00,72,7
2772,16351,1.0,DR,MTN,12:20:00,12:21:00,72,8
2773,16351,1.0,MTN,SIN,12:21:00,12:24:00,72,9
2774,16351,1.0,SIN,CLA,12:24:00,12:26:00,72,10
2775,16351,1.0,CLA,VVH,12:26:00,12:28:00,72,11
2776,16351,1.0,VVH,GC,12:28:00,12:29:00,72,12
2777,16351,1.0,GC,VK,12:29:00,12:32:00,72,13
2778,16351,1.0,BND,NHU,12:36:00,12:37:00,72,15
2779,16351,1.0,NHU,MLND,12:37:00,12:39:00,72,16
2780,16351,1.0,MLND,TNA,12:39:00,12:42:00,72,17
2781,16351,1.0,DIVA,KOPR,12:55:00,12:59:00,72,21
2782,16351,1.0,KOPR,DI,12:59:00,13:00:00,72,22
2783,16351,1.0,DI,THK,13:00:00,13:02:00,72,23
2784,16351,1.0,THK,KYN,13:02:00,13:05:00,72,24
2785,16351,1.0,KYN,VLDI,13:10:00,13:12:00,72,25
2786,16351,1.0,VLDI,ULNR,13:12:00,13:13:00,72,26
2787,16351,1.0,ULNR,ABH,13:13:00,13:16:00,72,27
2788,16351,1.0,ABH,BUD,13:16:00,13:22:00,72,28
2789,16351,1.0,BUD,VGI,13:22:00,13:31:00,72,29
2790,16351,1.0,VGI,SHLU,13:31:00,13:34:00,72,30
2791,16351,1.0,SHLU,NRL,13:34:00,13:37:00,72,31
2792,16351,1.0,NRL,BVS,13:37:00,13:43:00,72,32
2793,16351,1.0,BVS,KJT,13:43:00,13:48:00,72,33
2794,16351,1.0,KJT,PDI,13:50:00,13:55:00,72,34
2795,16351,1.0,PDI,KAD,13:55:00,14:31:00,72,35
2796,16351,1.0,KAD,LNL,14:31:00,14:38:00,72,36
2797,16351,1.0,LNL,MVL,14:40:00,14:47:00,72,37
2798,16351,1.0,MVL,KMST,14:47:00,14:56:00,72,38
2799,16351,1.0,KMST,KNHE,14:56:00,15:01:00,72,39
2800,16351,1.0,KNHE,VDN,15:01:00,15:06:00,72,40
2801,16351,1.0,VDN,TGN,15:06:00,15:10:00,72,41
2802,16351,1.0,TGN,GRWD,15:10:00,15:13:00,72,42
2803,16351,1.0,DEHR,AKRD,15:20:00,15:25:00,72,45
2804,16351,1.0,AKRD,CCH,15:25:00,15:28:00,72,46
2805,16351,1.0,CCH,PMP,15:28:00,15:30:00,72,47
2806,16351,1.0,PMP,KSWD,15:30:00,15:33:00,72,48
2807,16351,1.0,KSWD,DAPD,15:33:00,15:36:00,72,49
2808,16351,1.0,DAPD,KK,15:36:00,15:38:00,72,50
2809,16351,1.0,KK,SVJR,15:38:00,15:42:00,72,51
2810,16351,1.0,SVJR,PUNE,15:42:00,15:45:00,72,52
2811,16352,2.0,CSMT,MSD,None,20:47:00,73,1
2812,16352,2.0,MSD,SNRD,20:47:00,20:45:00,73,2
2813,16352,2.0,SNRD,BY,20:45:00,20:41:00,73,3
2814,16352,2.0,CRD,PR,20:36:00,20:32:00,73,6
2815,16352,2.0,PR,DR,20:32:00,20:29:00,73,7
2816,16352,2.0,DR,MTN,20:30:00,20:28:00,73,8
2817,16352,2.0,MTN,SIN,20:28:00,20:25:00,73,9
2818,16352,2.0,SIN,CLA,20:25:00,20:21:00,73,10
2819,16352,2.0,CLA,VVH,20:21:00,20:18:00,73,11
2820,16352,2.0,VVH,GC,20:18:00,20:17:00,73,12
2821,16352,2.0,GC,VK,20:17:00,20:12:00,73,13
2822,16352,2.0,BND,NHU,20:08:00,20:06:00,73,15
2823,16352,2.0,NHU,MLND,20:06:00,20:03:00,73,16
2824,16352,2.0,MLND,TNA,20:03:00,19:59:00,73,17
2825,16352,2.0,DIVA,KOPR,19:50:00,19:46:00,73,21
2826,16352,2.0,KOPR,DI,19:46:00,19:45:00,73,22
2827,16352,2.0,DI,THK,19:45:00,19:43:00,73,23
2828,16352,2.0,THK,KYN,19:43:00,19:39:00,73,24
2829,16352,2.0,KYN,VLDI,19:40:00,19:36:00,73,25
2830,16352,2.0,VLDI,ULNR,19:36:00,19:33:00,73,26
2831,16352,2.0,ULNR,ABH,19:33:00,19:30:00,73,27
2832,16352,2.0,ABH,BUD,19:30:00,19:20:00,73,28
2833,16352,2.0,BUD,VGI,19:20:00,19:06:00,73,29
2834,16352,2.0,VGI,SHLU,19:06:00,19:00:00,73,30
2835,16352,2.0,SHLU,NRL,19:00:00,18:55:00,73,31
2836,16352,2.0,NRL,BVS,18:55:00,18:46:00,73,32
2837,16352,2.0,BVS,KJT,18:46:00,18:37:00,73,33
2838,16352,2.0,KJT,PDI,18:37:00,18:33:00,73,34
2839,16352,2.0,PDI,KAD,18:33:00,18:05:00,73,35
2840,16352,2.0,KAD,LNL,18:05:00,17:59:00,73,36
2841,16352,2.0,LNL,MVL,18:00:00,17:50:00,73,37
2842,16352,2.0,MVL,KMST,17:50:00,17:39:00,73,38
2843,16352,2.0,KMST,KNHE,17:39:00,17:34:00,73,39
2844,16352,2.0,KNHE,VDN,17:34:00,17:27:00,73,40
2845,16352,2.0,VDN,TGN,17:27:00,17:23:00,73,41
2846,16352,2.0,TGN,GRWD,17:23:00,17:19:00,73,42
2847,16352,2.0,DEHR,AKRD,17:11:00,17:04:00,73,45
2848,16352,2.0,AKRD,CCH,17:04:00,17:00:00,73,46
2849,16352,2.0,CCH,PMP,17:00:00,16:58:00,73,47
2850,16352,2.0,PMP,KSWD,16:58:00,16:55:00,73,48
2851,16352,2.0,KSWD,DAPD,16:55:00,16:50:00,73,49
2852,16352,2.0,DAPD,KK,16:50:00,16:47:00,73,50
2853,16352,2.0,KK,SVJR,16:47:00,16:43:00,73,51
2854,16352,2.0,SVJR,PUNE,16:43:00,16:30:00,73,52
2855,16381,1.0,CSMT,MSD,15:45:00,15:46:00,74,1
2856,16381,1.0,MSD,SNRD,15:46:00,15:48:00,74,2
2857,16381,1.0,SNRD,BY,15:48:00,15:51:00,74,3
2858,16381,1.0,CRD,PR,15:53:00,15:56:00,74,6
2859,16381,1.0,PR,DR,15:56:00,15:58:00,74,7
2860,16381,1.0,DR,MTN,16:00:00,16:01:00,74,8
2861,16381,1.0,MTN,SIN,16:01:00,16:03:00,74,9
2862,16381,1.0,SIN,CLA,16:03:00,16:06:00,74,10
2863,16381,1.0,CLA,VVH,16:06:00,16:08:00,74,11
2864,16381,1.0,VVH,GC,16:08:00,16:09:00,74,12
2865,16381,1.0,GC,VK,16:09:00,16:12:00,74,13
2866,16381,1.0,BND,NHU,16:15:00,16:17:00,74,15
2867,16381,1.0,NHU,MLND,16:17:00,16:19:00,74,16
2868,16381,1.0,MLND,TNA,16:19:00,16:21:00,74,17
2869,16381,1.0,TNA,KLVA,16:21:00,16:23:00,74,18
2870,16381,1.0,KLVA,MBQ,16:23:00,16:27:00,74,19
2871,16381,1.0,MBQ,DIVA,16:27:00,16:29:00,74,20
2872,16381,1.0,DIVA,KOPR,16:29:00,16:33:00,74,21
2873,16381,1.0,KOPR,DI,16:33:00,16:34:00,74,22
2874,16381,1.0,DI,THK,16:34:00,16:35:00,74,23
2875,16381,1.0,THK,KYN,16:35:00,16:38:00,74,24
2876,16381,1.0,KYN,VLDI,16:40:00,16:42:00,74,25
2877,16381,1.0,VLDI,ULNR,16:42:00,16:44:00,74,26
2878,16381,1.0,ULNR,ABH,16:44:00,16:46:00,74,27
2879,16381,1.0,ABH,BUD,16:46:00,16:52:00,74,28
2880,16381,1.0,BUD,VGI,16:52:00,17:01:00,74,29
2881,16381,1.0,VGI,SHLU,17:01:00,17:04:00,74,30
2882,16381,1.0,SHLU,NRL,17:04:00,17:08:00,74,31
2883,16381,1.0,NRL,BVS,17:08:00,17:13:00,74,32
2884,16381,1.0,BVS,KJT,17:13:00,17:18:00,74,33
2885,16381,1.0,KJT,PDI,17:20:00,17:25:00,74,34
2886,16381,1.0,PDI,KAD,17:25:00,18:01:00,74,35
2887,16381,1.0,KAD,LNL,18:01:00,18:08:00,74,36
2888,16381,1.0,LNL,MVL,18:10:00,18:17:00,74,37
2889,16381,1.0,MVL,KMST,18:17:00,18:26:00,74,38
2890,16381,1.0,KMST,KNHE,18:26:00,18:31:00,74,39
2891,16381,1.0,KNHE,VDN,18:31:00,18:36:00,74,40
2892,16381,1.0,VDN,TGN,18:36:00,18:40:00,74,41
2893,16381,1.0,TGN,GRWD,18:40:00,18:43:00,74,42
2894,16381,1.0,DEHR,AKRD,18:50:00,18:55:00,74,45
2895,16381,1.0,AKRD,CCH,18:55:00,18:58:00,74,46
2896,16381,1.0,CCH,PMP,18:58:00,19:01:00,74,47
2897,16381,1.0,PMP,KSWD,19:01:00,19:03:00,74,48
2898,16381,1.0,KSWD,DAPD,19:03:00,19:07:00,74,49
2899,16381,1.0,DAPD,KK,19:07:00,19:09:00,74,50
2900,16381,1.0,KK,SVJR,19:09:00,19:13:00,74,51
2901,16381,1.0,SVJR,PUNE,19:13:00,19:15:00,74,52
2902,16382,3.0,CSMT,MSD,None,04:47:00,75,1
2903,16382,3.0,MSD,SNRD,04:47:00,04:45:00,75,2
2904,16382,3.0,SNRD,BY,04:45:00,04:41:00,75,3
2905,16382,3.0,CRD,PR,04:36:00,04:32:00,75,6
2906,16382,3.0,PR,DR,04:32:00,04:29:00,75,7
2907,16382,3.0,DR,MTN,04:30:00,04:28:00,75,8
2908,16382,3.0,MTN,SIN,04:28:00,04:25:00,75,9
2909,16382,3.0,SIN,CLA,04:25:00,04:21:00,75,10
2910,16382,3.0,CLA,VVH,04:21:00,04:18:00,75,11
2911,16382,3.0,VVH,GC,04:18:00,04:17:00,75,12
2912,16382,3.0,GC,VK,04:17:00,04:12:00,75,13
2913,16382,3.0,BND,NHU,04:08:00,04:06:00,75,15
2914,16382,3.0,NHU,MLND,04:06:00,04:03:00,75,16
2915,16382,3.0,MLND,TNA,04:03:00,03:59:00,75,17
2916,16382,3.0,TNA,KLVA,04:00:00,03:56:00,75,18
2917,16382,3.0,KLVA,MBQ,03:56:00,03:52:00,75,19
2918,16382,3.0,MBQ,DIVA,03:52:00,03:50:00,75,20
2919,16382,3.0,DIVA,KOPR,03:50:00,03:46:00,75,21
2920,16382,3.0,KOPR,DI,03:46:00,03:45:00,75,22
2921,16382,3.0,DI,THK,03:45:00,03:43:00,75,23
2922,16382,3.0,THK,KYN,03:43:00,03:39:00,75,24
2923,16382,3.0,KYN,VLDI,03:40:00,03:38:00,75,25
2924,16382,3.0,VLDI,ULNR,03:38:00,03:36:00,75,26
2925,16382,3.0,ULNR,ABH,03:36:00,03:33:00,75,27
2926,16382,3.0,ABH,BUD,03:33:00,03:25:00,75,28
2927,16382,3.0,BUD,VGI,03:25:00,03:13:00,75,29
2928,16382,3.0,VGI,SHLU,03:13:00,03:09:00,75,30
2929,16382,3.0,SHLU,NRL,03:09:00,03:05:00,75,31
2930,16382,3.0,NRL,BVS,03:05:00,02:57:00,75,32
2931,16382,3.0,BVS,KJT,02:57:00,02:49:00,75,33
2932,16382,3.0,KJT,PDI,02:50:00,02:43:00,75,34
2933,16382,3.0,PDI,KAD,02:43:00,02:07:00,75,35
2934,16382,3.0,KAD,LNL,02:07:00,01:59:00,75,36
2935,16382,3.0,LNL,MVL,02:00:00,01:51:00,75,37
2936,16382,3.0,MVL,KMST,01:51:00,01:42:00,75,38
2937,16382,3.0,KMST,KNHE,01:42:00,01:37:00,75,39
2938,16382,3.0,KNHE,VDN,01:37:00,01:31:00,75,40
2939,16382,3.0,VDN,TGN,01:31:00,01:27:00,75,41
2940,16382,3.0,TGN,GRWD,01:27:00,01:24:00,75,42
2941,16382,3.0,DEHR,AKRD,01:17:00,01:11:00,75,45
2942,16382,3.0,AKRD,CCH,01:11:00,01:08:00,75,46
2943,16382,3.0,CCH,PMP,01:08:00,01:05:00,75,47
2944,16382,3.0,PMP,KSWD,01:05:00,01:03:00,75,48
2945,16382,3.0,KSWD,DAPD,01:03:00,00:59:00,75,49
2946,16382,3.0,DAPD,KK,00:59:00,00:57:00,75,50
2947,16382,3.0,KK,SVJR,00:57:00,00:53:00,75,51
2948,16382,3.0,SVJR,PUNE,00:53:00,00:40:00,75,52
2949,16505,2.0,KOPR,DI,00:31:00,00:42:00,76,22
2950,16505,2.0,DI,THK,00:42:00,00:45:00,76,23
2951,16505,2.0,THK,KYN,00:45:00,01:08:00,76,24
2952,16505,2.0,KYN,VLDI,01:10:00,01:13:00,76,25
2953,16505,2.0,VLDI,ULNR,01:13:00,01:15:00,76,26
2954,16505,2.0,ULNR,ABH,01:15:00,01:19:00,76,27
2955,16505,2.0,ABH,BUD,01:19:00,01:28:00,76,28
2956,16505,2.0,BUD,VGI,01:28:00,01:42:00,76,29
2957,16505,2.0,VGI,SHLU,01:42:00,01:47:00,76,30
2958,16505,2.0,SHLU,NRL,01:47:00,01:52:00,76,31
2959,16505,2.0,NRL,BVS,01:52:00,02:01:00,76,32
2960,16505,2.0,BVS,KJT,02:01:00,02:08:00,76,33
2961,16505,2.0,KJT,PDI,02:10:00,02:15:00,76,34
2962,16505,2.0,PDI,KAD,02:15:00,02:51:00,76,35
2963,16505,2.0,KAD,LNL,02:51:00,02:58:00,76,36
2964,16505,2.0,LNL,MVL,03:00:00,03:08:00,76,37
2965,16505,2.0,MVL,KMST,03:08:00,03:18:00,76,38
2966,16505,2.0,KMST,KNHE,03:18:00,03:23:00,76,39
2967,16505,2.0,KNHE,VDN,03:23:00,03:28:00,76,40
2968,16505,2.0,VDN,TGN,03:28:00,03:33:00,76,41
2969,16505,2.0,TGN,GRWD,03:33:00,03:36:00,76,42
2970,16505,2.0,DEHR,AKRD,03:43:00,03:49:00,76,45
2971,16505,2.0,AKRD,CCH,03:49:00,03:52:00,76,46
2972,16505,2.0,CCH,PMP,03:52:00,03:55:00,76,47
2973,16505,2.0,PMP,KSWD,03:55:00,03:57:00,76,48
2974,16505,2.0,KSWD,DAPD,03:57:00,04:01:00,76,49
2975,16505,2.0,DAPD,KK,04:01:00,04:04:00,76,50
2976,16505,2.0,KK,SVJR,04:04:00,04:08:00,76,51
2977,16505,2.0,SVJR,PUNE,04:08:00,04:10:00,76,52
2978,16506,2.0,KOPR,DI,21:59:00,21:52:00,77,22
2979,16506,2.0,DI,THK,21:52:00,21:50:00,77,23
2980,16506,2.0,THK,KYN,21:50:00,21:40:00,77,24
2981,16506,2.0,KYN,VLDI,21:45:00,21:38:00,77,25
2982,16506,2.0,VLDI,ULNR,21:38:00,21:36:00,77,26
2983,16506,2.0,ULNR,ABH,21:36:00,21:33:00,77,27
2984,16506,2.0,ABH,BUD,21:33:00,21:25:00,77,28
2985,16506,2.0,BUD,VGI,21:25:00,21:13:00,77,29
2986,16506,2.0,VGI,SHLU,21:13:00,21:09:00,77,30
2987,16506,2.0,SHLU,NRL,21:09:00,21:05:00,77,31
2988,16506,2.0,NRL,BVS,21:05:00,20:57:00,77,32
2989,16506,2.0,BVS,KJT,20:57:00,20:49:00,77,33
2990,16506,2.0,KJT,PDI,20:50:00,20:43:00,77,34
2991,16506,2.0,PDI,KAD,20:43:00,20:07:00,77,35
2992,16506,2.0,KAD,LNL,20:07:00,19:59:00,77,36
2993,16506,2.0,LNL,MVL,20:00:00,19:51:00,77,37
2994,16506,2.0,MVL,KMST,19:51:00,19:42:00,77,38
2995,16506,2.0,KMST,KNHE,19:42:00,19:37:00,77,39
2996,16506,2.0,KNHE,VDN,19:37:00,19:31:00,77,40
2997,16506,2.0,VDN,TGN,19:31:00,19:27:00,77,41
2998,16506,2.0,TGN,GRWD,19:27:00,19:24:00,77,42
2999,16506,2.0,DEHR,AKRD,19:17:00,19:11:00,77,45
3000,16506,2.0,AKRD,CCH,19:11:00,19:08:00,77,46
3001,16506,2.0,CCH,PMP,19:08:00,19:05:00,77,47
3002,16506,2.0,PMP,KSWD,19:05:00,19:03:00,77,48
3003,16506,2.0,KSWD,DAPD,19:03:00,18:59:00,77,49
3004,16506,2.0,DAPD,KK,18:59:00,18:57:00,77,50
3005,16506,2.0,KK,SVJR,18:57:00,18:53:00,77,51
3006,16506,2.0,SVJR,PUNE,18:53:00,18:40:00,77,52
3007,16507,2.0,KOPR,DI,00:30:00,00:41:00,78,22
3008,16507,2.0,DI,THK,00:41:00,00:44:00,78,23
3009,16507,2.0,THK,KYN,00:44:00,01:05:00,78,24
3010,16507,2.0,KYN,VLDI,01:10:00,01:13:00,78,25
3011,16507,2.0,VLDI,ULNR,01:13:00,01:15:00,78,26
3012,16507,2.0,ULNR,ABH,01:15:00,01:18:00,78,27
3013,16507,2.0,ABH,BUD,01:18:00,01:28:00,78,28
3014,16507,2.0,BUD,VGI,01:28:00,01:41:00,78,29
3015,16507,2.0,VGI,SHLU,01:41:00,01:46:00,78,30
3016,16507,2.0,SHLU,NRL,01:46:00,01:51:00,78,31
3017,16507,2.0,NRL,BVS,01:51:00,02:00:00,78,32
3018,16507,2.0,BVS,KJT,02:00:00,02:08:00,78,33
3019,16507,2.0,KJT,PDI,02:10:00,02:15:00,78,34
3020,16507,2.0,PDI,KAD,02:15:00,02:51:00,78,35
3021,16507,2.0,KAD,LNL,02:51:00,02:58:00,78,36
3022,16507,2.0,LNL,MVL,03:00:00,03:08:00,78,37
3023,16507,2.0,MVL,KMST,03:08:00,03:18:00,78,38
3024,16507,2.0,KMST,KNHE,03:18:00,03:23:00,78,39
3025,16507,2.0,KNHE,VDN,03:23:00,03:28:00,78,40
3026,16507,2.0,VDN,TGN,03:28:00,03:33:00,78,41
3027,16507,2.0,TGN,GRWD,03:33:00,03:36:00,78,42
3028,16507,2.0,DEHR,AKRD,03:43:00,03:49:00,78,45
3029,16507,2.0,AKRD,CCH,03:49:00,03:52:00,78,46
3030,16507,2.0,CCH,PMP,03:52:00,03:55:00,78,47
3031,16507,2.0,PMP,KSWD,03:55:00,03:57:00,78,48
3032,16507,2.0,KSWD,DAPD,03:57:00,04:01:00,78,49
3033,16507,2.0,DAPD,KK,04:01:00,04:04:00,78,50
3034,16507,2.0,KK,SVJR,04:04:00,04:08:00,78,51
3035,16507,2.0,SVJR,PUNE,04:08:00,04:10:00,78,52
3036,16508,2.0,KOPR,DI,21:59:00,21:52:00,79,22
3037,16508,2.0,DI,THK,21:52:00,21:50:00,79,23
3038,16508,2.0,THK,KYN,21:50:00,21:40:00,79,24
3039,16508,2.0,KYN,VLDI,21:45:00,21:37:00,79,25
3040,16508,2.0,VLDI,ULNR,21:37:00,21:35:00,79,26
3041,16508,2.0,ULNR,ABH,21:35:00,21:33:00,79,27
3042,16508,2.0,ABH,BUD,21:33:00,21:25:00,79,28
3043,16508,2.0,BUD,VGI,21:25:00,21:13:00,79,29
3044,16508,2.0,VGI,SHLU,21:13:00,21:09:00,79,30
3045,16508,2.0,SHLU,NRL,21:09:00,21:04:00,79,31
3046,16508,2.0,NRL,BVS,21:04:00,20:57:00,79,32
3047,16508,2.0,BVS,KJT,20:57:00,20:49:00,79,33
3048,16508,2.0,KJT,PDI,20:50:00,20:43:00,79,34
3049,16508,2.0,PDI,KAD,20:43:00,20:06:00,79,35
3050,16508,2.0,KAD,LNL,20:06:00,19:59:00,79,36
3051,16508,2.0,LNL,MVL,20:00:00,19:51:00,79,37
3052,16508,2.0,MVL,KMST,19:51:00,19:41:00,79,38
3053,16508,2.0,KMST,KNHE,19:41:00,19:37:00,79,39
3054,16508,2.0,KNHE,VDN,19:37:00,19:31:00,79,40
3055,16508,2.0,VDN,TGN,19:31:00,19:27:00,79,41
3056,16508,2.0,TGN,GRWD,19:27:00,19:23:00,79,42
3057,16508,2.0,DEHR,AKRD,19:16:00,19:11:00,79,45
3058,16508,2.0,AKRD,CCH,19:11:00,19:08:00,79,46
3059,16508,2.0,CCH,PMP,19:08:00,19:05:00,79,47
3060,16508,2.0,PMP,KSWD,19:05:00,19:03:00,79,48
3061,16508,2.0,KSWD,DAPD,19:03:00,18:59:00,79,49
3062,16508,2.0,DAPD,KK,18:59:00,18:56:00,79,50
3063,16508,2.0,KK,SVJR,18:56:00,18:53:00,79,51
3064,16508,2.0,SVJR,PUNE,18:53:00,18:40:00,79,52
3065,16529,1.0,CSMT,MSD,08:05:00,08:06:00,80,1
3066,16529,1.0,MSD,SNRD,08:06:00,08:08:00,80,2
3067,16529,1.0,SNRD,BY,08:08:00,08:11:00,80,3
3068,16529,1.0,CRD,PR,08:13:00,08:16:00,80,6
3069,16529,1.0,PR,DR,08:16:00,08:18:00,80,7
3070,16529,1.0,DR,MTN,08:20:00,08:21:00,80,8
3071,16529,1.0,MTN,SIN,08:21:00,08:23:00,80,9
3072,16529,1.0,SIN,CLA,08:23:00,08:26:00,80,10
3073,16529,1.0,CLA,VVH,08:26:00,08:28:00,80,11
3074,16529,1.0,VVH,GC,08:28:00,08:29:00,80,12
3075,16529,1.0,GC,VK,08:29:00,08:32:00,80,13
3076,16529,1.0,BND,NHU,08:35:00,08:36:00,80,15
3077,16529,1.0,NHU,MLND,08:36:00,08:38:00,80,16
3078,16529,1.0,MLND,TNA,08:38:00,08:40:00,80,17
3079,16529,1.0,TNA,KLVA,08:40:00,08:43:00,80,18
3080,16529,1.0,KLVA,MBQ,08:43:00,08:46:00,80,19
3081,16529,1.0,MBQ,DIVA,08:46:00,08:49:00,80,20
3082,16529,1.0,DIVA,KOPR,08:49:00,08:52:00,80,21
3083,16529,1.0,KOPR,DI,08:52:00,08:53:00,80,22
3084,16529,1.0,DI,THK,08:53:00,08:54:00,80,23
3085,16529,1.0,THK,KYN,08:54:00,08:58:00,80,24
3086,16529,1.0,KYN,VLDI,09:00:00,09:03:00,80,25
3087,16529,1.0,VLDI,ULNR,09:03:00,09:05:00,80,26
3088,16529,1.0,ULNR,ABH,09:05:00,09:08:00,80,27
3089,16529,1.0,ABH,BUD,09:08:00,09:18:00,80,28
3090,16529,1.0,BUD,VGI,09:18:00,09:32:00,80,29
3091,16529,1.0,VGI,SHLU,09:32:00,09:37:00,80,30
3092,16529,1.0,SHLU,NRL,09:37:00,09:42:00,80,31
3093,16529,1.0,NRL,BVS,09:42:00,09:50:00,80,32
3094,16529,1.0,BVS,KJT,09:50:00,09:59:00,80,33
3095,16529,1.0,KJT,PDI,09:59:00,10:03:00,80,34
3096,16529,1.0,PDI,KAD,10:03:00,10:29:00,80,35
3097,16529,1.0,KAD,LNL,10:29:00,10:33:00,80,36
3098,16529,1.0,LNL,MVL,10:35:00,10:42:00,80,37
3099,16529,1.0,MVL,KMST,10:42:00,10:51:00,80,38
3100,16529,1.0,KMST,KNHE,10:51:00,10:56:00,80,39
3101,16529,1.0,KNHE,VDN,10:56:00,11:01:00,80,40
3102,16529,1.0,VDN,TGN,11:01:00,11:05:00,80,41
3103,16529,1.0,TGN,GRWD,11:05:00,11:08:00,80,42
3104,16529,1.0,DEHR,AKRD,11:15:00,11:20:00,80,45
3105,16529,1.0,AKRD,CCH,11:20:00,11:23:00,80,46
3106,16529,1.0,CCH,PMP,11:23:00,11:25:00,80,47
3107,16529,1.0,PMP,KSWD,11:25:00,11:28:00,80,48
3108,16529,1.0,KSWD,DAPD,11:28:00,11:31:00,80,49
3109,16529,1.0,DAPD,KK,11:31:00,11:33:00,80,50
3110,16529,1.0,KK,SVJR,11:33:00,11:37:00,80,51
3111,16529,1.0,SVJR,PUNE,11:37:00,11:40:00,80,52
3112,16530,2.0,CSMT,MSD,None,19:47:00,81,1
3113,16530,2.0,MSD,SNRD,19:47:00,19:44:00,81,2
3114,16530,2.0,SNRD,BY,19:44:00,19:38:00,81,3
3115,16530,2.0,CRD,PR,19:33:00,19:28:00,81,6
3116,16530,2.0,PR,DR,19:28:00,19:24:00,81,7
3117,16530,2.0,DR,MTN,19:25:00,19:23:00,81,8
3118,16530,2.0,MTN,SIN,19:23:00,19:21:00,81,9
3119,16530,2.0,SIN,CLA,19:21:00,19:18:00,81,10
3120,16530,2.0,CLA,VVH,19:18:00,19:16:00,81,11
3121,16530,2.0,VVH,GC,19:16:00,19:14:00,81,12
3122,16530,2.0,GC,VK,19:14:00,19:11:00,81,13
3123,16530,2.0,BND,NHU,19:07:00,19:05:00,81,15
3124,16530,2.0,NHU,MLND,19:05:00,19:03:00,81,16
3125,16530,2.0,MLND,TNA,19:03:00,19:00:00,81,17
3126,16530,2.0,TNA,KLVA,19:00:00,18:58:00,81,18
3127,16530,2.0,KLVA,MBQ,18:58:00,18:53:00,81,19
3128,16530,2.0,MBQ,DIVA,18:53:00,18:51:00,81,20
3129,16530,2.0,DIVA,KOPR,18:51:00,18:46:00,81,21
3130,16530,2.0,KOPR,DI,18:46:00,18:45:00,81,22
3131,16530,2.0,DI,THK,18:45:00,18:44:00,81,23
3132,16530,2.0,THK,KYN,18:44:00,18:39:00,81,24
3133,16530,2.0,KYN,VLDI,18:40:00,18:36:00,81,25
3134,16530,2.0,VLDI,ULNR,18:36:00,18:34:00,81,26
3135,16530,2.0,ULNR,ABH,18:34:00,18:31:00,81,27
3136,16530,2.0,ABH,BUD,18:31:00,18:21:00,81,28
3137,16530,2.0,BUD,VGI,18:21:00,18:07:00,81,29
3138,16530,2.0,VGI,SHLU,18:07:00,18:02:00,81,30
3139,16530,2.0,SHLU,NRL,18:02:00,17:57:00,81,31
3140,16530,2.0,NRL,BVS,17:57:00,17:49:00,81,32
3141,16530,2.0,BVS,KJT,17:49:00,17:40:00,81,33
3142,16530,2.0,KJT,PDI,17:40:00,17:36:00,81,34
3143,16530,2.0,PDI,KAD,17:36:00,17:10:00,81,35
3144,16530,2.0,KAD,LNL,17:10:00,17:04:00,81,36
3145,16530,2.0,LNL,MVL,17:05:00,16:57:00,81,37
3146,16530,2.0,MVL,KMST,16:57:00,16:48:00,81,38
3147,16530,2.0,KMST,KNHE,16:48:00,16:43:00,81,39
3148,16530,2.0,KNHE,VDN,16:43:00,16:37:00,81,40
3149,16530,2.0,VDN,TGN,16:37:00,16:33:00,81,41
3150,16530,2.0,TGN,GRWD,16:33:00,16:29:00,81,42
3151,16530,2.0,DEHR,AKRD,16:22:00,16:17:00,81,45
3152,16530,2.0,AKRD,CCH,16:17:00,16:13:00,81,46
3153,16530,2.0,CCH,PMP,16:13:00,16:11:00,81,47
3154,16530,2.0,PMP,KSWD,16:11:00,16:08:00,81,48
3155,16530,2.0,KSWD,DAPD,16:08:00,16:04:00,81,49
3156,16530,2.0,DAPD,KK,16:04:00,16:02:00,81,50
3157,16530,2.0,KK,SVJR,16:02:00,15:58:00,81,51
3158,16530,2.0,SVJR,PUNE,15:58:00,15:50:00,81,52
3159,16531,2.0,KOPR,DI,00:29:00,00:40:00,82,22
3160,16531,2.0,DI,THK,00:40:00,00:43:00,82,23
3161,16531,2.0,THK,KYN,00:43:00,01:05:00,82,24
3162,16531,2.0,KYN,VLDI,01:10:00,01:13:00,82,25
3163,16531,2.0,VLDI,ULNR,01:13:00,01:15:00,82,26
3164,16531,2.0,ULNR,ABH,01:15:00,01:18:00,82,27
3165,16531,2.0,ABH,BUD,01:18:00,01:28:00,82,28
3166,16531,2.0,BUD,VGI,01:28:00,01:41:00,82,29
3167,16531,2.0,VGI,SHLU,01:41:00,01:46:00,82,30
3168,16531,2.0,SHLU,NRL,01:46:00,01:51:00,82,31
3169,16531,2.0,NRL,BVS,01:51:00,01:59:00,82,32
3170,16531,2.0,BVS,KJT,01:59:00,02:08:00,82,33
3171,16531,2.0,KJT,PDI,02:10:00,02:15:00,82,34
3172,16531,2.0,PDI,KAD,02:15:00,02:51:00,82,35
3173,16531,2.0,KAD,LNL,02:51:00,02:58:00,82,36
3174,16531,2.0,LNL,MVL,03:00:00,03:08:00,82,37
3175,16531,2.0,MVL,KMST,03:08:00,03:18:00,82,38
3176,16531,2.0,KMST,KNHE,03:18:00,03:23:00,82,39
3177,16531,2.0,KNHE,VDN,03:23:00,03:28:00,82,40
3178,16531,2.0,VDN,TGN,03:28:00,03:33:00,82,41
3179,16531,2.0,TGN,GRWD,03:33:00,03:36:00,82,42
3180,16531,2.0,DEHR,AKRD,03:43:00,03:49:00,82,45
3181,16531,2.0,AKRD,CCH,03:49:00,03:53:00,82,46
3182,16531,2.0,CCH,PMP,03:53:00,03:55:00,82,47
3183,16531,2.0,PMP,KSWD,03:55:00,03:58:00,82,48
3184,16531,2.0,KSWD,DAPD,03:58:00,04:02:00,82,49
3185,16531,2.0,DAPD,KK,04:02:00,04:04:00,82,50
3186,16531,2.0,KK,SVJR,04:04:00,04:08:00,82,51
3187,16531,2.0,SVJR,PUNE,04:08:00,04:10:00,82,52
3188,16532,2.0,KOPR,DI,21:59:00,21:52:00,83,22
3189,16532,2.0,DI,THK,21:52:00,21:50:00,83,23
3190,16532,2.0,THK,KYN,21:50:00,21:40:00,83,24
3191,16532,2.0,KYN,VLDI,21:45:00,21:38:00,83,25
3192,16532,2.0,VLDI,ULNR,21:38:00,21:36:00,83,26
3193,16532,2.0,ULNR,ABH,21:36:00,21:32:00,83,27
3194,16532,2.0,ABH,BUD,21:32:00,21:22:00,83,28
3195,16532,2.0,BUD,VGI,21:22:00,21:07:00,83,29
3196,16532,2.0,VGI,SHLU,21:07:00,21:02:00,83,30
3197,16532,2.0,SHLU,NRL,21:02:00,20:56:00,83,31
3198,16532,2.0,NRL,BVS,20:56:00,20:47:00,83,32
3199,16532,2.0,BVS,KJT,20:47:00,20:38:00,83,33
3200,16532,2.0,KJT,PDI,20:38:00,20:34:00,83,34
3201,16532,2.0,PDI,KAD,20:34:00,20:05:00,83,35
3202,16532,2.0,KAD,LNL,20:05:00,19:58:00,83,36
3203,16532,2.0,LNL,MVL,20:00:00,19:51:00,83,37
3204,16532,2.0,MVL,KMST,19:51:00,19:41:00,83,38
3205,16532,2.0,KMST,KNHE,19:41:00,19:36:00,83,39
3206,16532,2.0,KNHE,VDN,19:36:00,19:31:00,83,40
3207,16532,2.0,VDN,TGN,19:31:00,19:27:00,83,41
3208,16532,2.0,TGN,GRWD,19:27:00,19:23:00,83,42
3209,16532,2.0,DEHR,AKRD,19:16:00,19:11:00,83,45
3210,16532,2.0,AKRD,CCH,19:11:00,19:08:00,83,46
3211,16532,2.0,CCH,PMP,19:08:00,19:05:00,83,47
3212,16532,2.0,PMP,KSWD,19:05:00,19:03:00,83,48
3213,16532,2.0,KSWD,DAPD,19:03:00,18:59:00,83,49
3214,16532,2.0,DAPD,KK,18:59:00,18:56:00,83,50
3215,16532,2.0,KK,SVJR,18:56:00,18:53:00,83,51
3216,16532,2.0,SVJR,PUNE,18:53:00,18:40:00,83,52
3217,16533,2.0,KOPR,DI,00:40:00,00:47:00,84,22
3218,16533,2.0,DI,THK,00:47:00,00:50:00,84,23
3219,16533,2.0,THK,KYN,00:50:00,01:05:00,84,24
3220,16533,2.0,KYN,VLDI,01:10:00,01:13:00,84,25
3221,16533,2.0,VLDI,ULNR,01:13:00,01:16:00,84,26
3222,16533,2.0,ULNR,ABH,01:16:00,01:20:00,84,27
3223,16533,2.0,ABH,BUD,01:20:00,01:31:00,84,28
3224,16533,2.0,BUD,VGI,01:31:00,01:47:00,84,29
3225,16533,2.0,VGI,SHLU,01:47:00,01:52:00,84,30
3226,16533,2.0,SHLU,NRL,01:52:00,01:58:00,84,31
3227,16533,2.0,NRL,BVS,01:58:00,02:08:00,84,32
3228,16533,2.0,BVS,KJT,02:08:00,02:18:00,84,33
3229,16533,2.0,KJT,PDI,02:18:00,02:22:00,84,34
3230,16533,2.0,PDI,KAD,02:22:00,02:53:00,84,35
3231,16533,2.0,KAD,LNL,02:53:00,02:58:00,84,36
3232,16533,2.0,LNL,MVL,03:00:00,03:08:00,84,37
3233,16533,2.0,MVL,KMST,03:08:00,03:18:00,84,38
3234,16533,2.0,KMST,KNHE,03:18:00,03:23:00,84,39
3235,16533,2.0,KNHE,VDN,03:23:00,03:28:00,84,40
3236,16533,2.0,VDN,TGN,03:28:00,03:33:00,84,41
3237,16533,2.0,TGN,GRWD,03:33:00,03:36:00,84,42
3238,16533,2.0,DEHR,AKRD,03:43:00,03:49:00,84,45
3239,16533,2.0,AKRD,CCH,03:49:00,03:52:00,84,46
3240,16533,2.0,CCH,PMP,03:52:00,03:55:00,84,47
3241,16533,2.0,PMP,KSWD,03:55:00,03:57:00,84,48
3242,16533,2.0,KSWD,DAPD,03:57:00,04:01:00,84,49
3243,16533,2.0,DAPD,KK,04:01:00,04:04:00,84,50
3244,16533,2.0,KK,SVJR,04:04:00,04:08:00,84,51
3245,16533,2.0,SVJR,PUNE,04:08:00,04:10:00,84,52
3246,16534,2.0,KOPR,DI,22:00:00,21:53:00,85,22
3247,16534,2.0,DI,THK,21:53:00,21:50:00,85,23
3248,16534,2.0,THK,KYN,21:50:00,21:40:00,85,24
3249,16534,2.0,KYN,VLDI,21:45:00,21:38:00,85,25
3250,16534,2.0,VLDI,ULNR,21:38:00,21:36:00,85,26
3251,16534,2.0,ULNR,ABH,21:36:00,21:32:00,85,27
3252,16534,2.0,ABH,BUD,21:32:00,21:22:00,85,28
3253,16534,2.0,BUD,VGI,21:22:00,21:07:00,85,29
3254,16534,2.0,VGI,SHLU,21:07:00,21:02:00,85,30
3255,16534,2.0,SHLU,NRL,21:02:00,20:56:00,85,31
3256,16534,2.0,NRL,BVS,20:56:00,20:47:00,85,32
3257,16534,2.0,BVS,KJT,20:47:00,20:38:00,85,33
3258,16534,2.0,KJT,PDI,20:38:00,20:34:00,85,34
3259,16534,2.0,PDI,KAD,20:34:00,20:05:00,85,35
3260,16534,2.0,KAD,LNL,20:05:00,19:59:00,85,36
3261,16534,2.0,LNL,MVL,20:00:00,19:51:00,85,37
3262,16534,2.0,MVL,KMST,19:51:00,19:42:00,85,38
3263,16534,2.0,KMST,KNHE,19:42:00,19:37:00,85,39
3264,16534,2.0,KNHE,VDN,19:37:00,19:31:00,85,40
3265,16534,2.0,VDN,TGN,19:31:00,19:27:00,85,41
3266,16534,2.0,TGN,GRWD,19:27:00,19:24:00,85,42
3267,16534,2.0,DEHR,AKRD,19:17:00,19:11:00,85,45
3268,16534,2.0,AKRD,CCH,19:11:00,19:08:00,85,46
3269,16534,2.0,CCH,PMP,19:08:00,19:05:00,85,47
3270,16534,2.0,PMP,KSWD,19:05:00,19:03:00,85,48
3271,16534,2.0,KSWD,DAPD,19:03:00,18:59:00,85,49
3272,16534,2.0,DAPD,KK,18:59:00,18:57:00,85,50
3273,16534,2.0,KK,SVJR,18:57:00,18:53:00,85,51
3274,16534,2.0,SVJR,PUNE,18:53:00,18:40:00,85,52
3275,16613,1.0,KOPR,DI,19:09:00,19:19:00,86,22
3276,16613,1.0,DI,THK,19:19:00,19:21:00,86,23
3277,16613,1.0,THK,KYN,19:21:00,19:40:00,86,24
3278,16613,1.0,KYN,VLDI,19:45:00,19:47:00,86,25
3279,16613,1.0,VLDI,ULNR,19:47:00,19:49:00,86,26
3280,16613,1.0,ULNR,ABH,19:49:00,19:51:00,86,27
3281,16613,1.0,ABH,BUD,19:51:00,19:58:00,86,28
3282,16613,1.0,BUD,VGI,19:58:00,20:08:00,86,29
3283,16613,1.0,VGI,SHLU,20:08:00,20:12:00,86,30
3284,16613,1.0,SHLU,NRL,20:12:00,20:16:00,86,31
3285,16613,1.0,NRL,BVS,20:16:00,20:22:00,86,32
3286,16613,1.0,BVS,KJT,20:22:00,20:28:00,86,33
3287,16613,1.0,KJT,PDI,20:30:00,20:35:00,86,34
3288,16613,1.0,PDI,KAD,20:35:00,21:11:00,86,35
3289,16613,1.0,KAD,LNL,21:11:00,21:18:00,86,36
3290,16613,1.0,LNL,MVL,21:20:00,21:27:00,86,37
3291,16613,1.0,MVL,KMST,21:27:00,21:36:00,86,38
3292,16613,1.0,KMST,KNHE,21:36:00,21:41:00,86,39
3293,16613,1.0,KNHE,VDN,21:41:00,21:46:00,86,40
3294,16613,1.0,VDN,TGN,21:46:00,21:50:00,86,41
3295,16613,1.0,TGN,GRWD,21:50:00,21:53:00,86,42
3296,16613,1.0,DEHR,AKRD,22:00:00,22:05:00,86,45
3297,16613,1.0,AKRD,CCH,22:05:00,22:08:00,86,46
3298,16613,1.0,CCH,PMP,22:08:00,22:11:00,86,47
3299,16613,1.0,PMP,KSWD,22:11:00,22:13:00,86,48
3300,16613,1.0,KSWD,DAPD,22:13:00,22:17:00,86,49
3301,16613,1.0,DAPD,KK,22:17:00,22:19:00,86,50
3302,16613,1.0,KK,SVJR,22:19:00,22:23:00,86,51
3303,16613,1.0,SVJR,PUNE,22:23:00,22:25:00,86,52
3304,16614,3.0,KOPR,DI,05:02:00,04:56:00,87,22
3305,16614,3.0,DI,THK,04:56:00,04:54:00,87,23
3306,16614,3.0,THK,KYN,04:54:00,04:45:00,87,24
3307,16614,3.0,KYN,VLDI,04:50:00,04:43:00,87,25
3308,16614,3.0,VLDI,ULNR,04:43:00,04:41:00,87,26
3309,16614,3.0,ULNR,ABH,04:41:00,04:39:00,87,27
3310,16614,3.0,ABH,BUD,04:39:00,04:31:00,87,28
3311,16614,3.0,BUD,VGI,04:31:00,04:21:00,87,29
3312,16614,3.0,VGI,SHLU,04:21:00,04:17:00,87,30
3313,16614,3.0,SHLU,NRL,04:17:00,04:13:00,87,31
3314,16614,3.0,NRL,BVS,04:13:00,04:07:00,87,32
3315,16614,3.0,BVS,KJT,04:07:00,03:59:00,87,33
3316,16614,3.0,KJT,PDI,04:00:00,03:54:00,87,34
3317,16614,3.0,PDI,KAD,03:54:00,03:21:00,87,35
3318,16614,3.0,KAD,LNL,03:21:00,03:14:00,87,36
3319,16614,3.0,LNL,MVL,03:15:00,03:06:00,87,37
3320,16614,3.0,MVL,KMST,03:06:00,02:57:00,87,38
3321,16614,3.0,KMST,KNHE,02:57:00,02:52:00,87,39
3322,16614,3.0,KNHE,VDN,02:52:00,02:46:00,87,40
3323,16614,3.0,VDN,TGN,02:46:00,02:42:00,87,41
3324,16614,3.0,TGN,GRWD,02:42:00,02:39:00,87,42
3325,16614,3.0,DEHR,AKRD,02:32:00,02:26:00,87,45
3326,16614,3.0,AKRD,CCH,02:26:00,02:23:00,87,46
3327,16614,3.0,CCH,PMP,02:23:00,02:20:00,87,47
3328,16614,3.0,PMP,KSWD,02:20:00,02:18:00,87,48
3329,16614,3.0,KSWD,DAPD,02:18:00,02:14:00,87,49
3330,16614,3.0,DAPD,KK,02:14:00,02:12:00,87,50
3331,16614,3.0,KK,SVJR,02:12:00,02:08:00,87,51
3332,16614,3.0,SVJR,PUNE,02:08:00,02:00:00,87,52
3333,17017,1.0,KOPR,DI,19:09:00,19:19:00,88,22
3334,17017,1.0,DI,THK,19:19:00,19:21:00,88,23
3335,17017,1.0,THK,KYN,19:21:00,19:40:00,88,24
3336,17017,1.0,KYN,VLDI,19:45:00,19:47:00,88,25
3337,17017,1.0,VLDI,ULNR,19:47:00,19:49:00,88,26
3338,17017,1.0,ULNR,ABH,19:49:00,19:51:00,88,27
3339,17017,1.0,ABH,BUD,19:51:00,19:58:00,88,28
3340,17017,1.0,BUD,VGI,19:58:00,20:08:00,88,29
3341,17017,1.0,VGI,SHLU,20:08:00,20:12:00,88,30
3342,17017,1.0,SHLU,NRL,20:12:00,20:16:00,88,31
3343,17017,1.0,NRL,BVS,20:16:00,20:22:00,88,32
3344,17017,1.0,BVS,KJT,20:22:00,20:28:00,88,33
3345,17017,1.0,KJT,PDI,20:30:00,20:35:00,88,34
3346,17017,1.0,PDI,KAD,20:35:00,21:11:00,88,35
3347,17017,1.0,KAD,LNL,21:11:00,21:18:00,88,36
3348,17017,1.0,LNL,MVL,21:20:00,21:27:00,88,37
3349,17017,1.0,MVL,KMST,21:27:00,21:36:00,88,38
3350,17017,1.0,KMST,KNHE,21:36:00,21:41:00,88,39
3351,17017,1.0,KNHE,VDN,21:41:00,21:46:00,88,40
3352,17017,1.0,VDN,TGN,21:46:00,21:50:00,88,41
3353,17017,1.0,TGN,GRWD,21:50:00,21:53:00,88,42
3354,17017,1.0,DEHR,AKRD,22:00:00,22:05:00,88,45
3355,17017,1.0,AKRD,CCH,22:05:00,22:08:00,88,46
3356,17017,1.0,CCH,PMP,22:08:00,22:11:00,88,47
3357,17017,1.0,PMP,KSWD,22:11:00,22:13:00,88,48
3358,17017,1.0,KSWD,DAPD,22:13:00,22:17:00,88,49
3359,17017,1.0,DAPD,KK,22:17:00,22:19:00,88,50
3360,17017,1.0,KK,SVJR,22:19:00,22:23:00,88,51
3361,17017,1.0,SVJR,PUNE,22:23:00,22:25:00,88,52
3362,17018,2.0,KOPR,DI,05:01:00,04:56:00,89,22
3363,17018,2.0,DI,THK,04:56:00,04:54:00,89,23
3364,17018,2.0,THK,KYN,04:54:00,04:48:00,89,24
3365,17018,2.0,KYN,VLDI,04:50:00,04:47:00,89,25
3366,17018,2.0,VLDI,ULNR,04:47:00,04:45:00,89,26
3367,17018,2.0,ULNR,ABH,04:45:00,04:42:00,89,27
3368,17018,2.0,ABH,BUD,04:42:00,04:34:00,89,28
3369,17018,2.0,BUD,VGI,04:34:00,04:23:00,89,29
3370,17018,2.0,VGI,SHLU,04:23:00,04:19:00,89,30
3371,17018,2.0,SHLU,NRL,04:19:00,04:14:00,89,31
3372,17018,2.0,NRL,BVS,04:14:00,04:07:00,89,32
3373,17018,2.0,BVS,KJT,04:07:00,03:58:00,89,33
3374,17018,2.0,KJT,PDI,04:00:00,03:53:00,89,34
3375,17018,2.0,PDI,KAD,03:53:00,03:21:00,89,35
3376,17018,2.0,KAD,LNL,03:21:00,03:13:00,89,36
3377,17018,2.0,LNL,MVL,03:15:00,03:06:00,89,37
3378,17018,2.0,MVL,KMST,03:06:00,02:56:00,89,38
3379,17018,2.0,KMST,KNHE,02:56:00,02:51:00,89,39
3380,17018,2.0,KNHE,VDN,02:51:00,02:46:00,89,40
3381,17018,2.0,VDN,TGN,02:46:00,02:42:00,89,41
3382,17018,2.0,TGN,GRWD,02:42:00,02:38:00,89,42
3383,17018,2.0,DEHR,AKRD,02:31:00,02:26:00,89,45
3384,17018,2.0,AKRD,CCH,02:26:00,02:23:00,89,46
3385,17018,2.0,CCH,PMP,02:23:00,02:20:00,89,47
3386,17018,2.0,PMP,KSWD,02:20:00,02:18:00,89,48
3387,17018,2.0,KSWD,DAPD,02:18:00,02:14:00,89,49
3388,17018,2.0,DAPD,KK,02:14:00,02:11:00,89,50
3389,17018,2.0,KK,SVJR,02:11:00,02:08:00,89,51
3390,17018,2.0,SVJR,PUNE,02:08:00,02:00:00,89,52
3391,17031,1.0,CSMT,MSD,12:45:00,12:46:00,90,1
3392,17031,1.0,MSD,SNRD,12:46:00,12:48:00,90,2
3393,17031,1.0,SNRD,BY,12:48:00,12:51:00,90,3
3394,17031,1.0,CRD,PR,12:53:00,12:56:00,90,6
3395,17031,1.0,PR,DR,12:56:00,12:58:00,90,7
3396,17031,1.0,DR,MTN,13:00:00,13:01:00,90,8
3397,17031,1.0,MTN,SIN,13:01:00,13:04:00,90,9
3398,17031,1.0,SIN,CLA,13:04:00,13:06:00,90,10
3399,17031,1.0,CLA,VVH,13:06:00,13:08:00,90,11
3400,17031,1.0,VVH,GC,13:08:00,13:09:00,90,12
3401,17031,1.0,GC,VK,13:09:00,13:13:00,90,13
3402,17031,1.0,BND,NHU,13:16:00,13:18:00,90,15
3403,17031,1.0,NHU,MLND,13:18:00,13:19:00,90,16
3404,17031,1.0,MLND,TNA,13:19:00,13:22:00,90,17
3405,17031,1.0,TNA,KLVA,13:22:00,13:24:00,90,18
3406,17031,1.0,KLVA,MBQ,13:24:00,13:28:00,90,19
3407,17031,1.0,MBQ,DIVA,13:28:00,13:30:00,90,20
3408,17031,1.0,DIVA,KOPR,13:30:00,13:34:00,90,21
3409,17031,1.0,KOPR,DI,13:34:00,13:35:00,90,22
3410,17031,1.0,DI,THK,13:35:00,13:37:00,90,23
3411,17031,1.0,THK,KYN,13:37:00,13:40:00,90,24
3412,17031,1.0,KYN,VLDI,13:45:00,13:47:00,90,25
3413,17031,1.0,VLDI,ULNR,13:47:00,13:49:00,90,26
3414,17031,1.0,ULNR,ABH,13:49:00,13:51:00,90,27
3415,17031,1.0,ABH,BUD,13:51:00,13:57:00,90,28
3416,17031,1.0,BUD,VGI,13:57:00,14:06:00,90,29
3417,17031,1.0,VGI,SHLU,14:06:00,14:09:00,90,30
3418,17031,1.0,SHLU,NRL,14:09:00,14:13:00,90,31
3419,17031,1.0,NRL,BVS,14:13:00,14:18:00,90,32
3420,17031,1.0,BVS,KJT,14:18:00,14:23:00,90,33
3421,17031,1.0,KJT,PDI,14:25:00,14:30:00,90,34
3422,17031,1.0,PDI,KAD,14:30:00,15:06:00,90,35
3423,17031,1.0,KAD,LNL,15:06:00,15:13:00,90,36
3424,17031,1.0,LNL,MVL,15:15:00,15:23:00,90,37
3425,17031,1.0,MVL,KMST,15:23:00,15:34:00,90,38
3426,17031,1.0,KMST,KNHE,15:34:00,15:39:00,90,39
3427,17031,1.0,KNHE,VDN,15:39:00,15:45:00,90,40
3428,17031,1.0,VDN,TGN,15:45:00,15:50:00,90,41
3429,17031,1.0,TGN,GRWD,15:50:00,15:53:00,90,42
3430,17031,1.0,DEHR,AKRD,16:01:00,16:07:00,90,45
3431,17031,1.0,AKRD,CCH,16:07:00,16:11:00,90,46
3432,17031,1.0,CCH,PMP,16:11:00,16:14:00,90,47
3433,17031,1.0,PMP,KSWD,16:14:00,16:16:00,90,48
3434,17031,1.0,KSWD,DAPD,16:16:00,16:21:00,90,49
3435,17031,1.0,DAPD,KK,16:21:00,16:23:00,90,50
3436,17031,1.0,KK,SVJR,16:23:00,16:27:00,90,51
3437,17031,1.0,SVJR,PUNE,16:27:00,16:30:00,90,52
3438,17032,2.0,CSMT,MSD,None,13:02:00,91,1
3439,17032,2.0,MSD,SNRD,13:02:00,12:58:00,91,2
3440,17032,2.0,SNRD,BY,12:58:00,12:53:00,91,3
3441,17032,2.0,CRD,PR,12:48:00,12:43:00,91,6
3442,17032,2.0,PR,DR,12:43:00,12:38:00,91,7
3443,17032,2.0,DR,MTN,12:40:00,12:37:00,91,8
3444,17032,2.0,MTN,SIN,12:37:00,12:34:00,91,9
3445,17032,2.0,SIN,CLA,12:34:00,12:32:00,91,10
3446,17032,2.0,CLA,VVH,12:32:00,12:30:00,91,11
3447,17032,2.0,VVH,GC,12:30:00,12:28:00,91,12
3448,17032,2.0,GC,VK,12:28:00,12:25:00,91,13
3449,17032,2.0,BND,NHU,12:21:00,12:19:00,91,15
3450,17032,2.0,NHU,MLND,12:19:00,12:17:00,91,16
3451,17032,2.0,MLND,TNA,12:17:00,12:15:00,91,17
3452,17032,2.0,TNA,KLVA,12:15:00,12:12:00,91,18
3453,17032,2.0,KLVA,MBQ,12:12:00,12:08:00,91,19
3454,17032,2.0,MBQ,DIVA,12:08:00,12:05:00,91,20
3455,17032,2.0,DIVA,KOPR,12:05:00,12:01:00,91,21
3456,17032,2.0,KOPR,DI,12:01:00,12:00:00,91,22
3457,17032,2.0,DI,THK,12:00:00,11:59:00,91,23
3458,17032,2.0,THK,KYN,11:59:00,11:53:00,91,24
3459,17032,2.0,KYN,VLDI,11:55:00,11:50:00,91,25
3460,17032,2.0,VLDI,ULNR,11:50:00,11:49:00,91,26
3461,17032,2.0,ULNR,ABH,11:49:00,11:46:00,91,27
3462,17032,2.0,ABH,BUD,11:46:00,11:38:00,91,28
3463,17032,2.0,BUD,VGI,11:38:00,11:27:00,91,29
3464,17032,2.0,VGI,SHLU,11:27:00,11:23:00,91,30
3465,17032,2.0,SHLU,NRL,11:23:00,11:19:00,91,31
3466,17032,2.0,NRL,BVS,11:19:00,11:12:00,91,32
3467,17032,2.0,BVS,KJT,11:12:00,11:04:00,91,33
3468,17032,2.0,KJT,PDI,11:05:00,10:58:00,91,34
3469,17032,2.0,PDI,KAD,10:58:00,10:21:00,91,35
3470,17032,2.0,KAD,LNL,10:21:00,10:14:00,91,36
3471,17032,2.0,LNL,MVL,10:15:00,10:06:00,91,37
3472,17032,2.0,MVL,KMST,10:06:00,09:58:00,91,38
3473,17032,2.0,KMST,KNHE,09:58:00,09:53:00,91,39
3474,17032,2.0,KNHE,VDN,09:53:00,09:48:00,91,40
3475,17032,2.0,VDN,TGN,09:48:00,09:44:00,91,41
3476,17032,2.0,TGN,GRWD,09:44:00,09:41:00,91,42
3477,17032,2.0,DEHR,AKRD,09:34:00,09:30:00,91,45
3478,17032,2.0,AKRD,CCH,09:30:00,09:26:00,91,46
3479,17032,2.0,CCH,PMP,09:26:00,09:24:00,91,47
3480,17032,2.0,PMP,KSWD,09:24:00,09:22:00,91,48
3481,17032,2.0,KSWD,DAPD,09:22:00,09:18:00,91,49
3482,17032,2.0,DAPD,KK,09:18:00,09:16:00,91,50
3483,17032,2.0,KK,SVJR,09:16:00,09:12:00,91,51
3484,17032,2.0,SVJR,PUNE,09:12:00,09:05:00,91,52
3485,17203,1.0,KOPR,DI,19:15:00,19:22:00,92,22
3486,17203,1.0,DI,THK,19:22:00,19:25:00,92,23
3487,17203,1.0,THK,KYN,19:25:00,19:40:00,92,24
3488,17203,1.0,KYN,VLDI,19:45:00,19:48:00,92,25
3489,17203,1.0,VLDI,ULNR,19:48:00,19:50:00,92,26
3490,17203,1.0,ULNR,ABH,19:50:00,19:53:00,92,27
3491,17203,1.0,ABH,BUD,19:53:00,20:03:00,92,28
3492,17203,1.0,BUD,VGI,20:03:00,20:17:00,92,29
3493,17203,1.0,VGI,SHLU,20:17:00,20:22:00,92,30
3494,17203,1.0,SHLU,NRL,20:22:00,20:27:00,92,31
3495,17203,1.0,NRL,BVS,20:27:00,20:36:00,92,32
3496,17203,1.0,BVS,KJT,20:36:00,20:44:00,92,33
3497,17203,1.0,KJT,PDI,20:44:00,20:48:00,92,34
3498,17203,1.0,PDI,KAD,20:48:00,21:15:00,92,35
3499,17203,1.0,KAD,LNL,21:15:00,21:18:00,92,36
3500,17203,1.0,LNL,MVL,21:20:00,21:27:00,92,37
3501,17203,1.0,MVL,KMST,21:27:00,21:36:00,92,38
3502,17203,1.0,KMST,KNHE,21:36:00,21:41:00,92,39
3503,17203,1.0,KNHE,VDN,21:41:00,21:46:00,92,40
3504,17203,1.0,VDN,TGN,21:46:00,21:50:00,92,41
3505,17203,1.0,TGN,GRWD,21:50:00,21:53:00,92,42
3506,17203,1.0,DEHR,AKRD,22:00:00,22:05:00,92,45
3507,17203,1.0,AKRD,CCH,22:05:00,22:08:00,92,46
3508,17203,1.0,CCH,PMP,22:08:00,22:11:00,92,47
3509,17203,1.0,PMP,KSWD,22:11:00,22:13:00,92,48
3510,17203,1.0,KSWD,DAPD,22:13:00,22:17:00,92,49
3511,17203,1.0,DAPD,KK,22:17:00,22:19:00,92,50
3512,17203,1.0,KK,SVJR,22:19:00,22:23:00,92,51
3513,17203,1.0,SVJR,PUNE,22:23:00,22:25:00,92,52
3514,17204,2.0,KOPR,DI,05:05:00,04:58:00,93,22
3515,17204,2.0,DI,THK,04:58:00,04:55:00,93,23
3516,17204,2.0,THK,KYN,04:55:00,04:45:00,93,24
3517,17204,2.0,KYN,VLDI,04:50:00,04:43:00,93,25
3518,17204,2.0,VLDI,ULNR,04:43:00,04:41:00,93,26
3519,17204,2.0,ULNR,ABH,04:41:00,04:38:00,93,27
3520,17204,2.0,ABH,BUD,04:38:00,04:29:00,93,28
3521,17204,2.0,BUD,VGI,04:29:00,04:15:00,93,29
3522,17204,2.0,VGI,SHLU,04:15:00,04:11:00,93,30
3523,17204,2.0,SHLU,NRL,04:11:00,04:05:00,93,31
3524,17204,2.0,NRL,BVS,04:05:00,03:57:00,93,32
3525,17204,2.0,BVS,KJT,03:57:00,03:49:00,93,33
3526,17204,2.0,KJT,PDI,03:49:00,03:45:00,93,34
3527,17204,2.0,PDI,KAD,03:45:00,03:20:00,93,35
3528,17204,2.0,KAD,LNL,03:20:00,03:13:00,93,36
3529,17204,2.0,LNL,MVL,03:15:00,03:06:00,93,37
3530,17204,2.0,MVL,KMST,03:06:00,02:56:00,93,38
3531,17204,2.0,KMST,KNHE,02:56:00,02:51:00,93,39
3532,17204,2.0,KNHE,VDN,02:51:00,02:46:00,93,40
3533,17204,2.0,VDN,TGN,02:46:00,02:42:00,93,41
3534,17204,2.0,TGN,GRWD,02:42:00,02:38:00,93,42
3535,17204,2.0,DEHR,AKRD,02:31:00,02:26:00,93,45
3536,17204,2.0,AKRD,CCH,02:26:00,02:23:00,93,46
3537,17204,2.0,CCH,PMP,02:23:00,02:20:00,93,47
3538,17204,2.0,PMP,KSWD,02:20:00,02:18:00,93,48
3539,17204,2.0,KSWD,DAPD,02:18:00,02:14:00,93,49
3540,17204,2.0,DAPD,KK,02:14:00,02:11:00,93,50
3541,17204,2.0,KK,SVJR,02:11:00,02:08:00,93,51
3542,17204,2.0,SVJR,PUNE,02:08:00,02:00:00,93,52
3543,19311,1.0,KOPR,DI,18:07:00,17:56:00,94,22
3544,19311,1.0,DI,THK,17:56:00,17:53:00,94,23
3545,19311,1.0,THK,KYN,17:53:00,17:40:00,94,24
3546,19311,1.0,KYN,VLDI,17:45:00,17:38:00,94,25
3547,19311,1.0,VLDI,ULNR,17:38:00,17:36:00,94,26
3548,19311,1.0,ULNR,ABH,17:36:00,17:34:00,94,27
3549,19311,1.0,ABH,BUD,17:34:00,17:26:00,94,28
3550,19311,1.0,BUD,VGI,17:26:00,17:16:00,94,29
3551,19311,1.0,VGI,SHLU,17:16:00,17:12:00,94,30
3552,19311,1.0,SHLU,NRL,17:12:00,17:08:00,94,31
3553,19311,1.0,NRL,BVS,17:08:00,17:02:00,94,32
3554,19311,1.0,BVS,KJT,17:02:00,16:53:00,94,33
3555,19311,1.0,KJT,PDI,16:55:00,16:48:00,94,34
3556,19311,1.0,PDI,KAD,16:48:00,16:16:00,94,35
3557,19311,1.0,KAD,LNL,16:16:00,16:08:00,94,36
3558,19311,1.0,LNL,MVL,16:10:00,16:03:00,94,37
3559,19311,1.0,MVL,KMST,16:03:00,15:56:00,94,38
3560,19311,1.0,KMST,KNHE,15:56:00,15:53:00,94,39
3561,19311,1.0,KNHE,VDN,15:53:00,15:49:00,94,40
3562,19311,1.0,VDN,TGN,15:49:00,15:46:00,94,41
3563,19311,1.0,TGN,GRWD,15:46:00,15:44:00,94,42
3564,19311,1.0,DEHR,AKRD,15:39:00,15:35:00,94,45
3565,19311,1.0,AKRD,CCH,15:35:00,15:32:00,94,46
3566,19311,1.0,CCH,PMP,15:32:00,15:31:00,94,47
3567,19311,1.0,PMP,KSWD,15:31:00,15:29:00,94,48
3568,19311,1.0,KSWD,DAPD,15:29:00,15:26:00,94,49
3569,19311,1.0,DAPD,KK,15:26:00,15:25:00,94,50
3570,19311,1.0,KK,SVJR,15:25:00,15:22:00,94,51
3571,19311,1.0,SVJR,PUNE,15:22:00,None,94,52
3572,19312,2.0,KOPR,DI,04:48:00,04:56:00,95,22
3573,19312,2.0,DI,THK,04:56:00,04:58:00,95,23
3574,19312,2.0,THK,KYN,04:58:00,05:15:00,95,24
3575,19312,2.0,KYN,VLDI,05:20:00,05:22:00,95,25
3576,19312,2.0,VLDI,ULNR,05:22:00,05:24:00,95,26
3577,19312,2.0,ULNR,ABH,05:24:00,05:26:00,95,27
3578,19312,2.0,ABH,BUD,05:26:00,05:34:00,95,28
3579,19312,2.0,BUD,VGI,05:34:00,05:44:00,95,29
3580,19312,2.0,VGI,SHLU,05:44:00,05:47:00,95,30
3581,19312,2.0,SHLU,NRL,05:47:00,05:51:00,95,31
3582,19312,2.0,NRL,BVS,05:51:00,05:58:00,95,32
3583,19312,2.0,BVS,KJT,05:58:00,06:03:00,95,33
3584,19312,2.0,KJT,PDI,06:05:00,06:10:00,95,34
3585,19312,2.0,PDI,KAD,06:10:00,06:46:00,95,35
3586,19312,2.0,KAD,LNL,06:46:00,06:53:00,95,36
3587,19312,2.0,LNL,MVL,06:55:00,07:03:00,95,37
3588,19312,2.0,MVL,KMST,07:03:00,07:14:00,95,38
3589,19312,2.0,KMST,KNHE,07:14:00,07:19:00,95,39
3590,19312,2.0,KNHE,VDN,07:19:00,07:25:00,95,40
3591,19312,2.0,VDN,TGN,07:25:00,07:30:00,95,41
3592,19312,2.0,TGN,GRWD,07:30:00,07:33:00,95,42
3593,19312,2.0,DEHR,AKRD,07:41:00,07:47:00,95,45
3594,19312,2.0,AKRD,CCH,07:47:00,07:51:00,95,46
3595,19312,2.0,CCH,PMP,07:51:00,07:54:00,95,47
3596,19312,2.0,PMP,KSWD,07:54:00,07:56:00,95,48
3597,19312,2.0,KSWD,DAPD,07:56:00,08:01:00,95,49
3598,19312,2.0,DAPD,KK,08:01:00,08:03:00,95,50
3599,19312,2.0,KK,SVJR,08:03:00,08:07:00,95,51
3600,19312,2.0,SVJR,PUNE,08:07:00,08:10:00,95,52
3601,19567,2.0,KOPR,DI,08:07:00,07:58:00,96,22
3602,19567,2.0,DI,THK,07:58:00,07:56:00,96,23
3603,19567,2.0,THK,KYN,07:56:00,07:47:00,96,24
3604,19567,2.0,KYN,VLDI,07:50:00,07:45:00,96,25
3605,19567,2.0,VLDI,ULNR,07:45:00,07:43:00,96,26
3606,19567,2.0,ULNR,ABH,07:43:00,07:40:00,96,27
3607,19567,2.0,ABH,BUD,07:40:00,07:30:00,96,28
3608,19567,2.0,BUD,VGI,07:30:00,07:16:00,96,29
3609,19567,2.0,VGI,SHLU,07:16:00,07:11:00,96,30
3610,19567,2.0,SHLU,NRL,07:11:00,07:05:00,96,31
3611,19567,2.0,NRL,BVS,07:05:00,06:57:00,96,32
3612,19567,2.0,BVS,KJT,06:57:00,06:48:00,96,33
3613,19567,2.0,KJT,PDI,06:48:00,06:44:00,96,34
3614,19567,2.0,PDI,KAD,06:44:00,06:17:00,96,35
3615,19567,2.0,KAD,LNL,06:17:00,06:10:00,96,36
3616,19567,2.0,LNL,MVL,06:12:00,06:03:00,96,37
3617,19567,2.0,MVL,KMST,06:03:00,05:54:00,96,38
3618,19567,2.0,KMST,KNHE,05:54:00,05:49:00,96,39
3619,19567,2.0,KNHE,VDN,05:49:00,05:44:00,96,40
3620,19567,2.0,VDN,TGN,05:44:00,05:40:00,96,41
3621,19567,2.0,TGN,GRWD,05:40:00,05:37:00,96,42
3622,19567,2.0,DEHR,AKRD,05:30:00,05:25:00,96,45
3623,19567,2.0,AKRD,CCH,05:25:00,05:22:00,96,46
3624,19567,2.0,CCH,PMP,05:22:00,05:19:00,96,47
3625,19567,2.0,PMP,KSWD,05:19:00,05:17:00,96,48
3626,19567,2.0,KSWD,DAPD,05:17:00,05:13:00,96,49
3627,19567,2.0,DAPD,KK,05:13:00,05:11:00,96,50
3628,19567,2.0,KK,SVJR,05:11:00,05:07:00,96,51
3629,19567,2.0,SVJR,PUNE,05:07:00,04:55:00,96,52
3630,19568,1.0,KOPR,DI,19:16:00,19:24:00,97,22
3631,19568,1.0,DI,THK,19:24:00,19:26:00,97,23
3632,19568,1.0,THK,KYN,19:26:00,19:40:00,97,24
3633,19568,1.0,KYN,VLDI,19:45:00,19:48:00,97,25
3634,19568,1.0,VLDI,ULNR,19:48:00,19:50:00,97,26
3635,19568,1.0,ULNR,ABH,19:50:00,19:53:00,97,27
3636,19568,1.0,ABH,BUD,19:53:00,20:03:00,97,28
3637,19568,1.0,BUD,VGI,20:03:00,20:16:00,97,29
3638,19568,1.0,VGI,SHLU,20:16:00,20:21:00,97,30
3639,19568,1.0,SHLU,NRL,20:21:00,20:27:00,97,31
3640,19568,1.0,NRL,BVS,20:27:00,20:35:00,97,32
3641,19568,1.0,BVS,KJT,20:35:00,20:44:00,97,33
3642,19568,1.0,KJT,PDI,20:44:00,20:47:00,97,34
3643,19568,1.0,PDI,KAD,20:47:00,21:13:00,97,35
3644,19568,1.0,KAD,LNL,21:13:00,21:18:00,97,36
3645,19568,1.0,LNL,MVL,21:20:00,21:27:00,97,37
3646,19568,1.0,MVL,KMST,21:27:00,21:36:00,97,38
3647,19568,1.0,KMST,KNHE,21:36:00,21:41:00,97,39
3648,19568,1.0,KNHE,VDN,21:41:00,21:46:00,97,40
3649,19568,1.0,VDN,TGN,21:46:00,21:50:00,97,41
3650,19568,1.0,TGN,GRWD,21:50:00,21:53:00,97,42
3651,19568,1.0,DEHR,AKRD,22:00:00,22:05:00,97,45
3652,19568,1.0,AKRD,CCH,22:05:00,22:08:00,97,46
3653,19568,1.0,CCH,PMP,22:08:00,22:11:00,97,47
3654,19568,1.0,PMP,KSWD,22:11:00,22:13:00,97,48
3655,19568,1.0,KSWD,DAPD,22:13:00,22:17:00,97,49
3656,19568,1.0,DAPD,KK,22:17:00,22:19:00,97,50
3657,19568,1.0,KK,SVJR,22:19:00,22:23:00,97,51
3658,19568,1.0,SVJR,PUNE,22:23:00,22:25:00,97,52
3659,51027,1.0,CSMT,MSD,22:55:00,22:56:00,98,1
3660,51027,1.0,MSD,SNRD,22:56:00,22:58:00,98,2
3661,51027,1.0,SNRD,BY,22:58:00,23:01:00,98,3
3662,51027,1.0,CRD,PR,23:03:00,23:06:00,98,6
3663,51027,1.0,PR,DR,23:06:00,23:08:00,98,7
3664,51027,1.0,DR,MTN,23:10:00,23:11:00,98,8
3665,51027,1.0,MTN,SIN,23:11:00,23:14:00,98,9
3666,51027,1.0,SIN,CLA,23:14:00,23:16:00,98,10
3667,51027,1.0,CLA,VVH,23:16:00,23:18:00,98,11
3668,51027,1.0,VVH,GC,23:18:00,23:20:00,98,12
3669,51027,1.0,GC,VK,23:20:00,23:23:00,98,13
3670,51027,1.0,BND,NHU,23:26:00,23:28:00,98,15
3671,51027,1.0,NHU,MLND,23:28:00,23:30:00,98,16
3672,51027,1.0,MLND,TNA,23:30:00,23:33:00,98,17
3673,51027,1.0,TNA,KLVA,23:35:00,23:37:00,98,18
3674,51027,1.0,KLVA,MBQ,23:37:00,23:40:00,98,19
3675,51027,1.0,MBQ,DIVA,23:40:00,23:42:00,98,20
3676,51027,1.0,DIVA,KOPR,23:42:00,23:45:00,98,21
3677,51027,1.0,KOPR,DI,23:45:00,23:46:00,98,22
3678,51027,1.0,DI,THK,23:46:00,23:47:00,98,23
3679,51027,1.0,THK,KYN,23:47:00,23:50:00,98,24
3680,51027,2.0,VLDI,ULNR,00:03:00,00:08:00,98,26
3681,51027,2.0,ULNR,ABH,00:10:00,00:16:00,98,27
3682,51027,2.0,ABH,BUD,00:18:00,00:24:00,98,28
3683,51027,2.0,BUD,VGI,00:26:00,00:35:00,98,29
3684,51027,2.0,VGI,SHLU,00:35:00,00:38:00,98,30
3685,51027,2.0,SHLU,NRL,00:38:00,00:42:00,98,31
3686,51027,2.0,NRL,BVS,00:42:00,00:48:00,98,32
3687,51027,2.0,BVS,KJT,00:48:00,00:53:00,98,33
3688,51027,2.0,KJT,PDI,00:55:00,01:00:00,98,34
3689,51027,2.0,PDI,KAD,01:00:00,01:38:00,98,35
3690,51027,2.0,KAD,LNL,01:40:00,01:53:00,98,36
3691,51027,2.0,LNL,MVL,01:55:00,02:02:00,98,37
3692,51027,2.0,MVL,KMST,02:02:00,02:11:00,98,38
3693,51027,2.0,KMST,KNHE,02:13:00,02:16:00,98,39
3694,51027,2.0,KNHE,VDN,02:16:00,02:20:00,98,40
3695,51027,2.0,VDN,TGN,02:20:00,02:23:00,98,41
3696,51027,2.0,TGN,GRWD,02:25:00,02:29:00,98,42
3697,51027,2.0,DEHR,AKRD,02:40:00,02:51:00,98,45
3698,51027,2.0,AKRD,CCH,02:51:00,02:58:00,98,46
3699,51027,2.0,CCH,PMP,03:00:00,03:03:00,98,47
3700,51027,2.0,PMP,KSWD,03:05:00,03:10:00,98,48
3701,51027,2.0,KSWD,DAPD,03:10:00,03:18:00,98,49
3702,51027,2.0,DAPD,KK,03:18:00,03:23:00,98,50
3703,51027,2.0,KK,SVJR,03:25:00,03:28:00,98,51
3704,51027,2.0,SVJR,PUNE,03:30:00,04:10:00,98,52
3705,51028,1.0,DEHR,AKRD,23:55:00,23:43:00,99,45
3706,51028,1.0,AKRD,CCH,23:45:00,23:38:00,99,46
3707,51028,1.0,CCH,PMP,23:40:00,23:30:00,99,47
3708,51028,1.0,PMP,KSWD,23:32:00,23:28:00,99,48
3709,51028,1.0,KSWD,DAPD,23:28:00,23:23:00,99,49
3710,51028,1.0,DAPD,KK,23:25:00,23:18:00,99,50
3711,51028,1.0,KK,SVJR,23:20:00,23:12:00,99,51
3712,51028,1.0,SVJR,PUNE,23:14:00,22:55:00,99,52
3713,51028,2.0,CSMT,MSD,None,04:07:00,99,1
3714,51028,2.0,MSD,SNRD,04:07:00,04:05:00,99,2
3715,51028,2.0,SNRD,BY,04:05:00,04:01:00,99,3
3716,51028,2.0,CRD,PR,03:56:00,03:52:00,99,6
3717,51028,2.0,PR,DR,03:52:00,03:48:00,99,7
3718,51028,2.0,DR,MTN,03:50:00,03:47:00,99,8
3719,51028,2.0,MTN,SIN,03:47:00,03:44:00,99,9
3720,51028,2.0,SIN,CLA,03:44:00,03:41:00,99,10
3721,51028,2.0,CLA,VVH,03:41:00,03:38:00,99,11
3722,51028,2.0,VVH,GC,03:38:00,03:36:00,99,12
3723,51028,2.0,GC,VK,03:36:00,03:32:00,99,13
3724,51028,2.0,BND,NHU,03:27:00,03:26:00,99,15
3725,51028,2.0,NHU,MLND,03:26:00,03:23:00,99,16
3726,51028,2.0,MLND,TNA,03:23:00,03:18:00,99,17
3727,51028,2.0,TNA,KLVA,03:20:00,03:16:00,99,18
3728,51028,2.0,KLVA,MBQ,03:16:00,03:12:00,99,19
3729,51028,2.0,MBQ,DIVA,03:12:00,03:10:00,99,20
3730,51028,2.0,DIVA,KOPR,03:10:00,03:06:00,99,21
3731,51028,2.0,KOPR,DI,03:06:00,03:04:00,99,22
3732,51028,2.0,DI,THK,03:04:00,03:03:00,99,23
3733,51028,2.0,THK,KYN,03:03:00,02:55:00,99,24
3734,51028,2.0,KYN,VLDI,03:00:00,02:50:00,99,25
3735,51028,2.0,VLDI,ULNR,02:50:00,02:43:00,99,26
3736,51028,2.0,ULNR,ABH,02:45:00,02:38:00,99,27
3737,51028,2.0,ABH,BUD,02:40:00,02:28:00,99,28
3738,51028,2.0,BUD,VGI,02:30:00,02:17:00,99,29
3739,51028,2.0,VGI,SHLU,02:17:00,02:13:00,99,30
3740,51028,2.0,SHLU,NRL,02:13:00,02:09:00,99,31
3741,51028,2.0,NRL,BVS,02:09:00,02:02:00,99,32
3742,51028,2.0,BVS,KJT,02:02:00,01:53:00,99,33
3743,51028,2.0,KJT,PDI,01:55:00,01:49:00,99,34
3744,51028,2.0,PDI,KAD,01:49:00,01:18:00,99,35
3745,51028,2.0,KAD,LNL,01:20:00,01:13:00,99,36
3746,51028,2.0,LNL,MVL,01:15:00,00:54:00,99,37
3747,51028,2.0,MVL,KMST,00:54:00,00:29:00,99,38
3748,51028,2.0,KMST,KNHE,00:31:00,00:27:00,99,39
3749,51028,2.0,KNHE,VDN,00:27:00,00:23:00,99,40
3750,51028,2.0,VDN,TGN,00:25:00,00:18:00,99,41
3751,51028,2.0,TGN,GRWD,00:20:00,00:10:00,99,42
3752,51029,1.0,CSMT,MSD,22:55:00,22:56:00,100,1
3753,51029,1.0,MSD,SNRD,22:56:00,22:58:00,100,2
3754,51029,1.0,SNRD,BY,22:58:00,23:01:00,100,3
3755,51029,1.0,CRD,PR,23:03:00,23:06:00,100,6
3756,51029,1.0,PR,DR,23:06:00,23:08:00,100,7
3757,51029,1.0,DR,MTN,23:10:00,23:11:00,100,8
3758,51029,1.0,MTN,SIN,23:11:00,23:14:00,100,9
3759,51029,1.0,SIN,CLA,23:14:00,23:16:00,100,10
3760,51029,1.0,CLA,VVH,23:16:00,23:18:00,100,11
3761,51029,1.0,VVH,GC,23:18:00,23:20:00,100,12
3762,51029,1.0,GC,VK,23:20:00,23:23:00,100,13
3763,51029,1.0,BND,NHU,23:26:00,23:28:00,100,15
3764,51029,1.0,NHU,MLND,23:28:00,23:30:00,100,16
3765,51029,1.0,MLND,TNA,23:30:00,23:33:00,100,17
3766,51029,1.0,TNA,KLVA,23:35:00,23:37:00,100,18
3767,51029,1.0,KLVA,MBQ,23:37:00,23:40:00,100,19
3768,51029,1.0,MBQ,DIVA,23:40:00,23:42:00,100,20
3769,51029,1.0,DIVA,KOPR,23:42:00,23:45:00,100,21
3770,51029,1.0,KOPR,DI,23:45:00,23:46:00,100,22
3771,51029,1.0,DI,THK,23:46:00,23:47:00,100,23
3772,51029,1.0,THK,KYN,23:47:00,23:50:00,100,24
3773,51029,2.0,VLDI,ULNR,00:03:00,00:08:00,100,26
3774,51029,2.0,ULNR,ABH,00:10:00,00:16:00,100,27
3775,51029,2.0,ABH,BUD,00:18:00,00:24:00,100,28
3776,51029,2.0,BUD,VGI,00:26:00,00:35:00,100,29
3777,51029,2.0,VGI,SHLU,00:35:00,00:38:00,100,30
3778,51029,2.0,SHLU,NRL,00:38:00,00:42:00,100,31
3779,51029,2.0,NRL,BVS,00:42:00,00:48:00,100,32
3780,51029,2.0,BVS,KJT,00:48:00,00:53:00,100,33
3781,51029,2.0,KJT,PDI,00:55:00,01:00:00,100,34
3782,51029,2.0,PDI,KAD,01:00:00,01:38:00,100,35
3783,51029,2.0,KAD,LNL,01:40:00,01:53:00,100,36
3784,51029,2.0,LNL,MVL,01:55:00,02:02:00,100,37
3785,51029,2.0,MVL,KMST,02:02:00,02:11:00,100,38
3786,51029,2.0,KMST,KNHE,02:13:00,02:16:00,100,39
3787,51029,2.0,KNHE,VDN,02:16:00,02:20:00,100,40
3788,51029,2.0,VDN,TGN,02:20:00,02:23:00,100,41
3789,51029,2.0,TGN,GRWD,02:25:00,02:29:00,100,42
3790,51029,2.0,DEHR,AKRD,02:40:00,02:51:00,100,45
3791,51029,2.0,AKRD,CCH,02:51:00,02:58:00,100,46
3792,51029,2.0,CCH,PMP,03:00:00,03:03:00,100,47
3793,51029,2.0,PMP,KSWD,03:05:00,03:10:00,100,48
3794,51029,2.0,KSWD,DAPD,03:10:00,03:18:00,100,49
3795,51029,2.0,DAPD,KK,03:18:00,03:23:00,100,50
3796,51029,2.0,KK,SVJR,03:25:00,03:28:00,100,51
3797,51029,2.0,SVJR,PUNE,03:30:00,04:10:00,100,52
3798,51030,1.0,DEHR,AKRD,23:55:00,23:44:00,101,45
3799,51030,1.0,AKRD,CCH,23:45:00,23:39:00,101,46
3800,51030,1.0,CCH,PMP,23:40:00,23:31:00,101,47
3801,51030,1.0,PMP,KSWD,23:32:00,23:28:00,101,48
3802,51030,1.0,KSWD,DAPD,23:28:00,23:24:00,101,49
3803,51030,1.0,DAPD,KK,23:25:00,23:19:00,101,50
3804,51030,1.0,KK,SVJR,23:20:00,23:13:00,101,51
3805,51030,1.0,SVJR,PUNE,23:14:00,22:55:00,101,52
3806,51030,2.0,CSMT,MSD,None,04:07:00,101,1
3807,51030,2.0,MSD,SNRD,04:07:00,04:05:00,101,2
3808,51030,2.0,SNRD,BY,04:05:00,04:01:00,101,3
3809,51030,2.0,CRD,PR,03:56:00,03:52:00,101,6
3810,51030,2.0,PR,DR,03:52:00,03:49:00,101,7
3811,51030,2.0,DR,MTN,03:50:00,03:48:00,101,8
3812,51030,2.0,MTN,SIN,03:48:00,03:44:00,101,9
3813,51030,2.0,SIN,CLA,03:44:00,03:41:00,101,10
3814,51030,2.0,CLA,VVH,03:41:00,03:38:00,101,11
3815,51030,2.0,VVH,GC,03:38:00,03:37:00,101,12
3816,51030,2.0,GC,VK,03:37:00,03:32:00,101,13
3817,51030,2.0,BND,NHU,03:28:00,03:26:00,101,15
3818,51030,2.0,NHU,MLND,03:26:00,03:23:00,101,16
3819,51030,2.0,MLND,TNA,03:23:00,03:19:00,101,17
3820,51030,2.0,TNA,KLVA,03:20:00,03:17:00,101,18
3821,51030,2.0,KLVA,MBQ,03:17:00,03:13:00,101,19
3822,51030,2.0,MBQ,DIVA,03:13:00,03:10:00,101,20
3823,51030,2.0,DIVA,KOPR,03:10:00,03:06:00,101,21
3824,51030,2.0,KOPR,DI,03:06:00,03:05:00,101,22
3825,51030,2.0,DI,THK,03:05:00,03:03:00,101,23
3826,51030,2.0,THK,KYN,03:03:00,02:55:00,101,24
3827,51030,2.0,KYN,VLDI,03:00:00,02:50:00,101,25
3828,51030,2.0,VLDI,ULNR,02:50:00,02:44:00,101,26
3829,51030,2.0,ULNR,ABH,02:45:00,02:39:00,101,27
3830,51030,2.0,ABH,BUD,02:40:00,02:29:00,101,28
3831,51030,2.0,BUD,VGI,02:30:00,02:18:00,101,29
3832,51030,2.0,VGI,SHLU,02:18:00,02:14:00,101,30
3833,51030,2.0,SHLU,NRL,02:14:00,02:09:00,101,31
3834,51030,2.0,NRL,BVS,02:09:00,02:02:00,101,32
3835,51030,2.0,BVS,KJT,02:02:00,01:54:00,101,33
3836,51030,2.0,KJT,PDI,01:55:00,01:48:00,101,34
3837,51030,2.0,PDI,KAD,01:48:00,01:19:00,101,35
3838,51030,2.0,KAD,LNL,01:20:00,01:14:00,101,36
3839,51030,2.0,LNL,MVL,01:15:00,00:56:00,101,37
3840,51030,2.0,MVL,KMST,00:56:00,00:30:00,101,38
3841,51030,2.0,KMST,KNHE,00:31:00,00:28:00,101,39
3842,51030,2.0,KNHE,VDN,00:28:00,00:24:00,101,40
3843,51030,2.0,VDN,TGN,00:25:00,00:19:00,101,41
3844,51030,2.0,TGN,GRWD,00:20:00,00:11:00,101,42
3845,51033,1.0,CSMT,MSD,22:55:00,22:56:00,102,1
3846,51033,1.0,MSD,SNRD,22:56:00,22:58:00,102,2
3847,51033,1.0,SNRD,BY,22:58:00,23:01:00,102,3
3848,51033,1.0,CRD,PR,23:03:00,23:06:00,102,6
3849,51033,1.0,PR,DR,23:06:00,23:08:00,102,7
3850,51033,1.0,DR,MTN,23:10:00,23:11:00,102,8
3851,51033,1.0,MTN,SIN,23:11:00,23:14:00,102,9
3852,51033,1.0,SIN,CLA,23:14:00,23:16:00,102,10
3853,51033,1.0,CLA,VVH,23:16:00,23:18:00,102,11
3854,51033,1.0,VVH,GC,23:18:00,23:20:00,102,12
3855,51033,1.0,GC,VK,23:20:00,23:23:00,102,13
3856,51033,1.0,BND,NHU,23:26:00,23:28:00,102,15
3857,51033,1.0,NHU,MLND,23:28:00,23:30:00,102,16
3858,51033,1.0,MLND,TNA,23:30:00,23:33:00,102,17
3859,51033,1.0,TNA,KLVA,23:35:00,23:37:00,102,18
3860,51033,1.0,KLVA,MBQ,23:37:00,23:40:00,102,19
3861,51033,1.0,MBQ,DIVA,23:40:00,23:42:00,102,20
3862,51033,1.0,DIVA,KOPR,23:42:00,23:45:00,102,21
3863,51033,1.0,KOPR,DI,23:45:00,23:46:00,102,22
3864,51033,1.0,DI,THK,23:46:00,23:47:00,102,23
3865,51033,1.0,THK,KYN,23:47:00,23:50:00,102,24
3866,51033,2.0,VLDI,ULNR,00:03:00,00:08:00,102,26
3867,51033,2.0,ULNR,ABH,00:10:00,00:16:00,102,27
3868,51033,2.0,ABH,BUD,00:18:00,00:24:00,102,28
3869,51033,2.0,BUD,VGI,00:26:00,00:35:00,102,29
3870,51033,2.0,VGI,SHLU,00:35:00,00:38:00,102,30
3871,51033,2.0,SHLU,NRL,00:38:00,00:42:00,102,31
3872,51033,2.0,NRL,BVS,00:42:00,00:48:00,102,32
3873,51033,2.0,BVS,KJT,00:48:00,00:53:00,102,33
3874,51033,2.0,KJT,PDI,00:55:00,01:00:00,102,34
3875,51033,2.0,PDI,KAD,01:00:00,01:38:00,102,35
3876,51033,2.0,KAD,LNL,01:40:00,01:53:00,102,36
3877,51033,2.0,LNL,MVL,01:55:00,02:02:00,102,37
3878,51033,2.0,MVL,KMST,02:02:00,02:11:00,102,38
3879,51033,2.0,KMST,KNHE,02:13:00,02:16:00,102,39
3880,51033,2.0,KNHE,VDN,02:16:00,02:20:00,102,40
3881,51033,2.0,VDN,TGN,02:20:00,02:23:00,102,41
3882,51033,2.0,TGN,GRWD,02:25:00,02:29:00,102,42
3883,51033,2.0,DEHR,AKRD,02:40:00,02:51:00,102,45
3884,51033,2.0,AKRD,CCH,02:51:00,02:58:00,102,46
3885,51033,2.0,CCH,PMP,03:00:00,03:03:00,102,47
3886,51033,2.0,PMP,KSWD,03:05:00,03:10:00,102,48
3887,51033,2.0,KSWD,DAPD,03:10:00,03:18:00,102,49
3888,51033,2.0,DAPD,KK,03:18:00,03:23:00,102,50
3889,51033,2.0,KK,SVJR,03:25:00,03:28:00,102,51
3890,51033,2.0,SVJR,PUNE,03:30:00,04:10:00,102,52
3891,51034,1.0,DEHR,AKRD,23:55:00,23:43:00,103,45
3892,51034,1.0,AKRD,CCH,23:45:00,23:38:00,103,46
3893,51034,1.0,CCH,PMP,23:40:00,23:30:00,103,47
3894,51034,1.0,PMP,KSWD,23:32:00,23:28:00,103,48
3895,51034,1.0,KSWD,DAPD,23:28:00,23:23:00,103,49
3896,51034,1.0,DAPD,KK,23:25:00,23:18:00,103,50
3897,51034,1.0,KK,SVJR,23:20:00,23:12:00,103,51
3898,51034,1.0,SVJR,PUNE,23:14:00,22:55:00,103,52
3899,51034,2.0,CSMT,MSD,None,04:07:00,103,1
3900,51034,2.0,MSD,SNRD,04:07:00,04:05:00,103,2
3901,51034,2.0,SNRD,BY,04:05:00,04:01:00,103,3
3902,51034,2.0,CRD,PR,03:56:00,03:52:00,103,6
3903,51034,2.0,PR,DR,03:52:00,03:48:00,103,7
3904,51034,2.0,DR,MTN,03:50:00,03:47:00,103,8
3905,51034,2.0,MTN,SIN,03:47:00,03:44:00,103,9
3906,51034,2.0,SIN,CLA,03:44:00,03:41:00,103,10
3907,51034,2.0,CLA,VVH,03:41:00,03:38:00,103,11
3908,51034,2.0,VVH,GC,03:38:00,03:36:00,103,12
3909,51034,2.0,GC,VK,03:36:00,03:32:00,103,13
3910,51034,2.0,BND,NHU,03:27:00,03:26:00,103,15
3911,51034,2.0,NHU,MLND,03:26:00,03:23:00,103,16
3912,51034,2.0,MLND,TNA,03:23:00,03:18:00,103,17
3913,51034,2.0,TNA,KLVA,03:20:00,03:16:00,103,18
3914,51034,2.0,KLVA,MBQ,03:16:00,03:12:00,103,19
3915,51034,2.0,MBQ,DIVA,03:12:00,03:10:00,103,20
3916,51034,2.0,DIVA,KOPR,03:10:00,03:06:00,103,21
3917,51034,2.0,KOPR,DI,03:06:00,03:04:00,103,22
3918,51034,2.0,DI,THK,03:04:00,03:03:00,103,23
3919,51034,2.0,THK,KYN,03:03:00,02:55:00,103,24
3920,51034,2.0,KYN,VLDI,03:00:00,02:50:00,103,25
3921,51034,2.0,VLDI,ULNR,02:50:00,02:43:00,103,26
3922,51034,2.0,ULNR,ABH,02:45:00,02:38:00,103,27
3923,51034,2.0,ABH,BUD,02:40:00,02:28:00,103,28
3924,51034,2.0,BUD,VGI,02:30:00,02:17:00,103,29
3925,51034,2.0,VGI,SHLU,02:17:00,02:13:00,103,30
3926,51034,2.0,SHLU,NRL,02:13:00,02:09:00,103,31
3927,51034,2.0,NRL,BVS,02:09:00,02:02:00,103,32
3928,51034,2.0,BVS,KJT,02:02:00,01:53:00,103,33
3929,51034,2.0,KJT,PDI,01:55:00,01:49:00,103,34
3930,51034,2.0,PDI,KAD,01:49:00,01:18:00,103,35
3931,51034,2.0,KAD,LNL,01:20:00,01:13:00,103,36
3932,51034,2.0,LNL,MVL,01:15:00,00:54:00,103,37
3933,51034,2.0,MVL,KMST,00:54:00,00:29:00,103,38
3934,51034,2.0,KMST,KNHE,00:31:00,00:27:00,103,39
3935,51034,2.0,KNHE,VDN,00:27:00,00:23:00,103,40
3936,51034,2.0,VDN,TGN,00:25:00,00:18:00,103,41
3937,51034,2.0,TGN,GRWD,00:20:00,00:10:00,103,42
