train_number,station_code,sequence_number,arrival_time,departure_time,day
06501,KOPR,1.0,08:04:00,08:04:00,2.0
06501,DI,2.0,07:57:00,07:57:00,2.0
06501,THK,3.0,07:55:00,07:55:00,2.0
06501,KYN,4.0,07:47:00,07:50:00,2.0
06501,VLDI,5.0,07:45:00,07:45:00,2.0
06501,ULNR,6.0,07:43:00,07:43:00,2.0
06501,ABH,7.0,07:40:00,07:40:00,2.0
06501,BUD,8.0,07:30:00,07:30:00,2.0
06501,VGI,9.0,07:16:00,07:16:00,2.0
06501,SHLU,10.0,07:11:00,07:11:00,2.0
06501,NRL,11.0,07:05:00,07:05:00,2.0
06501,BVS,12.0,06:57:00,06:57:00,2.0
06501,KJT,13.0,06:48:00,06:48:00,2.0
06501,PDI,14.0,06:44:00,06:44:00,2.0
06501,KAD,15.0,06:17:00,06:17:00,2.0
06501,LNL,16.0,06:09:00,06:12:00,2.0
06501,MVL,17.0,06:03:00,06:03:00,2.0
06501,KMST,18.0,05:56:00,05:56:00,2.0
06501,KNHE,19.0,05:52:00,05:52:00,2.0
06501,VDN,20.0,05:47:00,05:47:00,2.0
06501,TGN,21.0,05:44:00,05:44:00,2.0
06501,GRWD,22.0,05:41:00,05:41:00,2.0
06501,DEHR,23.0,05:36:00,05:36:00,2.0
06501,AKRD,24.0,05:32:00,05:32:00,2.0
06501,CCH,25.0,05:29:00,05:29:00,2.0
06501,PMP,26.0,05:27:00,05:27:00,2.0
06501,KSWD,27.0,05:25:00,05:25:00,2.0
06501,DAPD,28.0,05:22:00,05:22:00,2.0
06501,KK,29.0,05:20:00,05:20:00,2.0
06501,SVJR,30.0,05:17:00,05:17:00,2.0
06501,PUNE,31.0,04:55:00,05:15:00,2.0
06502,KOPR,1.0,04:31:00,04:31:00,2.0
06502,DI,2.0,04:35:00,04:35:00,2.0
06502,THK,3.0,04:36:00,04:36:00,2.0
06502,KYN,4.0,04:45:00,04:50:00,2.0
06502,VLDI,5.0,04:52:00,04:52:00,2.0
06502,ULNR,6.0,04:54:00,04:54:00,2.0
06502,ABH,7.0,04:57:00,04:57:00,2.0
06502,BUD,8.0,05:05:00,05:05:00,2.0
06502,VGI,9.0,05:16:00,05:16:00,2.0
06502,SHLU,10.0,05:20:00,05:20:00,2.0
06502,NRL,11.0,05:24:00,05:24:00,2.0
06502,BVS,12.0,05:31:00,05:31:00,2.0
06502,KJT,13.0,05:39:00,05:39:00,2.0
06502,PDI,14.0,05:42:00,05:42:00,2.0
06502,KAD,15.0,06:03:00,06:03:00,2.0
06502,LNL,16.0,06:07:00,06:10:00,2.0
06502,MVL,17.0,06:18:00,06:18:00,2.0
06502,KMST,18.0,06:28:00,06:28:00,2.0
06502,KNHE,19.0,06:33:00,06:33:00,2.0
06502,VDN,20.0,06:38:00,06:38:00,2.0
06502,TGN,21.0,06:43:00,06:43:00,2.0
06502,GRWD,22.0,06:46:00,06:46:00,2.0
06502,DEHR,23.0,06:53:00,06:53:00,2.0
06502,AKRD,24.0,06:59:00,06:59:00,2.0
06502,CCH,25.0,07:02:00,07:02:00,2.0
06502,PMP,26.0,07:05:00,07:05:00,2.0
06502,KSWD,27.0,07:07:00,07:07:00,2.0
06502,DAPD,28.0,07:11:00,07:11:00,2.0
06502,KK,29.0,07:14:00,07:14:00,2.0
06502,SVJR,30.0,07:18:00,07:18:00,2.0
06502,PUNE,31.0,07:20:00,07:30:00,2.0
09221,KOPR,1.0,19:16:00,19:16:00,2.0
09221,DI,2.0,19:23:00,19:23:00,2.0
09221,THK,3.0,19:25:00,19:25:00,2.0
09221,KYN,4.0,19:40:00,19:50:00,2.0
09221,VLDI,5.0,19:53:00,19:53:00,2.0
09221,ULNR,6.0,19:55:00,19:55:00,2.0
09221,ABH,7.0,19:58:00,19:58:00,2.0
09221,BUD,8.0,20:07:00,20:07:00,2.0
09221,VGI,9.0,20:20:00,20:20:00,2.0
09221,SHLU,10.0,20:25:00,20:25:00,2.0
09221,NRL,11.0,20:30:00,20:30:00,2.0
09221,BVS,12.0,20:37:00,20:37:00,2.0
09221,KJT,13.0,20:46:00,20:46:00,2.0
09221,PDI,14.0,20:49:00,20:49:00,2.0
09221,KAD,15.0,21:14:00,21:14:00,2.0
09221,LNL,16.0,21:18:00,21:20:00,2.0
09221,MVL,17.0,21:27:00,21:27:00,2.0
09221,KMST,18.0,21:36:00,21:36:00,2.0
09221,KNHE,19.0,21:41:00,21:41:00,2.0
09221,VDN,20.0,21:46:00,21:46:00,2.0
09221,TGN,21.0,21:50:00,21:50:00,2.0
09221,GRWD,22.0,21:53:00,21:53:00,2.0
09221,DEHR,23.0,22:00:00,22:00:00,2.0
09221,AKRD,24.0,22:05:00,22:05:00,2.0
09221,CCH,25.0,22:08:00,22:08:00,2.0
09221,PMP,26.0,22:10:00,22:10:00,2.0
09221,KSWD,27.0,22:13:00,22:13:00,2.0
09221,DAPD,28.0,22:16:00,22:16:00,2.0
09221,KK,29.0,22:18:00,22:18:00,2.0
09221,SVJR,30.0,22:22:00,22:22:00,2.0
09221,PUNE,31.0,22:25:00,22:30:00,2.0
09222,KOPR,1.0,05:08:00,05:08:00,2.0
09222,DI,2.0,04:59:00,04:59:00,2.0
09222,THK,3.0,04:56:00,04:56:00,2.0
09222,KYN,4.0,04:45:00,04:50:00,2.0
09222,VLDI,5.0,04:43:00,04:43:00,2.0
09222,ULNR,6.0,04:40:00,04:40:00,2.0
09222,ABH,7.0,04:37:00,04:37:00,2.0
09222,BUD,8.0,04:28:00,04:28:00,2.0
09222,VGI,9.0,04:15:00,04:15:00,2.0
09222,SHLU,10.0,04:10:00,04:10:00,2.0
09222,NRL,11.0,04:05:00,04:05:00,2.0
09222,BVS,12.0,03:57:00,03:57:00,2.0
09222,KJT,13.0,03:48:00,03:48:00,2.0
09222,PDI,14.0,03:45:00,03:45:00,2.0
09222,KAD,15.0,03:20:00,03:20:00,2.0
09222,LNL,16.0,03:13:00,03:15:00,2.0
09222,MVL,17.0,03:05:00,03:05:00,2.0
09222,KMST,18.0,02:56:00,02:56:00,2.0
09222,KNHE,19.0,02:51:00,02:51:00,2.0
09222,VDN,20.0,02:45:00,02:45:00,2.0
09222,TGN,21.0,02:41:00,02:41:00,2.0
09222,GRWD,22.0,02:38:00,02:38:00,2.0
09222,DEHR,23.0,02:31:00,02:31:00,2.0
09222,AKRD,24.0,02:26:00,02:26:00,2.0
09222,CCH,25.0,02:22:00,02:22:00,2.0
09222,PMP,26.0,02:20:00,02:20:00,2.0
09222,KSWD,27.0,02:18:00,02:18:00,2.0
09222,DAPD,28.0,02:14:00,02:14:00,2.0
09222,KK,29.0,02:11:00,02:11:00,2.0
09222,SVJR,30.0,02:08:00,02:08:00,2.0
09222,PUNE,31.0,02:00:00,02:05:00,2.0
09405,KOPR,1.0,04:31:00,04:31:00,2.0
09405,DI,2.0,04:38:00,04:38:00,2.0
09405,THK,3.0,04:40:00,04:40:00,2.0
09405,KYN,4.0,04:45:00,04:50:00,2.0
09405,VLDI,5.0,04:53:00,04:53:00,2.0
09405,ULNR,6.0,04:55:00,04:55:00,2.0
09405,ABH,7.0,04:57:00,04:57:00,2.0
09405,BUD,8.0,05:06:00,05:06:00,2.0
09405,VGI,9.0,05:17:00,05:17:00,2.0
09405,SHLU,10.0,05:22:00,05:22:00,2.0
09405,NRL,11.0,05:26:00,05:26:00,2.0
09405,BVS,12.0,05:33:00,05:33:00,2.0
09405,KJT,13.0,05:41:00,05:41:00,2.0
09405,PDI,14.0,05:44:00,05:44:00,2.0
09405,KAD,15.0,06:07:00,06:07:00,2.0
09405,LNL,16.0,06:11:00,06:11:00,2.0
09405,MVL,17.0,06:19:00,06:19:00,2.0
09405,KMST,18.0,06:28:00,06:28:00,2.0
09405,KNHE,19.0,06:33:00,06:33:00,2.0
09405,VDN,20.0,06:39:00,06:39:00,2.0
09405,TGN,21.0,06:43:00,06:43:00,2.0
09405,GRWD,22.0,06:46:00,06:46:00,2.0
09405,DEHR,23.0,06:53:00,06:53:00,2.0
09405,AKRD,24.0,06:59:00,06:59:00,2.0
09405,CCH,25.0,07:02:00,07:02:00,2.0
09405,PMP,26.0,07:05:00,07:05:00,2.0
09405,KSWD,27.0,07:07:00,07:07:00,2.0
09405,DAPD,28.0,07:11:00,07:11:00,2.0
09405,KK,29.0,07:13:00,07:13:00,2.0
09405,SVJR,30.0,07:17:00,07:17:00,2.0
09405,PUNE,31.0,07:20:00,07:40:00,2.0
09406,KOPR,1.0,06:54:00,06:54:00,2.0
09406,DI,2.0,06:52:00,06:52:00,2.0
09406,THK,3.0,06:51:00,06:51:00,2.0
09406,KYN,4.0,06:48:00,06:50:00,2.0
09406,VLDI,5.0,06:44:00,06:44:00,2.0
09406,ULNR,6.0,06:42:00,06:42:00,2.0
09406,ABH,7.0,06:39:00,06:39:00,2.0
09406,BUD,8.0,06:29:00,06:29:00,2.0
09406,VGI,9.0,06:16:00,06:16:00,2.0
09406,SHLU,10.0,06:12:00,06:12:00,2.0
09406,NRL,11.0,06:07:00,06:07:00,2.0
09406,BVS,12.0,05:58:00,05:58:00,2.0
09406,KJT,13.0,05:50:00,05:50:00,2.0
09406,PDI,14.0,05:47:00,05:47:00,2.0
09406,KAD,15.0,05:21:00,05:21:00,2.0
09406,LNL,16.0,05:17:00,05:17:00,2.0
09406,MVL,17.0,05:08:00,05:08:00,2.0
09406,KMST,18.0,04:58:00,04:58:00,2.0
09406,KNHE,19.0,04:52:00,04:52:00,2.0
09406,VDN,20.0,04:46:00,04:46:00,2.0
09406,TGN,21.0,04:41:00,04:41:00,2.0
09406,GRWD,22.0,04:38:00,04:38:00,2.0
09406,DEHR,23.0,04:30:00,04:30:00,2.0
09406,AKRD,24.0,04:24:00,04:24:00,2.0
09406,CCH,25.0,04:20:00,04:20:00,2.0
09406,PMP,26.0,04:17:00,04:17:00,2.0
09406,KSWD,27.0,04:14:00,04:14:00,2.0
09406,DAPD,28.0,04:10:00,04:10:00,2.0
09406,KK,29.0,04:07:00,04:07:00,2.0
09406,SVJR,30.0,04:03:00,04:03:00,2.0
09406,PUNE,31.0,03:40:00,04:00:00,2.0
11007,CSMT,1.0,None,07:10:00,1.0
11007,MSD,2.0,07:11:00,07:11:00,1.0
11007,SNRD,3.0,07:13:00,07:13:00,1.0
11007,BY,4.0,07:16:00,07:16:00,1.0
11007,CRD,5.0,07:18:00,07:18:00,1.0
11007,PR,6.0,07:21:00,07:21:00,1.0
11007,DR,7.0,07:23:00,07:25:00,1.0
11007,MTN,8.0,07:26:00,07:26:00,1.0
11007,SIN,9.0,07:29:00,07:29:00,1.0
11007,CLA,10.0,07:31:00,07:31:00,1.0
11007,VVH,11.0,07:33:00,07:33:00,1.0
11007,GC,12.0,07:35:00,07:35:00,1.0
11007,VK,13.0,07:38:00,07:38:00,1.0
11007,BND,14.0,07:42:00,07:42:00,1.0
11007,NHU,15.0,07:43:00,07:43:00,1.0
11007,MLND,16.0,07:45:00,07:45:00,1.0
11007,TNA,17.0,07:48:00,07:50:00,1.0
11007,KLVA,18.0,07:52:00,07:52:00,1.0
11007,MBQ,19.0,07:56:00,07:56:00,1.0
11007,DIVA,20.0,07:59:00,07:59:00,1.0
11007,KOPR,21.0,08:03:00,08:03:00,1.0
11007,DI,22.0,08:04:00,08:04:00,1.0
11007,THK,23.0,08:05:00,08:05:00,1.0
11007,KYN,24.0,08:08:00,08:10:00,1.0
11007,VLDI,25.0,08:12:00,08:12:00,1.0
11007,ULNR,26.0,08:14:00,08:14:00,1.0
11007,ABH,27.0,08:16:00,08:16:00,1.0
11007,BUD,28.0,08:22:00,08:22:00,1.0
11007,VGI,29.0,08:32:00,08:32:00,1.0
11007,SHLU,30.0,08:35:00,08:35:00,1.0
11007,NRL,31.0,08:38:00,08:40:00,1.0
11007,BVS,32.0,08:49:00,08:49:00,1.0
11007,KJT,33.0,08:58:00,09:00:00,1.0
11007,PDI,34.0,09:05:00,09:05:00,1.0
11007,KAD,35.0,09:40:00,09:42:00,1.0
11007,LNL,36.0,09:48:00,09:50:00,1.0
11007,MVL,37.0,09:56:00,09:56:00,1.0
11007,KMST,38.0,10:02:00,10:02:00,1.0
11007,KNHE,39.0,10:06:00,10:06:00,1.0
11007,VDN,40.0,10:10:00,10:10:00,1.0
11007,TGN,41.0,10:13:00,10:15:00,1.0
11007,GRWD,42.0,10:18:00,10:18:00,1.0
11007,DEHR,43.0,10:24:00,10:24:00,1.0
11007,AKRD,44.0,10:29:00,10:29:00,1.0
11007,CCH,45.0,10:32:00,10:32:00,1.0
11007,PMP,46.0,10:34:00,10:34:00,1.0
11007,KSWD,47.0,10:36:00,10:36:00,1.0
11007,DAPD,48.0,10:39:00,10:39:00,1.0
11007,KK,49.0,10:41:00,10:43:00,1.0
11007,SVJR,50.0,10:48:00,10:50:00,1.0
11007,PUNE,51.0,11:10:00,None,1.0
11008,CSMT,1.0,19:40:00,None,1.0
11008,MSD,2.0,19:37:00,19:37:00,1.0
11008,SNRD,3.0,19:33:00,19:33:00,1.0
11008,BY,4.0,19:28:00,19:28:00,1.0
11008,CRD,5.0,19:23:00,19:23:00,1.0
11008,PR,6.0,19:18:00,19:18:00,1.0
11008,DR,7.0,19:13:00,19:15:00,1.0
11008,MTN,8.0,19:12:00,19:12:00,1.0
11008,SIN,9.0,19:09:00,19:09:00,1.0
11008,CLA,10.0,19:06:00,19:06:00,1.0
11008,VVH,11.0,19:03:00,19:03:00,1.0
11008,GC,12.0,19:01:00,19:01:00,1.0
11008,VK,13.0,18:57:00,18:57:00,1.0
11008,BND,14.0,18:52:00,18:52:00,1.0
11008,NHU,15.0,18:51:00,18:51:00,1.0
11008,MLND,16.0,18:48:00,18:48:00,1.0
11008,TNA,17.0,18:43:00,18:45:00,1.0
11008,KLVA,18.0,18:41:00,18:41:00,1.0
11008,MBQ,19.0,18:37:00,18:37:00,1.0
11008,DIVA,20.0,18:35:00,18:35:00,1.0
11008,KOPR,21.0,18:31:00,18:31:00,1.0
11008,DI,22.0,18:29:00,18:29:00,1.0
11008,THK,23.0,18:28:00,18:28:00,1.0
11008,KYN,24.0,18:20:00,18:25:00,1.0
11008,VLDI,25.0,18:17:00,18:17:00,1.0
11008,ULNR,26.0,18:15:00,18:15:00,1.0
11008,ABH,27.0,18:13:00,18:13:00,1.0
11008,BUD,28.0,18:05:00,18:05:00,1.0
11008,VGI,29.0,17:53:00,17:53:00,1.0
11008,SHLU,30.0,17:49:00,17:49:00,1.0
11008,NRL,31.0,17:44:00,17:44:00,1.0
11008,BVS,32.0,17:37:00,17:37:00,1.0
11008,KJT,33.0,17:28:00,17:30:00,1.0
11008,PDI,34.0,17:22:00,17:22:00,1.0
11008,KAD,35.0,16:43:00,16:45:00,1.0
11008,LNL,36.0,16:33:00,16:35:00,1.0
11008,MVL,37.0,16:27:00,16:27:00,1.0
11008,KMST,38.0,16:20:00,16:20:00,1.0
11008,KNHE,39.0,16:16:00,16:16:00,1.0
11008,VDN,40.0,16:11:00,16:11:00,1.0
11008,TGN,41.0,16:06:00,16:08:00,1.0
11008,GRWD,42.0,16:04:00,16:04:00,1.0
11008,DEHR,43.0,15:59:00,15:59:00,1.0
11008,AKRD,44.0,15:55:00,15:55:00,1.0
11008,CCH,45.0,15:53:00,15:53:00,1.0
11008,PMP,46.0,15:51:00,15:51:00,1.0
11008,KSWD,47.0,15:49:00,15:49:00,1.0
11008,DAPD,48.0,15:47:00,15:47:00,1.0
11008,KK,49.0,15:42:00,15:45:00,1.0
11008,SVJR,50.0,15:35:00,15:38:00,1.0
11008,PUNE,51.0,None,15:30:00,1.0
11009,CSMT,1.0,None,14:30:00,1.0
11009,MSD,2.0,14:31:00,14:31:00,1.0
11009,SNRD,3.0,14:33:00,14:33:00,1.0
11009,BY,4.0,14:36:00,14:36:00,1.0
11009,CRD,5.0,14:38:00,14:38:00,1.0
11009,PR,6.0,14:41:00,14:41:00,1.0
11009,DR,7.0,14:43:00,14:45:00,1.0
11009,MTN,8.0,14:46:00,14:46:00,1.0
11009,SIN,9.0,14:49:00,14:49:00,1.0
11009,CLA,10.0,14:51:00,14:51:00,1.0
11009,VVH,11.0,14:53:00,14:53:00,1.0
11009,GC,12.0,14:55:00,14:55:00,1.0
11009,VK,13.0,14:58:00,14:58:00,1.0
11009,BND,14.0,15:02:00,15:02:00,1.0
11009,NHU,15.0,15:03:00,15:03:00,1.0
11009,MLND,16.0,15:05:00,15:05:00,1.0
11009,TNA,17.0,15:08:00,15:10:00,1.0
11009,KLVA,18.0,15:12:00,15:12:00,1.0
11009,MBQ,19.0,15:16:00,15:16:00,1.0
11009,DIVA,20.0,15:19:00,15:19:00,1.0
11009,KOPR,21.0,15:23:00,15:23:00,1.0
11009,DI,22.0,15:24:00,15:24:00,1.0
11009,THK,23.0,15:25:00,15:25:00,1.0
11009,KYN,24.0,15:28:00,15:30:00,1.0
11009,VLDI,25.0,15:32:00,15:32:00,1.0
11009,ULNR,26.0,15:34:00,15:34:00,1.0
11009,ABH,27.0,15:36:00,15:36:00,1.0
11009,BUD,28.0,15:42:00,15:42:00,1.0
11009,VGI,29.0,15:51:00,15:51:00,1.0
11009,SHLU,30.0,15:54:00,15:54:00,1.0
11009,NRL,31.0,15:58:00,15:58:00,1.0
11009,BVS,32.0,16:03:00,16:03:00,1.0
11009,KJT,33.0,16:08:00,16:10:00,1.0
11009,PDI,34.0,16:15:00,16:15:00,1.0
11009,KAD,35.0,16:53:00,16:55:00,1.0
11009,LNL,36.0,17:08:00,17:10:00,1.0
11009,MVL,37.0,17:15:00,17:15:00,1.0
11009,KMST,38.0,17:22:00,17:22:00,1.0
11009,KNHE,39.0,17:25:00,17:25:00,1.0
11009,VDN,40.0,17:29:00,17:29:00,1.0
11009,TGN,41.0,17:32:00,17:32:00,1.0
11009,GRWD,42.0,17:34:00,17:34:00,1.0
11009,DEHR,43.0,17:39:00,17:39:00,1.0
11009,AKRD,44.0,17:42:00,17:42:00,1.0
11009,CCH,45.0,17:45:00,17:47:00,1.0
11009,PMP,46.0,17:50:00,17:52:00,1.0
11009,KSWD,47.0,17:55:00,17:55:00,1.0
11009,DAPD,48.0,18:00:00,18:00:00,1.0
11009,KK,49.0,18:03:00,18:05:00,1.0
11009,SVJR,50.0,18:13:00,18:15:00,1.0
11009,PUNE,51.0,18:40:00,None,1.0
11010,CSMT,1.0,09:55:00,None,1.0
11010,MSD,2.0,09:52:00,09:52:00,1.0
11010,SNRD,3.0,09:50:00,09:50:00,1.0
11010,BY,4.0,09:46:00,09:46:00,1.0
11010,CRD,5.0,09:41:00,09:41:00,1.0
11010,PR,6.0,09:37:00,09:37:00,1.0
11010,DR,7.0,09:33:00,09:35:00,1.0
11010,MTN,8.0,09:32:00,09:32:00,1.0
11010,SIN,9.0,09:30:00,09:30:00,1.0
11010,CLA,10.0,09:27:00,09:27:00,1.0
11010,VVH,11.0,09:24:00,09:24:00,1.0
11010,GC,12.0,09:23:00,09:23:00,1.0
11010,VK,13.0,09:19:00,09:19:00,1.0
11010,BND,14.0,09:15:00,09:15:00,1.0
11010,NHU,15.0,09:13:00,09:13:00,1.0
11010,MLND,16.0,09:11:00,09:11:00,1.0
11010,TNA,17.0,09:08:00,09:08:00,1.0
11010,KLVA,18.0,09:06:00,09:06:00,1.0
11010,MBQ,19.0,09:01:00,09:01:00,1.0
11010,DIVA,20.0,08:58:00,08:58:00,1.0
11010,KOPR,21.0,08:54:00,08:54:00,1.0
11010,DI,22.0,08:52:00,08:52:00,1.0
11010,THK,23.0,08:51:00,08:51:00,1.0
11010,KYN,24.0,08:42:00,08:47:00,1.0
11010,VLDI,25.0,08:40:00,08:40:00,1.0
11010,ULNR,26.0,08:38:00,08:38:00,1.0
11010,ABH,27.0,08:36:00,08:36:00,1.0
11010,BUD,28.0,08:29:00,08:29:00,1.0
11010,VGI,29.0,08:20:00,08:20:00,1.0
11010,SHLU,30.0,08:16:00,08:16:00,1.0
11010,NRL,31.0,08:12:00,08:12:00,1.0
11010,BVS,32.0,08:06:00,08:06:00,1.0
11010,KJT,33.0,07:58:00,08:00:00,1.0
11010,PDI,34.0,07:54:00,07:54:00,1.0
11010,KAD,35.0,07:23:00,07:25:00,1.0
11010,LNL,36.0,07:13:00,07:15:00,1.0
11010,MVL,37.0,07:08:00,07:08:00,1.0
11010,KMST,38.0,07:01:00,07:01:00,1.0
11010,KNHE,39.0,06:57:00,06:57:00,1.0
11010,VDN,40.0,06:53:00,06:53:00,1.0
11010,TGN,41.0,06:50:00,06:50:00,1.0
11010,GRWD,42.0,06:47:00,06:47:00,1.0
11010,DEHR,43.0,06:42:00,06:42:00,1.0
11010,AKRD,44.0,06:38:00,06:38:00,1.0
11010,CCH,45.0,06:33:00,06:35:00,1.0
11010,PMP,46.0,06:28:00,06:31:00,1.0
11010,KSWD,47.0,06:26:00,06:26:00,1.0
11010,DAPD,48.0,06:22:00,06:22:00,1.0
11010,KK,49.0,06:18:00,06:20:00,1.0
11010,SVJR,50.0,06:10:00,06:13:00,1.0
11010,PUNE,51.0,None,06:05:00,1.0
11011,CSMT,1.0,None,20:23:00,1.0
11011,MSD,2.0,20:24:00,20:24:00,1.0
11011,SNRD,3.0,20:25:00,20:25:00,1.0
11011,BY,4.0,20:27:00,20:27:00,1.0
11011,CRD,5.0,20:30:00,20:30:00,1.0
11011,PR,6.0,20:32:00,20:32:00,1.0
11011,DR,7.0,20:33:00,20:35:00,1.0
11011,MTN,8.0,20:36:00,20:36:00,1.0
11011,SIN,9.0,20:39:00,20:39:00,1.0
11011,CLA,10.0,20:41:00,20:41:00,1.0
11011,VVH,11.0,20:43:00,20:43:00,1.0
11011,GC,12.0,20:45:00,20:45:00,1.0
11011,VK,13.0,20:48:00,20:48:00,1.0
11011,BND,14.0,20:52:00,20:52:00,1.0
11011,NHU,15.0,20:53:00,20:53:00,1.0
11011,MLND,16.0,20:55:00,20:55:00,1.0
11011,TNA,17.0,20:58:00,21:00:00,1.0
11011,KLVA,18.0,21:03:00,21:03:00,1.0
11011,MBQ,19.0,21:08:00,21:08:00,1.0
11011,DIVA,20.0,21:11:00,21:11:00,1.0
11011,KOPR,21.0,21:16:00,21:16:00,1.0
11011,DI,22.0,21:18:00,21:18:00,1.0
11011,THK,23.0,21:19:00,21:19:00,1.0
11011,KYN,24.0,21:23:00,21:25:00,1.0
11011,VLDI,25.0,21:28:00,21:28:00,1.0
11011,ULNR,26.0,21:29:00,21:29:00,1.0
11011,ABH,27.0,21:32:00,21:32:00,1.0
11011,BUD,28.0,21:40:00,21:40:00,1.0
11011,VGI,29.0,21:51:00,21:51:00,1.0
11011,SHLU,30.0,21:56:00,21:56:00,1.0
11011,NRL,31.0,22:00:00,22:00:00,1.0
11011,BVS,32.0,22:07:00,22:07:00,1.0
11011,KJT,33.0,22:13:00,22:15:00,1.0
11011,PDI,34.0,22:20:00,22:20:00,1.0
11011,KAD,35.0,22:52:00,22:52:00,1.0
11011,LNL,36.0,22:58:00,23:00:00,1.0
11011,MVL,37.0,23:08:00,23:08:00,1.0
11011,KMST,38.0,23:18:00,23:18:00,1.0
11011,KNHE,39.0,23:23:00,23:23:00,1.0
11011,VDN,40.0,23:28:00,23:28:00,1.0
11011,TGN,41.0,23:33:00,23:33:00,1.0
11011,GRWD,42.0,23:36:00,23:36:00,1.0
11011,DEHR,43.0,23:43:00,23:43:00,1.0
11011,AKRD,44.0,23:49:00,23:49:00,1.0
11011,CCH,45.0,23:52:00,23:52:00,1.0
11011,PMP,46.0,23:55:00,23:55:00,1.0
11011,KSWD,47.0,23:57:00,23:57:00,1.0
11011,DAPD,1.0,00:01:00,00:01:00,2.0
11011,KK,2.0,00:04:00,00:04:00,2.0
11011,SVJR,3.0,00:08:00,00:08:00,2.0
11011,PUNE,4.0,00:10:00,00:15:00,2.0
11012,CSMT,1.0,07:25:00,None,2.0
11012,MSD,2.0,07:23:00,07:23:00,2.0
11012,SNRD,3.0,07:20:00,07:20:00,2.0
11012,BY,4.0,07:16:00,07:16:00,2.0
11012,CRD,5.0,07:12:00,07:12:00,2.0
11012,PR,6.0,07:08:00,07:08:00,2.0
11012,DR,7.0,07:04:00,07:06:00,2.0
11012,MTN,8.0,07:03:00,07:03:00,2.0
11012,SIN,9.0,07:00:00,07:00:00,2.0
11012,CLA,10.0,06:58:00,06:58:00,2.0
11012,VVH,11.0,06:55:00,06:55:00,2.0
11012,GC,12.0,06:54:00,06:54:00,2.0
11012,VK,13.0,06:50:00,06:50:00,2.0
11012,BND,14.0,06:46:00,06:46:00,2.0
11012,NHU,15.0,06:45:00,06:45:00,2.0
11012,MLND,16.0,06:43:00,06:43:00,2.0
11012,TNA,17.0,06:38:00,06:40:00,2.0
11012,KLVA,18.0,06:36:00,06:36:00,2.0
11012,MBQ,19.0,06:32:00,06:32:00,2.0
11012,DIVA,20.0,06:30:00,06:30:00,2.0
11012,KOPR,21.0,06:26:00,06:26:00,2.0
11012,DI,22.0,06:25:00,06:25:00,2.0
11012,THK,23.0,06:23:00,06:23:00,2.0
11012,KYN,24.0,06:18:00,06:20:00,2.0
11012,VLDI,25.0,06:17:00,06:17:00,2.0
11012,ULNR,26.0,06:15:00,06:15:00,2.0
11012,ABH,27.0,06:12:00,06:12:00,2.0
11012,BUD,28.0,06:04:00,06:04:00,2.0
11012,VGI,29.0,05:53:00,05:53:00,2.0
11012,SHLU,30.0,05:49:00,05:49:00,2.0
11012,NRL,31.0,05:44:00,05:44:00,2.0
11012,BVS,32.0,05:37:00,05:37:00,2.0
11012,KJT,33.0,05:28:00,05:30:00,2.0
11012,PDI,34.0,05:23:00,05:23:00,2.0
11012,KAD,35.0,04:53:00,04:55:00,2.0
11012,LNL,36.0,04:43:00,04:45:00,2.0
11012,MVL,37.0,04:37:00,04:37:00,2.0
11012,KMST,38.0,04:28:00,04:28:00,2.0
11012,KNHE,39.0,04:24:00,04:24:00,2.0
11012,VDN,40.0,04:18:00,04:18:00,2.0
11012,TGN,41.0,04:14:00,04:14:00,2.0
11012,GRWD,42.0,04:11:00,04:11:00,2.0
11012,DEHR,43.0,04:05:00,04:05:00,2.0
11012,AKRD,44.0,04:00:00,04:00:00,2.0
11012,CCH,45.0,03:56:00,03:56:00,2.0
11012,PMP,46.0,03:54:00,03:54:00,2.0
11012,KSWD,47.0,03:52:00,03:52:00,2.0
11012,DAPD,48.0,03:48:00,03:48:00,2.0
11012,KK,49.0,03:46:00,03:46:00,2.0
11012,SVJR,50.0,03:42:00,03:42:00,2.0
11012,PUNE,51.0,03:30:00,03:40:00,2.0
11013,VVH,1.0,22:36:00,22:36:00,1.0
11013,GC,2.0,22:38:00,22:38:00,1.0
11013,VK,3.0,22:41:00,22:41:00,1.0
11013,BND,4.0,22:45:00,22:45:00,1.0
11013,NHU,5.0,22:47:00,22:47:00,1.0
11013,MLND,6.0,22:49:00,22:49:00,1.0
11013,TNA,7.0,22:53:00,22:55:00,1.0
11013,KLVA,8.0,22:57:00,22:57:00,1.0
11013,MBQ,9.0,23:01:00,23:01:00,1.0
11013,DIVA,10.0,23:04:00,23:04:00,1.0
11013,KOPR,11.0,23:08:00,23:08:00,1.0
11013,DI,12.0,23:09:00,23:09:00,1.0
11013,THK,13.0,23:10:00,23:10:00,1.0
11013,KYN,14.0,23:13:00,23:18:00,1.0
11013,VLDI,15.0,23:21:00,23:21:00,1.0
11013,ULNR,16.0,23:23:00,23:23:00,1.0
11013,ABH,17.0,23:25:00,23:25:00,1.0
11013,BUD,18.0,23:34:00,23:34:00,1.0
11013,VGI,19.0,23:46:00,23:46:00,1.0
11013,SHLU,20.0,23:50:00,23:50:00,1.0
11013,NRL,21.0,23:55:00,23:55:00,1.0
11013,BVS,1.0,00:02:00,00:02:00,2.0
11013,KJT,2.0,00:10:00,00:10:00,2.0
11013,PDI,3.0,00:13:00,00:13:00,2.0
11013,KAD,4.0,00:37:00,00:37:00,2.0
11013,LNL,5.0,00:41:00,00:41:00,2.0
11013,MVL,6.0,00:49:00,00:49:00,2.0
11013,KMST,7.0,00:58:00,00:58:00,2.0
11013,KNHE,8.0,01:03:00,01:03:00,2.0
11013,VDN,9.0,01:09:00,01:09:00,2.0
11013,TGN,10.0,01:14:00,01:14:00,2.0
11013,GRWD,11.0,01:17:00,01:17:00,2.0
11013,DEHR,12.0,01:24:00,01:24:00,2.0
11013,AKRD,13.0,01:30:00,01:30:00,2.0
11013,CCH,14.0,01:33:00,01:33:00,2.0
11013,PMP,15.0,01:36:00,01:36:00,2.0
11013,KSWD,16.0,01:38:00,01:38:00,2.0
11013,DAPD,17.0,01:42:00,01:42:00,2.0
11013,KK,18.0,01:45:00,01:45:00,2.0
11013,SVJR,19.0,01:49:00,01:49:00,2.0
11013,PUNE,20.0,01:50:00,01:55:00,2.0
11014,VVH,1.0,14:25:00,14:25:00,2.0
11014,GC,2.0,14:22:00,14:22:00,2.0
11014,VK,3.0,14:12:00,14:12:00,2.0
11014,BND,4.0,14:02:00,14:02:00,2.0
11014,NHU,5.0,13:58:00,13:58:00,2.0
11014,MLND,6.0,13:52:00,13:52:00,2.0
11014,TNA,7.0,13:44:00,13:45:00,2.0
11014,KLVA,8.0,13:41:00,13:41:00,2.0
11014,MBQ,9.0,13:37:00,13:37:00,2.0
11014,DIVA,10.0,13:35:00,13:35:00,2.0
11014,KOPR,11.0,13:31:00,13:31:00,2.0
11014,DI,12.0,13:30:00,13:30:00,2.0
11014,THK,13.0,13:28:00,13:28:00,2.0
11014,KYN,14.0,13:24:00,13:25:00,2.0
11014,VLDI,15.0,13:23:00,13:23:00,2.0
11014,ULNR,16.0,13:21:00,13:21:00,2.0
11014,ABH,17.0,13:18:00,13:18:00,2.0
11014,BUD,18.0,13:09:00,13:09:00,2.0
11014,VGI,19.0,12:56:00,12:56:00,2.0
11014,SHLU,20.0,12:52:00,12:52:00,2.0
11014,NRL,21.0,12:47:00,12:47:00,2.0
11014,BVS,22.0,12:39:00,12:39:00,2.0
11014,KJT,23.0,12:31:00,12:31:00,2.0
11014,PDI,24.0,12:28:00,12:28:00,2.0
11014,KAD,25.0,12:03:00,12:03:00,2.0
11014,LNL,26.0,11:59:00,11:59:00,2.0
11014,MVL,27.0,11:51:00,11:51:00,2.0
11014,KMST,28.0,11:41:00,11:41:00,2.0
11014,KNHE,29.0,11:35:00,11:35:00,2.0
11014,VDN,30.0,11:29:00,11:29:00,2.0
11014,TGN,31.0,11:25:00,11:25:00,2.0
11014,GRWD,32.0,11:21:00,11:21:00,2.0
11014,DEHR,33.0,11:13:00,11:13:00,2.0
11014,AKRD,34.0,11:08:00,11:08:00,2.0
11014,CCH,35.0,11:04:00,11:04:00,2.0
11014,PMP,36.0,11:01:00,11:01:00,2.0
11014,KSWD,37.0,10:59:00,10:59:00,2.0
11014,DAPD,38.0,10:54:00,10:54:00,2.0
11014,KK,39.0,10:52:00,10:52:00,2.0
11014,SVJR,40.0,10:48:00,10:48:00,2.0
11014,PUNE,41.0,10:35:00,10:45:00,2.0
11017,DR,1.0,None,21:30:00,1.0
11017,MTN,2.0,21:31:00,21:31:00,1.0
11017,SIN,3.0,21:34:00,21:34:00,1.0
11017,CLA,4.0,21:36:00,21:36:00,1.0
11017,VVH,5.0,21:39:00,21:39:00,1.0
11017,GC,6.0,21:40:00,21:40:00,1.0
11017,VK,7.0,21:44:00,21:44:00,1.0
11017,BND,8.0,21:47:00,21:47:00,1.0
11017,NHU,9.0,21:49:00,21:49:00,1.0
11017,MLND,10.0,21:51:00,21:51:00,1.0
11017,TNA,11.0,21:53:00,21:53:00,1.0
11017,KLVA,12.0,21:56:00,21:56:00,1.0
11017,MBQ,13.0,22:00:00,22:00:00,1.0
11017,DIVA,14.0,22:03:00,22:03:00,1.0
11017,KOPR,15.0,22:07:00,22:07:00,1.0
11017,DI,16.0,22:08:00,22:08:00,1.0
11017,THK,17.0,22:09:00,22:09:00,1.0
11017,KYN,18.0,22:13:00,22:15:00,1.0
11017,VLDI,19.0,22:18:00,22:18:00,1.0
11017,ULNR,20.0,22:20:00,22:20:00,1.0
11017,ABH,21.0,22:23:00,22:23:00,1.0
11017,BUD,22.0,22:32:00,22:32:00,1.0
11017,VGI,23.0,22:44:00,22:44:00,1.0
11017,SHLU,24.0,22:49:00,22:49:00,1.0
11017,NRL,25.0,22:54:00,22:54:00,1.0
11017,BVS,26.0,23:01:00,23:01:00,1.0
11017,KJT,27.0,23:08:00,23:10:00,1.0
11017,PDI,28.0,23:15:00,23:15:00,1.0
11017,KAD,29.0,23:47:00,23:47:00,1.0
11017,LNL,30.0,23:53:00,23:55:00,1.0
11017,MVL,1.0,00:02:00,00:02:00,2.0
11017,KMST,2.0,00:11:00,00:11:00,2.0
11017,KNHE,3.0,00:16:00,00:16:00,2.0
11017,VDN,4.0,00:21:00,00:21:00,2.0
11017,TGN,5.0,00:25:00,00:25:00,2.0
11017,GRWD,6.0,00:28:00,00:28:00,2.0
11017,DEHR,7.0,00:35:00,00:35:00,2.0
11017,AKRD,8.0,00:40:00,00:40:00,2.0
11017,CCH,9.0,00:43:00,00:43:00,2.0
11017,PMP,10.0,00:46:00,00:46:00,2.0
11017,KSWD,11.0,00:48:00,00:48:00,2.0
11017,DAPD,12.0,00:52:00,00:52:00,2.0
11017,KK,13.0,00:54:00,00:54:00,2.0
11017,SVJR,14.0,00:58:00,00:58:00,2.0
11017,PUNE,15.0,01:00:00,01:10:00,2.0
11018,DR,1.0,05:50:00,None,2.0
11018,MTN,2.0,05:48:00,05:48:00,2.0
11018,SIN,3.0,05:45:00,05:45:00,2.0
11018,CLA,4.0,05:42:00,05:42:00,2.0
11018,VVH,5.0,05:39:00,05:39:00,2.0
11018,GC,6.0,05:37:00,05:37:00,2.0
11018,VK,7.0,05:32:00,05:32:00,2.0
11018,BND,8.0,05:28:00,05:28:00,2.0
11018,NHU,9.0,05:26:00,05:26:00,2.0
11018,MLND,10.0,05:23:00,05:23:00,2.0
11018,TNA,11.0,05:20:00,05:20:00,2.0
11018,KLVA,12.0,05:17:00,05:17:00,2.0
11018,MBQ,13.0,05:11:00,05:11:00,2.0
11018,DIVA,14.0,05:08:00,05:08:00,2.0
11018,KOPR,15.0,05:03:00,05:03:00,2.0
11018,DI,16.0,05:01:00,05:01:00,2.0
11018,THK,17.0,04:59:00,04:59:00,2.0
11018,KYN,18.0,04:54:00,04:55:00,2.0
11018,VLDI,19.0,04:52:00,04:52:00,2.0
11018,ULNR,20.0,04:50:00,04:50:00,2.0
11018,ABH,21.0,04:47:00,04:47:00,2.0
11018,BUD,22.0,04:38:00,04:38:00,2.0
11018,VGI,23.0,04:25:00,04:25:00,2.0
11018,SHLU,24.0,04:20:00,04:20:00,2.0
11018,NRL,25.0,04:15:00,04:15:00,2.0
11018,BVS,26.0,04:07:00,04:07:00,2.0
11018,KJT,27.0,03:58:00,03:58:00,2.0
11018,PDI,28.0,03:55:00,03:55:00,2.0
11018,KAD,29.0,03:30:00,03:30:00,2.0
11018,LNL,30.0,03:24:00,03:25:00,2.0
11018,MVL,31.0,03:17:00,03:17:00,2.0
11018,KMST,32.0,03:08:00,03:08:00,2.0
11018,KNHE,33.0,03:04:00,03:04:00,2.0
11018,VDN,34.0,02:58:00,02:58:00,2.0
11018,TGN,35.0,02:54:00,02:54:00,2.0
11018,GRWD,36.0,02:51:00,02:51:00,2.0
11018,DEHR,37.0,02:45:00,02:45:00,2.0
11018,AKRD,38.0,02:40:00,02:40:00,2.0
11018,CCH,39.0,02:36:00,02:36:00,2.0
11018,PMP,40.0,02:34:00,02:34:00,2.0
11018,KSWD,41.0,02:32:00,02:32:00,2.0
11018,DAPD,42.0,02:28:00,02:28:00,2.0
11018,KK,43.0,02:26:00,02:26:00,2.0
11018,SVJR,44.0,02:22:00,02:22:00,2.0
11018,PUNE,45.0,02:10:00,02:20:00,2.0
11019,CSMT,1.0,None,15:10:00,1.0
11019,MSD,2.0,15:11:00,15:11:00,1.0
11019,SNRD,3.0,15:13:00,15:13:00,1.0
11019,BY,4.0,15:16:00,15:16:00,1.0
11019,CRD,5.0,15:18:00,15:18:00,1.0
11019,PR,6.0,15:21:00,15:21:00,1.0
11019,DR,7.0,15:23:00,15:25:00,1.0
11019,MTN,8.0,15:26:00,15:26:00,1.0
11019,SIN,9.0,15:29:00,15:29:00,1.0
11019,CLA,10.0,15:31:00,15:31:00,1.0
11019,VVH,11.0,15:33:00,15:33:00,1.0
11019,GC,12.0,15:34:00,15:34:00,1.0
11019,VK,13.0,15:38:00,15:38:00,1.0
11019,BND,14.0,15:41:00,15:41:00,1.0
11019,NHU,15.0,15:43:00,15:43:00,1.0
11019,MLND,16.0,15:44:00,15:44:00,1.0
11019,TNA,17.0,15:47:00,15:47:00,1.0
11019,KLVA,18.0,15:49:00,15:49:00,1.0
11019,MBQ,19.0,15:53:00,15:53:00,1.0
11019,DIVA,20.0,15:55:00,15:55:00,1.0
11019,KOPR,21.0,15:59:00,15:59:00,1.0
11019,DI,22.0,16:00:00,16:00:00,1.0
11019,THK,23.0,16:02:00,16:02:00,1.0
11019,KYN,24.0,16:05:00,16:10:00,1.0
11019,VLDI,25.0,16:12:00,16:12:00,1.0
11019,ULNR,26.0,16:14:00,16:14:00,1.0
11019,ABH,27.0,16:16:00,16:16:00,1.0
11019,BUD,28.0,16:24:00,16:24:00,1.0
11019,VGI,29.0,16:34:00,16:34:00,1.0
11019,SHLU,30.0,16:37:00,16:37:00,1.0
11019,NRL,31.0,16:41:00,16:41:00,1.0
11019,BVS,32.0,16:48:00,16:48:00,1.0
11019,KJT,33.0,16:53:00,16:55:00,1.0
11019,PDI,34.0,17:00:00,17:00:00,1.0
11019,KAD,35.0,17:36:00,17:36:00,1.0
11019,LNL,36.0,17:43:00,17:45:00,1.0
11019,MVL,37.0,17:53:00,17:53:00,1.0
11019,KMST,38.0,18:04:00,18:04:00,1.0
11019,KNHE,39.0,18:09:00,18:09:00,1.0
11019,VDN,40.0,18:15:00,18:15:00,1.0
11019,TGN,41.0,18:20:00,18:20:00,1.0
11019,GRWD,42.0,18:23:00,18:23:00,1.0
11019,DEHR,43.0,18:31:00,18:31:00,1.0
11019,AKRD,44.0,18:37:00,18:37:00,1.0
11019,CCH,45.0,18:41:00,18:41:00,1.0
11019,PMP,46.0,18:44:00,18:44:00,1.0
11019,KSWD,47.0,18:46:00,18:46:00,1.0
11019,DAPD,48.0,18:51:00,18:51:00,1.0
11019,KK,49.0,18:53:00,18:53:00,1.0
11019,SVJR,50.0,18:57:00,18:57:00,1.0
11019,PUNE,51.0,19:00:00,19:05:00,1.0
11020,DAPD,1.0,23:58:00,23:58:00,2.0
11020,KK,2.0,23:56:00,23:56:00,2.0
11020,SVJR,3.0,23:52:00,23:52:00,2.0
11020,PUNE,4.0,23:45:00,23:50:00,2.0
11020,CSMT,1.0,03:55:00,None,3.0
11020,MSD,2.0,03:51:00,03:51:00,3.0
11020,SNRD,3.0,03:47:00,03:47:00,3.0
11020,BY,4.0,03:41:00,03:41:00,3.0
11020,CRD,5.0,03:35:00,03:35:00,3.0
11020,PR,6.0,03:28:00,03:28:00,3.0
11020,DR,7.0,03:24:00,03:25:00,3.0
11020,MTN,8.0,03:23:00,03:23:00,3.0
11020,SIN,9.0,03:20:00,03:20:00,3.0
11020,CLA,10.0,03:18:00,03:18:00,3.0
11020,VVH,11.0,03:15:00,03:15:00,3.0
11020,GC,12.0,03:14:00,03:14:00,3.0
11020,VK,13.0,03:10:00,03:10:00,3.0
11020,BND,14.0,03:06:00,03:06:00,3.0
11020,NHU,15.0,03:05:00,03:05:00,3.0
11020,MLND,16.0,03:03:00,03:03:00,3.0
11020,TNA,17.0,02:59:00,03:00:00,3.0
11020,KLVA,18.0,02:57:00,02:57:00,3.0
11020,MBQ,19.0,02:53:00,02:53:00,3.0
11020,DIVA,20.0,02:50:00,02:50:00,3.0
11020,KOPR,21.0,02:46:00,02:46:00,3.0
11020,DI,22.0,02:45:00,02:45:00,3.0
11020,THK,23.0,02:43:00,02:43:00,3.0
11020,KYN,24.0,02:39:00,02:40:00,3.0
11020,VLDI,25.0,02:37:00,02:37:00,3.0
11020,ULNR,26.0,02:34:00,02:34:00,3.0
11020,ABH,27.0,02:32:00,02:32:00,3.0
11020,BUD,28.0,02:23:00,02:23:00,3.0
11020,VGI,29.0,02:10:00,02:10:00,3.0
11020,SHLU,30.0,02:06:00,02:06:00,3.0
11020,NRL,31.0,02:01:00,02:01:00,3.0
11020,BVS,32.0,01:53:00,01:53:00,3.0
11020,KJT,33.0,01:44:00,01:45:00,3.0
11020,PDI,34.0,01:38:00,01:38:00,3.0
11020,KAD,35.0,01:02:00,01:02:00,3.0
11020,LNL,36.0,00:54:00,00:55:00,3.0
11020,MVL,37.0,00:47:00,00:47:00,3.0
11020,KMST,38.0,00:38:00,00:38:00,3.0
11020,KNHE,39.0,00:34:00,00:34:00,3.0
11020,VDN,40.0,00:28:00,00:28:00,3.0
11020,TGN,41.0,00:24:00,00:24:00,3.0
11020,GRWD,42.0,00:21:00,00:21:00,3.0
11020,DEHR,43.0,00:15:00,00:15:00,3.0
11020,AKRD,44.0,00:10:00,00:10:00,3.0
11020,CCH,45.0,00:06:00,00:06:00,3.0
11020,PMP,46.0,00:04:00,00:04:00,3.0
11020,KSWD,47.0,00:02:00,00:02:00,3.0
11023,CSMT,1.0,None,17:50:00,1.0
11023,MSD,2.0,17:51:00,17:51:00,1.0
11023,SNRD,3.0,17:53:00,17:53:00,1.0
11023,BY,4.0,17:55:00,17:55:00,1.0
11023,CRD,5.0,17:58:00,17:58:00,1.0
11023,PR,6.0,18:00:00,18:00:00,1.0
11023,DR,7.0,18:02:00,18:04:00,1.0
11023,MTN,8.0,18:05:00,18:05:00,1.0
11023,SIN,9.0,18:08:00,18:08:00,1.0
11023,CLA,10.0,18:11:00,18:11:00,1.0
11023,VVH,11.0,18:13:00,18:13:00,1.0
11023,GC,12.0,18:14:00,18:14:00,1.0
11023,VK,13.0,18:18:00,18:18:00,1.0
11023,BND,14.0,18:22:00,18:22:00,1.0
11023,NHU,15.0,18:23:00,18:23:00,1.0
11023,MLND,16.0,18:25:00,18:25:00,1.0
11023,TNA,17.0,18:28:00,18:28:00,1.0
11023,KLVA,18.0,18:30:00,18:30:00,1.0
11023,MBQ,19.0,18:35:00,18:35:00,1.0
11023,DIVA,20.0,18:37:00,18:37:00,1.0
11023,KOPR,21.0,18:42:00,18:42:00,1.0
11023,DI,22.0,18:43:00,18:43:00,1.0
11023,THK,23.0,18:44:00,18:44:00,1.0
11023,KYN,24.0,18:48:00,18:50:00,1.0
11023,VLDI,25.0,18:53:00,18:53:00,1.0
11023,ULNR,26.0,18:54:00,18:54:00,1.0
11023,ABH,27.0,18:57:00,18:57:00,1.0
11023,BUD,28.0,19:05:00,19:05:00,1.0
11023,VGI,29.0,19:16:00,19:16:00,1.0
11023,SHLU,30.0,19:21:00,19:21:00,1.0
11023,NRL,31.0,19:25:00,19:25:00,1.0
11023,BVS,32.0,19:32:00,19:32:00,1.0
11023,KJT,33.0,19:38:00,19:40:00,1.0
11023,PDI,34.0,19:44:00,19:44:00,1.0
11023,KAD,35.0,20:14:00,20:16:00,1.0
11023,LNL,36.0,20:23:00,20:25:00,1.0
11023,MVL,37.0,20:31:00,20:31:00,1.0
11023,KMST,38.0,20:38:00,20:38:00,1.0
11023,KNHE,39.0,20:42:00,20:42:00,1.0
11023,VDN,40.0,20:46:00,20:46:00,1.0
11023,TGN,41.0,20:50:00,20:52:00,1.0
11023,GRWD,42.0,20:55:00,20:55:00,1.0
11023,DEHR,43.0,21:03:00,21:05:00,1.0
11023,AKRD,44.0,21:11:00,21:11:00,1.0
11023,CCH,45.0,21:14:00,21:14:00,1.0
11023,PMP,46.0,21:16:00,21:18:00,1.0
11023,KSWD,47.0,21:20:00,21:20:00,1.0
11023,DAPD,48.0,21:24:00,21:24:00,1.0
11023,KK,49.0,21:26:00,21:28:00,1.0
11023,SVJR,50.0,21:33:00,21:35:00,1.0
11023,PUNE,51.0,21:55:00,22:05:00,1.0
11024,CSMT,1.0,11:55:00,None,2.0
11024,MSD,2.0,11:52:00,11:52:00,2.0
11024,SNRD,3.0,11:49:00,11:49:00,2.0
11024,BY,4.0,11:43:00,11:43:00,2.0
11024,CRD,5.0,11:38:00,11:38:00,2.0
11024,PR,6.0,11:33:00,11:33:00,2.0
11024,DR,7.0,11:28:00,11:30:00,2.0
11024,MTN,8.0,11:27:00,11:27:00,2.0
11024,SIN,9.0,11:24:00,11:24:00,2.0
11024,CLA,10.0,11:21:00,11:21:00,2.0
11024,VVH,11.0,11:18:00,11:18:00,2.0
11024,GC,12.0,11:16:00,11:16:00,2.0
11024,VK,13.0,11:12:00,11:12:00,2.0
11024,BND,14.0,11:08:00,11:08:00,2.0
11024,NHU,15.0,11:06:00,11:06:00,2.0
11024,MLND,16.0,11:03:00,11:03:00,2.0
11024,TNA,17.0,10:58:00,11:00:00,2.0
11024,KLVA,18.0,10:56:00,10:56:00,2.0
11024,MBQ,19.0,10:52:00,10:52:00,2.0
11024,DIVA,20.0,10:50:00,10:50:00,2.0
11024,KOPR,21.0,10:46:00,10:46:00,2.0
11024,DI,22.0,10:45:00,10:45:00,2.0
11024,THK,23.0,10:43:00,10:43:00,2.0
11024,KYN,24.0,10:35:00,10:40:00,2.0
11024,VLDI,25.0,10:34:00,10:34:00,2.0
11024,ULNR,26.0,10:32:00,10:32:00,2.0
11024,ABH,27.0,10:30:00,10:30:00,2.0
11024,BUD,28.0,10:24:00,10:24:00,2.0
11024,VGI,29.0,10:16:00,10:16:00,2.0
11024,SHLU,30.0,10:13:00,10:13:00,2.0
11024,NRL,31.0,10:09:00,10:10:00,2.0
11024,BVS,32.0,10:00:00,10:00:00,2.0
11024,KJT,33.0,09:49:00,09:50:00,2.0
11024,PDI,34.0,09:42:00,09:42:00,2.0
11024,KAD,35.0,09:04:00,09:05:00,2.0
11024,LNL,36.0,08:54:00,08:55:00,2.0
11024,MVL,37.0,08:45:00,08:45:00,2.0
11024,KMST,38.0,08:33:00,08:33:00,2.0
11024,KNHE,39.0,08:27:00,08:27:00,2.0
11024,VDN,40.0,08:20:00,08:20:00,2.0
11024,TGN,41.0,08:13:00,08:15:00,2.0
11024,GRWD,42.0,08:07:00,08:07:00,2.0
11024,DEHR,43.0,07:54:00,07:55:00,2.0
11024,AKRD,44.0,07:48:00,07:48:00,2.0
11024,CCH,45.0,07:43:00,07:43:00,2.0
11024,PMP,46.0,07:39:00,07:40:00,2.0
11024,KSWD,47.0,07:37:00,07:37:00,2.0
11024,DAPD,48.0,07:32:00,07:32:00,2.0
11024,KK,49.0,07:29:00,07:30:00,2.0
11024,SVJR,50.0,07:24:00,07:25:00,2.0
11024,PUNE,51.0,06:50:00,07:00:00,2.0
11025,DIVA,1.0,08:21:00,08:21:00,1.0
11025,KOPR,2.0,08:14:00,08:14:00,1.0
11025,DI,3.0,08:13:00,08:13:00,1.0
11025,THK,4.0,08:10:00,08:10:00,1.0
11025,KYN,5.0,08:00:00,08:05:00,1.0
11025,KJT,6.0,09:58:00,10:00:00,1.0
11025,PDI,7.0,10:06:00,10:06:00,1.0
11025,KAD,8.0,10:46:00,10:46:00,1.0
11025,LNL,9.0,10:53:00,10:55:00,1.0
11025,MVL,10.0,11:00:00,11:00:00,1.0
11025,KMST,11.0,11:06:00,11:06:00,1.0
11025,KNHE,12.0,11:09:00,11:09:00,1.0
11025,VDN,13.0,11:13:00,11:13:00,1.0
11025,TGN,14.0,11:16:00,11:16:00,1.0
11025,GRWD,15.0,11:18:00,11:18:00,1.0
11025,DEHR,16.0,11:23:00,11:23:00,1.0
11025,AKRD,17.0,11:26:00,11:26:00,1.0
11025,CCH,18.0,11:28:00,11:30:00,1.0
11025,PMP,19.0,11:35:00,11:35:00,1.0
11025,KSWD,20.0,11:39:00,11:39:00,1.0
11025,DAPD,21.0,11:47:00,11:47:00,1.0
11025,KK,22.0,11:51:00,11:51:00,1.0
11025,SVJR,23.0,11:59:00,11:59:00,1.0
11025,PUNE,24.0,12:05:00,None,1.0
11026,DIVA,1.0,16:28:00,16:28:00,1.0
11026,KOPR,2.0,16:35:00,16:35:00,1.0
11026,DI,3.0,16:37:00,16:37:00,1.0
11026,THK,4.0,16:40:00,16:40:00,1.0
11026,KYN,5.0,16:45:00,16:50:00,1.0
11026,KJT,6.0,14:53:00,14:55:00,1.0
11026,PDI,7.0,14:47:00,14:47:00,1.0
11026,KAD,8.0,14:07:00,14:07:00,1.0
11026,LNL,9.0,13:58:00,14:00:00,1.0
11026,MVL,10.0,13:51:00,13:51:00,1.0
11026,KMST,11.0,13:41:00,13:41:00,1.0
11026,KNHE,12.0,13:37:00,13:37:00,1.0
11026,VDN,13.0,13:31:00,13:31:00,1.0
11026,TGN,14.0,13:27:00,13:27:00,1.0
11026,GRWD,15.0,13:24:00,13:24:00,1.0
11026,DEHR,16.0,13:17:00,13:17:00,1.0
11026,AKRD,17.0,13:11:00,13:11:00,1.0
11026,CCH,18.0,13:06:00,13:08:00,1.0
11026,PMP,19.0,13:03:00,13:03:00,1.0
11026,KSWD,20.0,13:01:00,13:01:00,1.0
11026,DAPD,21.0,12:58:00,12:58:00,1.0
11026,KK,22.0,12:56:00,12:56:00,1.0
11026,SVJR,23.0,12:52:00,12:52:00,1.0
11026,PUNE,24.0,None,12:50:00,1.0
11027,CSMT,1.0,None,23:45:00,1.0
11027,MSD,2.0,23:46:00,23:46:00,1.0
11027,SNRD,3.0,23:47:00,23:47:00,1.0
11027,BY,4.0,23:48:00,23:48:00,1.0
11027,CRD,5.0,23:50:00,23:50:00,1.0
11027,PR,6.0,23:52:00,23:52:00,1.0
11027,DR,7.0,23:53:00,23:55:00,1.0
11027,MTN,8.0,23:56:00,23:56:00,1.0
11027,SIN,9.0,23:59:00,23:59:00,1.0
11027,CLA,1.0,00:01:00,00:01:00,2.0
11027,VVH,2.0,00:04:00,00:04:00,2.0
11027,GC,3.0,00:05:00,00:05:00,2.0
11027,VK,4.0,00:09:00,00:09:00,2.0
11027,BND,5.0,00:12:00,00:12:00,2.0
11027,NHU,6.0,00:14:00,00:14:00,2.0
11027,MLND,7.0,00:16:00,00:16:00,2.0
11027,TNA,8.0,00:18:00,00:18:00,2.0
11027,KLVA,9.0,00:21:00,00:21:00,2.0
11027,MBQ,10.0,00:25:00,00:25:00,2.0
11027,DIVA,11.0,00:28:00,00:28:00,2.0
11027,KOPR,12.0,00:32:00,00:32:00,2.0
11027,DI,13.0,00:33:00,00:33:00,2.0
11027,THK,14.0,00:34:00,00:34:00,2.0
11027,KYN,15.0,00:38:00,00:40:00,2.0
11027,VLDI,16.0,00:42:00,00:42:00,2.0
11027,ULNR,17.0,00:44:00,00:44:00,2.0
11027,ABH,18.0,00:46:00,00:46:00,2.0
11027,BUD,19.0,00:54:00,00:54:00,2.0
11027,VGI,20.0,01:04:00,01:04:00,2.0
11027,SHLU,21.0,01:07:00,01:07:00,2.0
11027,NRL,22.0,01:11:00,01:11:00,2.0
11027,BVS,23.0,01:18:00,01:18:00,2.0
11027,KJT,24.0,01:23:00,01:25:00,2.0
11027,PDI,25.0,01:30:00,01:30:00,2.0
11027,KAD,26.0,02:06:00,02:06:00,2.0
11027,LNL,27.0,02:13:00,02:15:00,2.0
11027,MVL,28.0,02:21:00,02:21:00,2.0
11027,KMST,29.0,02:27:00,02:27:00,2.0
11027,KNHE,30.0,02:31:00,02:31:00,2.0
11027,VDN,31.0,02:35:00,02:35:00,2.0
11027,TGN,32.0,02:38:00,02:38:00,2.0
11027,GRWD,33.0,02:40:00,02:40:00,2.0
11027,DEHR,34.0,02:46:00,02:46:00,2.0
11027,AKRD,35.0,02:50:00,02:50:00,2.0
11027,CCH,36.0,02:52:00,02:52:00,2.0
11027,PMP,37.0,02:54:00,02:54:00,2.0
11027,KSWD,38.0,02:56:00,02:56:00,2.0
11027,DAPD,39.0,02:58:00,02:58:00,2.0
11027,KK,40.0,03:00:00,03:02:00,2.0
11027,SVJR,41.0,03:16:00,03:16:00,2.0
11027,PUNE,42.0,03:25:00,03:35:00,2.0
11028,AKRD,1.0,23:55:00,23:55:00,2.0
11028,CCH,2.0,23:52:00,23:52:00,2.0
11028,PMP,3.0,23:49:00,23:49:00,2.0
11028,KSWD,4.0,23:46:00,23:46:00,2.0
11028,DAPD,5.0,23:42:00,23:42:00,2.0
11028,KK,6.0,23:39:00,23:40:00,2.0
11028,SVJR,7.0,23:34:00,23:34:00,2.0
11028,PUNE,8.0,23:20:00,23:30:00,2.0
11028,CSMT,1.0,03:45:00,None,3.0
11028,MSD,2.0,03:41:00,03:41:00,3.0
11028,SNRD,3.0,03:37:00,03:37:00,3.0
11028,BY,4.0,03:31:00,03:31:00,3.0
11028,CRD,5.0,03:25:00,03:25:00,3.0
11028,PR,6.0,03:18:00,03:18:00,3.0
11028,DR,7.0,03:14:00,03:15:00,3.0
11028,MTN,8.0,03:12:00,03:12:00,3.0
11028,SIN,9.0,03:09:00,03:09:00,3.0
11028,CLA,10.0,03:06:00,03:06:00,3.0
11028,VVH,11.0,03:03:00,03:03:00,3.0
11028,GC,12.0,03:01:00,03:01:00,3.0
11028,VK,13.0,02:57:00,02:57:00,3.0
11028,BND,14.0,02:53:00,02:53:00,3.0
11028,NHU,15.0,02:51:00,02:51:00,3.0
11028,MLND,16.0,02:48:00,02:48:00,3.0
11028,TNA,17.0,02:44:00,02:45:00,3.0
11028,KLVA,18.0,02:43:00,02:43:00,3.0
11028,MBQ,19.0,02:39:00,02:39:00,3.0
11028,DIVA,20.0,02:38:00,02:38:00,3.0
11028,KOPR,21.0,02:34:00,02:34:00,3.0
11028,DI,22.0,02:34:00,02:34:00,3.0
11028,THK,23.0,02:33:00,02:33:00,3.0
11028,KYN,24.0,02:29:00,02:30:00,3.0
11028,VLDI,25.0,02:28:00,02:28:00,3.0
11028,ULNR,26.0,02:26:00,02:26:00,3.0
11028,ABH,27.0,02:23:00,02:23:00,3.0
11028,BUD,28.0,02:14:00,02:14:00,3.0
11028,VGI,29.0,02:01:00,02:01:00,3.0
11028,SHLU,30.0,01:56:00,01:56:00,3.0
11028,NRL,31.0,01:51:00,01:51:00,3.0
11028,BVS,32.0,01:43:00,01:43:00,3.0
11028,KJT,33.0,01:34:00,01:35:00,3.0
11028,PDI,34.0,01:28:00,01:28:00,3.0
11028,KAD,35.0,00:52:00,00:52:00,3.0
11028,LNL,36.0,00:44:00,00:45:00,3.0
11028,MVL,37.0,00:36:00,00:36:00,3.0
11028,KMST,38.0,00:26:00,00:26:00,3.0
11028,KNHE,39.0,00:21:00,00:21:00,3.0
11028,VDN,40.0,00:16:00,00:16:00,3.0
11028,TGN,41.0,00:11:00,00:11:00,3.0
11028,GRWD,42.0,00:08:00,00:08:00,3.0
11028,DEHR,43.0,00:01:00,00:01:00,3.0
11029,CSMT,1.0,None,08:40:00,1.0
11029,MSD,2.0,08:41:00,08:41:00,1.0
11029,SNRD,3.0,08:43:00,08:43:00,1.0
11029,BY,4.0,08:46:00,08:46:00,1.0
11029,CRD,5.0,08:48:00,08:48:00,1.0
11029,PR,6.0,08:51:00,08:51:00,1.0
11029,DR,7.0,08:53:00,08:55:00,1.0
11029,MTN,8.0,08:56:00,08:56:00,1.0
11029,SIN,9.0,08:58:00,08:58:00,1.0
11029,CLA,10.0,09:00:00,09:00:00,1.0
11029,VVH,11.0,09:02:00,09:02:00,1.0
11029,GC,12.0,09:03:00,09:03:00,1.0
11029,VK,13.0,09:05:00,09:05:00,1.0
11029,BND,14.0,09:08:00,09:08:00,1.0
11029,NHU,15.0,09:09:00,09:09:00,1.0
11029,MLND,16.0,09:11:00,09:11:00,1.0
11029,TNA,17.0,09:13:00,09:15:00,1.0
11029,KLVA,18.0,09:17:00,09:17:00,1.0
11029,MBQ,19.0,09:21:00,09:21:00,1.0
11029,DIVA,20.0,09:24:00,09:24:00,1.0
11029,KOPR,21.0,09:28:00,09:28:00,1.0
11029,DI,22.0,09:29:00,09:29:00,1.0
11029,THK,23.0,09:30:00,09:30:00,1.0
11029,KYN,24.0,09:33:00,09:35:00,1.0
11029,VLDI,25.0,09:37:00,09:37:00,1.0
11029,ULNR,26.0,09:39:00,09:39:00,1.0
11029,ABH,27.0,09:41:00,09:41:00,1.0
11029,BUD,28.0,09:47:00,09:47:00,1.0
11029,VGI,29.0,09:56:00,09:56:00,1.0
11029,SHLU,30.0,10:00:00,10:00:00,1.0
11029,NRL,31.0,10:03:00,10:05:00,1.0
11029,BVS,32.0,10:12:00,10:12:00,1.0
11029,KJT,33.0,10:18:00,10:20:00,1.0
11029,PDI,34.0,10:25:00,10:25:00,1.0
11029,KAD,35.0,10:58:00,11:00:00,1.0
11029,LNL,36.0,11:13:00,11:15:00,1.0
11029,MVL,37.0,11:20:00,11:20:00,1.0
11029,KMST,38.0,11:27:00,11:27:00,1.0
11029,KNHE,39.0,11:31:00,11:31:00,1.0
11029,VDN,40.0,11:35:00,11:35:00,1.0
11029,TGN,41.0,11:38:00,11:40:00,1.0
11029,GRWD,42.0,11:43:00,11:43:00,1.0
11029,DEHR,43.0,11:50:00,11:50:00,1.0
11029,AKRD,44.0,11:55:00,11:55:00,1.0
11029,CCH,45.0,11:58:00,12:00:00,1.0
11029,PMP,46.0,12:02:00,12:02:00,1.0
11029,KSWD,47.0,12:04:00,12:04:00,1.0
11029,DAPD,48.0,12:08:00,12:08:00,1.0
11029,KK,49.0,12:10:00,12:12:00,1.0
11029,SVJR,50.0,12:18:00,12:20:00,1.0
11029,PUNE,51.0,12:40:00,12:45:00,1.0
11030,CSMT,1.0,20:22:00,None,1.0
11030,MSD,2.0,20:19:00,20:19:00,1.0
11030,SNRD,3.0,20:16:00,20:16:00,1.0
11030,BY,4.0,20:12:00,20:12:00,1.0
11030,CRD,5.0,20:07:00,20:07:00,1.0
11030,PR,6.0,20:02:00,20:02:00,1.0
11030,DR,7.0,19:58:00,20:00:00,1.0
11030,MTN,8.0,19:56:00,19:56:00,1.0
11030,SIN,9.0,19:52:00,19:52:00,1.0
11030,CLA,10.0,19:48:00,19:48:00,1.0
11030,VVH,11.0,19:44:00,19:44:00,1.0
11030,GC,12.0,19:42:00,19:42:00,1.0
11030,VK,13.0,19:36:00,19:36:00,1.0
11030,BND,14.0,19:30:00,19:30:00,1.0
11030,NHU,15.0,19:28:00,19:28:00,1.0
11030,MLND,16.0,19:24:00,19:24:00,1.0
11030,TNA,17.0,19:18:00,19:20:00,1.0
11030,KLVA,18.0,19:15:00,19:15:00,1.0
11030,MBQ,19.0,19:10:00,19:10:00,1.0
11030,DIVA,20.0,19:07:00,19:07:00,1.0
11030,KOPR,21.0,19:02:00,19:02:00,1.0
11030,DI,22.0,19:01:00,19:01:00,1.0
11030,THK,23.0,18:59:00,18:59:00,1.0
11030,KYN,24.0,18:53:00,18:55:00,1.0
11030,VLDI,25.0,18:52:00,18:52:00,1.0
11030,ULNR,26.0,18:50:00,18:50:00,1.0
11030,ABH,27.0,18:48:00,18:48:00,1.0
11030,BUD,28.0,18:40:00,18:40:00,1.0
11030,VGI,29.0,18:30:00,18:30:00,1.0
11030,SHLU,30.0,18:27:00,18:27:00,1.0
11030,NRL,31.0,18:23:00,18:23:00,1.0
11030,BVS,32.0,18:16:00,18:16:00,1.0
11030,KJT,33.0,18:08:00,18:10:00,1.0
11030,PDI,34.0,18:01:00,18:01:00,1.0
11030,KAD,35.0,17:23:00,17:25:00,1.0
11030,LNL,36.0,17:13:00,17:15:00,1.0
11030,MVL,37.0,17:05:00,17:05:00,1.0
11030,KMST,38.0,16:55:00,16:55:00,1.0
11030,KNHE,39.0,16:50:00,16:50:00,1.0
11030,VDN,40.0,16:44:00,16:44:00,1.0
11030,TGN,41.0,16:38:00,16:40:00,1.0
11030,GRWD,42.0,16:35:00,16:35:00,1.0
11030,DEHR,43.0,16:29:00,16:29:00,1.0
11030,AKRD,44.0,16:25:00,16:25:00,1.0
11030,CCH,45.0,16:20:00,16:22:00,1.0
11030,PMP,46.0,16:16:00,16:16:00,1.0
11030,KSWD,47.0,16:12:00,16:12:00,1.0
11030,DAPD,48.0,16:05:00,16:05:00,1.0
11030,KK,49.0,16:01:00,16:01:00,1.0
11030,SVJR,50.0,15:53:00,15:55:00,1.0
11030,PUNE,51.0,15:40:00,15:45:00,1.0
11035,DR,1.0,None,21:30:00,1.0
11035,MTN,2.0,21:31:00,21:31:00,1.0
11035,SIN,3.0,21:34:00,21:34:00,1.0
11035,CLA,4.0,21:36:00,21:36:00,1.0
11035,VVH,5.0,21:39:00,21:39:00,1.0
11035,GC,6.0,21:40:00,21:40:00,1.0
11035,VK,7.0,21:43:00,21:43:00,1.0
11035,BND,8.0,21:47:00,21:47:00,1.0
11035,NHU,9.0,21:49:00,21:49:00,1.0
11035,MLND,10.0,21:51:00,21:51:00,1.0
11035,TNA,11.0,21:53:00,21:53:00,1.0
11035,KLVA,12.0,21:56:00,21:56:00,1.0
11035,MBQ,13.0,22:00:00,22:00:00,1.0
11035,DIVA,14.0,22:02:00,22:02:00,1.0
11035,KOPR,15.0,22:06:00,22:06:00,1.0
11035,DI,16.0,22:08:00,22:08:00,1.0
11035,THK,17.0,22:09:00,22:09:00,1.0
11035,KYN,18.0,22:13:00,22:15:00,1.0
11035,VLDI,19.0,22:18:00,22:18:00,1.0
11035,ULNR,20.0,22:20:00,22:20:00,1.0
11035,ABH,21.0,22:23:00,22:23:00,1.0
11035,BUD,22.0,22:32:00,22:32:00,1.0
11035,VGI,23.0,22:44:00,22:44:00,1.0
11035,SHLU,24.0,22:49:00,22:49:00,1.0
11035,NRL,25.0,22:53:00,22:53:00,1.0
11035,BVS,26.0,23:01:00,23:01:00,1.0
11035,KJT,27.0,23:08:00,23:10:00,1.0
11035,PDI,28.0,23:14:00,23:14:00,1.0
11035,KAD,29.0,23:47:00,23:47:00,1.0
11035,LNL,30.0,23:53:00,23:55:00,1.0
11035,MVL,1.0,00:02:00,00:02:00,2.0
11035,KMST,2.0,00:11:00,00:11:00,2.0
11035,KNHE,3.0,00:16:00,00:16:00,2.0
11035,VDN,4.0,00:21:00,00:21:00,2.0
11035,TGN,5.0,00:25:00,00:25:00,2.0
11035,GRWD,6.0,00:28:00,00:28:00,2.0
11035,DEHR,7.0,00:35:00,00:35:00,2.0
11035,AKRD,8.0,00:40:00,00:40:00,2.0
11035,CCH,9.0,00:43:00,00:43:00,2.0
11035,PMP,10.0,00:45:00,00:45:00,2.0
11035,KSWD,11.0,00:48:00,00:48:00,2.0
11035,DAPD,12.0,00:51:00,00:51:00,2.0
11035,KK,13.0,00:53:00,00:53:00,2.0
11035,SVJR,14.0,00:57:00,00:57:00,2.0
11035,PUNE,15.0,01:00:00,01:10:00,2.0
11036,DR,1.0,05:50:00,None,2.0
11036,MTN,2.0,05:48:00,05:48:00,2.0
11036,SIN,3.0,05:44:00,05:44:00,2.0
11036,CLA,4.0,05:41:00,05:41:00,2.0
11036,VVH,5.0,05:38:00,05:38:00,2.0
11036,GC,6.0,05:37:00,05:37:00,2.0
11036,VK,7.0,05:32:00,05:32:00,2.0
11036,BND,8.0,05:28:00,05:28:00,2.0
11036,NHU,9.0,05:26:00,05:26:00,2.0
11036,MLND,10.0,05:23:00,05:23:00,2.0
11036,TNA,11.0,05:20:00,05:20:00,2.0
11036,KLVA,12.0,05:17:00,05:17:00,2.0
11036,MBQ,13.0,05:11:00,05:11:00,2.0
11036,DIVA,14.0,05:08:00,05:08:00,2.0
11036,KOPR,15.0,05:03:00,05:03:00,2.0
11036,DI,16.0,05:01:00,05:01:00,2.0
11036,THK,17.0,04:59:00,04:59:00,2.0
11036,KYN,18.0,04:54:00,04:55:00,2.0
11036,VLDI,19.0,04:52:00,04:52:00,2.0
11036,ULNR,20.0,04:49:00,04:49:00,2.0
11036,ABH,21.0,04:46:00,04:46:00,2.0
11036,BUD,22.0,04:37:00,04:37:00,2.0
11036,VGI,23.0,04:24:00,04:24:00,2.0
11036,SHLU,24.0,04:19:00,04:19:00,2.0
11036,NRL,25.0,04:14:00,04:14:00,2.0
11036,BVS,26.0,04:06:00,04:06:00,2.0
11036,KJT,27.0,03:58:00,03:58:00,2.0
11036,PDI,28.0,03:55:00,03:55:00,2.0
11036,KAD,29.0,03:29:00,03:29:00,2.0
11036,LNL,30.0,03:24:00,03:25:00,2.0
11036,MVL,31.0,03:16:00,03:16:00,2.0
11036,KMST,32.0,03:08:00,03:08:00,2.0
11036,KNHE,33.0,03:03:00,03:03:00,2.0
11036,VDN,34.0,02:58:00,02:58:00,2.0
11036,TGN,35.0,02:54:00,02:54:00,2.0
11036,GRWD,36.0,02:51:00,02:51:00,2.0
11036,DEHR,37.0,02:44:00,02:44:00,2.0
11036,AKRD,38.0,02:40:00,02:40:00,2.0
11036,CCH,39.0,02:36:00,02:36:00,2.0
11036,PMP,40.0,02:34:00,02:34:00,2.0
11036,KSWD,41.0,02:32:00,02:32:00,2.0
11036,DAPD,42.0,02:28:00,02:28:00,2.0
11036,KK,43.0,02:26:00,02:26:00,2.0
11036,SVJR,44.0,02:22:00,02:22:00,2.0
11036,PUNE,45.0,02:10:00,02:20:00,2.0
11041,CSMT,1.0,None,14:00:00,1.0
11041,MSD,2.0,14:01:00,14:01:00,1.0
11041,SNRD,3.0,14:03:00,14:03:00,1.0
11041,BY,4.0,14:05:00,14:05:00,1.0
11041,CRD,5.0,14:08:00,14:08:00,1.0
11041,PR,6.0,14:10:00,14:10:00,1.0
11041,DR,7.0,14:12:00,14:15:00,1.0
11041,MTN,8.0,14:16:00,14:16:00,1.0
11041,SIN,9.0,14:19:00,14:19:00,1.0
11041,CLA,10.0,14:21:00,14:21:00,1.0
11041,VVH,11.0,14:23:00,14:23:00,1.0
11041,GC,12.0,14:25:00,14:25:00,1.0
11041,VK,13.0,14:28:00,14:28:00,1.0
11041,BND,14.0,14:31:00,14:31:00,1.0
11041,NHU,15.0,14:33:00,14:33:00,1.0
11041,MLND,16.0,14:35:00,14:35:00,1.0
11041,TNA,17.0,14:38:00,14:40:00,1.0
11041,KLVA,18.0,14:43:00,14:43:00,1.0
11041,MBQ,19.0,14:47:00,14:47:00,1.0
11041,DIVA,20.0,14:50:00,14:50:00,1.0
11041,KOPR,21.0,14:54:00,14:54:00,1.0
11041,DI,22.0,14:55:00,14:55:00,1.0
11041,THK,23.0,14:57:00,14:57:00,1.0
11041,KYN,24.0,15:00:00,15:05:00,1.0
11041,VLDI,25.0,15:07:00,15:07:00,1.0
11041,ULNR,26.0,15:09:00,15:09:00,1.0
11041,ABH,27.0,15:11:00,15:11:00,1.0
11041,BUD,28.0,15:18:00,15:18:00,1.0
11041,VGI,29.0,15:29:00,15:29:00,1.0
11041,SHLU,30.0,15:32:00,15:32:00,1.0
11041,NRL,31.0,15:36:00,15:36:00,1.0
11041,BVS,32.0,15:42:00,15:42:00,1.0
11041,KJT,33.0,15:48:00,15:50:00,1.0
11041,PDI,34.0,15:55:00,15:55:00,1.0
11041,KAD,35.0,16:31:00,16:31:00,1.0
11041,LNL,36.0,16:38:00,16:40:00,1.0
11041,MVL,37.0,16:46:00,16:46:00,1.0
11041,KMST,38.0,16:53:00,16:53:00,1.0
11041,KNHE,39.0,16:56:00,16:56:00,1.0
11041,VDN,40.0,17:00:00,17:00:00,1.0
11041,TGN,41.0,17:03:00,17:03:00,1.0
11041,GRWD,42.0,17:06:00,17:06:00,1.0
11041,DEHR,43.0,17:11:00,17:11:00,1.0
11041,AKRD,44.0,17:15:00,17:15:00,1.0
11041,CCH,45.0,17:17:00,17:17:00,1.0
11041,PMP,46.0,17:19:00,17:19:00,1.0
11041,KSWD,47.0,17:21:00,17:21:00,1.0
11041,DAPD,48.0,17:24:00,17:24:00,1.0
11041,KK,49.0,17:26:00,17:28:00,1.0
11041,SVJR,50.0,17:47:00,17:47:00,1.0
11041,PUNE,51.0,18:00:00,18:10:00,1.0
11042,CSMT,1.0,13:45:00,None,2.0
11042,MSD,2.0,13:41:00,13:41:00,2.0
11042,SNRD,3.0,13:37:00,13:37:00,2.0
11042,BY,4.0,13:31:00,13:31:00,2.0
11042,CRD,5.0,13:25:00,13:25:00,2.0
11042,PR,6.0,13:18:00,13:18:00,2.0
11042,DR,7.0,13:14:00,13:15:00,2.0
11042,MTN,8.0,13:13:00,13:13:00,2.0
11042,SIN,9.0,13:10:00,13:10:00,2.0
11042,CLA,10.0,13:06:00,13:06:00,2.0
11042,VVH,11.0,13:03:00,13:03:00,2.0
11042,GC,12.0,13:02:00,13:02:00,2.0
11042,VK,13.0,12:57:00,12:57:00,2.0
11042,BND,14.0,12:53:00,12:53:00,2.0
11042,NHU,15.0,12:51:00,12:51:00,2.0
11042,MLND,16.0,12:48:00,12:48:00,2.0
11042,TNA,17.0,12:44:00,12:45:00,2.0
11042,KLVA,18.0,12:41:00,12:41:00,2.0
11042,MBQ,19.0,12:37:00,12:37:00,2.0
11042,DIVA,20.0,12:35:00,12:35:00,2.0
11042,KOPR,21.0,12:31:00,12:31:00,2.0
11042,DI,22.0,12:30:00,12:30:00,2.0
11042,THK,23.0,12:28:00,12:28:00,2.0
11042,KYN,24.0,12:24:00,12:25:00,2.0
11042,VLDI,25.0,12:22:00,12:22:00,2.0
11042,ULNR,26.0,12:20:00,12:20:00,2.0
11042,ABH,27.0,12:16:00,12:16:00,2.0
11042,BUD,28.0,12:06:00,12:06:00,2.0
11042,VGI,29.0,11:52:00,11:52:00,2.0
11042,SHLU,30.0,11:46:00,11:46:00,2.0
11042,NRL,31.0,11:41:00,11:41:00,2.0
11042,BVS,32.0,11:32:00,11:32:00,2.0
11042,KJT,33.0,11:22:00,11:22:00,2.0
11042,PDI,34.0,11:18:00,11:18:00,2.0
11042,KAD,35.0,10:50:00,10:50:00,2.0
11042,LNL,36.0,10:44:00,10:45:00,2.0
11042,MVL,37.0,10:37:00,10:37:00,2.0
11042,KMST,38.0,10:28:00,10:28:00,2.0
11042,KNHE,39.0,10:23:00,10:23:00,2.0
11042,VDN,40.0,10:18:00,10:18:00,2.0
11042,TGN,41.0,10:14:00,10:14:00,2.0
11042,GRWD,42.0,10:11:00,10:11:00,2.0
11042,DEHR,43.0,10:04:00,10:04:00,2.0
11042,AKRD,44.0,09:59:00,09:59:00,2.0
11042,CCH,45.0,09:56:00,09:56:00,2.0
11042,PMP,46.0,09:53:00,09:53:00,2.0
11042,KSWD,47.0,09:51:00,09:51:00,2.0
11042,DAPD,48.0,09:47:00,09:47:00,2.0
11042,KK,49.0,09:44:00,09:45:00,2.0
11042,SVJR,50.0,09:39:00,09:39:00,2.0
11042,PUNE,51.0,09:30:00,09:35:00,2.0
11043,VVH,1.0,00:16:00,00:16:00,1.0
11043,GC,2.0,00:18:00,00:18:00,1.0
11043,VK,3.0,00:21:00,00:21:00,1.0
11043,BND,4.0,00:25:00,00:25:00,1.0
11043,NHU,5.0,00:27:00,00:27:00,1.0
11043,MLND,6.0,00:29:00,00:29:00,1.0
11043,TNA,7.0,00:33:00,00:35:00,1.0
11043,DIVA,8.0,00:46:00,00:46:00,1.0
11043,KOPR,9.0,00:51:00,00:51:00,1.0
11043,DI,10.0,00:53:00,00:53:00,1.0
11043,THK,11.0,00:54:00,00:54:00,1.0
11043,KYN,12.0,00:58:00,01:00:00,1.0
11043,VLDI,13.0,01:03:00,01:03:00,1.0
11043,ULNR,14.0,01:05:00,01:05:00,1.0
11043,ABH,15.0,01:09:00,01:09:00,1.0
11043,BUD,16.0,01:18:00,01:18:00,1.0
11043,VGI,17.0,01:32:00,01:32:00,1.0
11043,SHLU,18.0,01:37:00,01:37:00,1.0
11043,NRL,19.0,01:42:00,01:42:00,1.0
11043,BVS,20.0,01:51:00,01:51:00,1.0
11043,KJT,21.0,01:58:00,02:00:00,1.0
11043,PDI,22.0,02:05:00,02:05:00,1.0
11043,KAD,23.0,02:37:00,02:37:00,1.0
11043,LNL,24.0,02:43:00,02:45:00,1.0
11043,MVL,25.0,02:53:00,02:53:00,1.0
11043,KMST,26.0,03:03:00,03:03:00,1.0
11043,KNHE,27.0,03:08:00,03:08:00,1.0
11043,VDN,28.0,03:13:00,03:13:00,1.0
11043,TGN,29.0,03:18:00,03:18:00,1.0
11043,GRWD,30.0,03:21:00,03:21:00,1.0
11043,DEHR,31.0,03:28:00,03:28:00,1.0
11043,AKRD,32.0,03:34:00,03:34:00,1.0
11043,CCH,33.0,03:37:00,03:37:00,1.0
11043,PMP,34.0,03:40:00,03:40:00,1.0
11043,KSWD,35.0,03:42:00,03:42:00,1.0
11043,DAPD,36.0,03:46:00,03:46:00,1.0
11043,KK,37.0,03:49:00,03:49:00,1.0
11043,SVJR,38.0,03:53:00,03:53:00,1.0
11043,PUNE,39.0,03:55:00,04:00:00,1.0
11043,BGWI,,None,None,
11044,VVH,1.0,05:39:00,05:39:00,3.0
11044,GC,2.0,05:36:00,05:36:00,3.0
11044,VK,3.0,05:28:00,05:28:00,3.0
11044,BND,4.0,05:19:00,05:19:00,3.0
11044,NHU,5.0,05:16:00,05:16:00,3.0
11044,MLND,6.0,05:11:00,05:11:00,3.0
11044,TNA,7.0,05:03:00,05:05:00,3.0
11044,DIVA,8.0,04:57:00,04:57:00,3.0
11044,KOPR,9.0,04:54:00,04:54:00,3.0
11044,DI,10.0,04:53:00,04:53:00,3.0
11044,THK,11.0,04:52:00,04:52:00,3.0
11044,KYN,12.0,04:49:00,04:50:00,3.0
11044,VLDI,13.0,04:47:00,04:47:00,3.0
11044,ULNR,14.0,04:45:00,04:45:00,3.0
11044,ABH,15.0,04:42:00,04:42:00,3.0
11044,BUD,16.0,04:32:00,04:32:00,3.0
11044,VGI,17.0,04:18:00,04:18:00,3.0
11044,SHLU,18.0,04:13:00,04:13:00,3.0
11044,NRL,19.0,04:08:00,04:08:00,3.0
11044,BVS,20.0,03:59:00,03:59:00,3.0
11044,KJT,21.0,03:50:00,03:50:00,3.0
11044,PDI,22.0,03:47:00,03:47:00,3.0
11044,KAD,23.0,03:20:00,03:20:00,3.0
11044,LNL,24.0,03:14:00,03:15:00,3.0
11044,MVL,25.0,03:06:00,03:06:00,3.0
11044,KMST,26.0,02:57:00,02:57:00,3.0
11044,KNHE,27.0,02:52:00,02:52:00,3.0
11044,VDN,28.0,02:46:00,02:46:00,3.0
11044,TGN,29.0,02:42:00,02:42:00,3.0
11044,GRWD,30.0,02:39:00,02:39:00,3.0
11044,DEHR,31.0,02:32:00,02:32:00,3.0
11044,AKRD,32.0,02:26:00,02:26:00,3.0
11044,CCH,33.0,02:23:00,02:23:00,3.0
11044,PMP,34.0,02:20:00,02:20:00,3.0
11044,KSWD,35.0,02:18:00,02:18:00,3.0
11044,DAPD,36.0,02:14:00,02:14:00,3.0
11044,KK,37.0,02:12:00,02:12:00,3.0
11044,SVJR,38.0,02:08:00,02:08:00,3.0
11044,PUNE,39.0,02:00:00,02:05:00,3.0
11044,BGWI,,None,None,
11049,KOPR,1.0,04:48:00,04:48:00,2.0
11049,DI,2.0,04:56:00,04:56:00,2.0
11049,THK,3.0,04:58:00,04:58:00,2.0
11049,KYN,4.0,05:15:00,05:20:00,2.0
11049,VLDI,5.0,05:22:00,05:22:00,2.0
11049,ULNR,6.0,05:24:00,05:24:00,2.0
11049,ABH,7.0,05:26:00,05:26:00,2.0
11049,BUD,8.0,05:33:00,05:33:00,2.0
11049,VGI,9.0,05:43:00,05:43:00,2.0
11049,SHLU,10.0,05:47:00,05:47:00,2.0
11049,NRL,11.0,05:51:00,05:51:00,2.0
11049,BVS,12.0,05:57:00,05:57:00,2.0
11049,KJT,13.0,06:03:00,06:05:00,2.0
11049,PDI,14.0,06:10:00,06:10:00,2.0
11049,KAD,15.0,06:46:00,06:46:00,2.0
11049,LNL,16.0,06:53:00,06:55:00,2.0
11049,MVL,17.0,07:02:00,07:02:00,2.0
11049,KMST,18.0,07:11:00,07:11:00,2.0
11049,KNHE,19.0,07:16:00,07:16:00,2.0
11049,VDN,20.0,07:21:00,07:21:00,2.0
11049,TGN,21.0,07:25:00,07:25:00,2.0
11049,GRWD,22.0,07:28:00,07:28:00,2.0
11049,DEHR,23.0,07:35:00,07:35:00,2.0
11049,AKRD,24.0,07:40:00,07:40:00,2.0
11049,CCH,25.0,07:43:00,07:43:00,2.0
11049,PMP,26.0,07:46:00,07:46:00,2.0
11049,KSWD,27.0,07:48:00,07:48:00,2.0
11049,DAPD,28.0,07:52:00,07:52:00,2.0
11049,KK,29.0,07:54:00,07:54:00,2.0
11049,SVJR,30.0,07:58:00,07:58:00,2.0
11049,PUNE,31.0,08:00:00,08:10:00,2.0
11050,KOPR,1.0,22:34:00,22:34:00,1.0
11050,DI,2.0,22:30:00,22:30:00,1.0
11050,THK,3.0,22:28:00,22:28:00,1.0
11050,KYN,4.0,22:20:00,22:25:00,1.0
11050,VLDI,5.0,22:18:00,22:18:00,1.0
11050,ULNR,6.0,22:16:00,22:16:00,1.0
11050,ABH,7.0,22:14:00,22:14:00,1.0
11050,BUD,8.0,22:05:00,22:05:00,1.0
11050,VGI,9.0,21:54:00,21:54:00,1.0
11050,SHLU,10.0,21:49:00,21:49:00,1.0
11050,NRL,11.0,21:45:00,21:45:00,1.0
11050,BVS,12.0,21:38:00,21:38:00,1.0
11050,KJT,13.0,21:28:00,21:30:00,1.0
11050,PDI,14.0,21:21:00,21:21:00,1.0
11050,KAD,15.0,20:51:00,20:51:00,1.0
11050,LNL,16.0,20:43:00,20:45:00,1.0
11050,MVL,17.0,20:37:00,20:37:00,1.0
11050,KMST,18.0,20:30:00,20:30:00,1.0
11050,KNHE,19.0,20:26:00,20:26:00,1.0
11050,VDN,20.0,20:22:00,20:22:00,1.0
11050,TGN,21.0,20:19:00,20:19:00,1.0
11050,GRWD,22.0,20:16:00,20:16:00,1.0
11050,DEHR,23.0,20:11:00,20:11:00,1.0
11050,AKRD,24.0,20:06:00,20:06:00,1.0
11050,CCH,25.0,20:04:00,20:04:00,1.0
11050,PMP,26.0,20:02:00,20:02:00,1.0
11050,KSWD,27.0,20:00:00,20:00:00,1.0
11050,DAPD,28.0,19:57:00,19:57:00,1.0
11050,KK,29.0,19:55:00,19:55:00,1.0
11050,SVJR,30.0,19:52:00,19:52:00,1.0
11050,PUNE,31.0,19:40:00,19:50:00,1.0
11087,KOPR,1.0,01:11:00,01:11:00,2.0
11087,DI,2.0,01:21:00,01:21:00,2.0
11087,THK,3.0,01:24:00,01:24:00,2.0
11087,KYN,4.0,01:45:00,01:50:00,2.0
11087,VLDI,5.0,01:52:00,01:52:00,2.0
11087,ULNR,6.0,01:54:00,01:54:00,2.0
11087,ABH,7.0,01:56:00,01:56:00,2.0
11087,BUD,8.0,02:02:00,02:02:00,2.0
11087,VGI,9.0,02:11:00,02:11:00,2.0
11087,SHLU,10.0,02:14:00,02:14:00,2.0
11087,NRL,11.0,02:18:00,02:18:00,2.0
11087,BVS,12.0,02:23:00,02:23:00,2.0
11087,KJT,13.0,02:28:00,02:30:00,2.0
11087,PDI,14.0,02:36:00,02:36:00,2.0
11087,KAD,15.0,03:16:00,03:16:00,2.0
11087,LNL,16.0,03:23:00,03:25:00,2.0
11087,MVL,17.0,03:31:00,03:31:00,2.0
11087,KMST,18.0,03:39:00,03:39:00,2.0
11087,KNHE,19.0,03:43:00,03:43:00,2.0
11087,VDN,20.0,03:47:00,03:47:00,2.0
11087,TGN,21.0,03:50:00,03:50:00,2.0
11087,GRWD,22.0,03:53:00,03:53:00,2.0
11087,DEHR,23.0,03:59:00,03:59:00,2.0
11087,AKRD,24.0,04:03:00,04:03:00,2.0
11087,CCH,25.0,04:06:00,04:06:00,2.0
11087,PMP,26.0,04:08:00,04:08:00,2.0
11087,KSWD,27.0,04:10:00,04:10:00,2.0
11087,DAPD,28.0,04:13:00,04:13:00,2.0
11087,KK,29.0,04:15:00,04:15:00,2.0
11087,SVJR,30.0,04:18:00,04:20:00,2.0
11087,PUNE,31.0,04:45:00,None,2.0
11088,KOPR,1.0,22:34:00,22:34:00,1.0
11088,DI,2.0,22:30:00,22:30:00,1.0
11088,THK,3.0,22:28:00,22:28:00,1.0
11088,KYN,4.0,22:20:00,22:25:00,1.0
11088,VLDI,5.0,22:18:00,22:18:00,1.0
11088,ULNR,6.0,22:16:00,22:16:00,1.0
11088,ABH,7.0,22:13:00,22:13:00,1.0
11088,BUD,8.0,22:05:00,22:05:00,1.0
11088,VGI,9.0,21:53:00,21:53:00,1.0
11088,SHLU,10.0,21:49:00,21:49:00,1.0
11088,NRL,11.0,21:45:00,21:45:00,1.0
11088,BVS,12.0,21:37:00,21:37:00,1.0
11088,KJT,13.0,21:28:00,21:30:00,1.0
11088,PDI,14.0,21:23:00,21:23:00,1.0
11088,KAD,15.0,20:51:00,20:51:00,1.0
11088,LNL,16.0,20:43:00,20:45:00,1.0
11088,MVL,17.0,20:37:00,20:37:00,1.0
11088,KMST,18.0,20:30:00,20:30:00,1.0
11088,KNHE,19.0,20:26:00,20:26:00,1.0
11088,VDN,20.0,20:22:00,20:22:00,1.0
11088,TGN,21.0,20:19:00,20:19:00,1.0
11088,GRWD,22.0,20:16:00,20:16:00,1.0
11088,DEHR,23.0,20:10:00,20:10:00,1.0
11088,AKRD,24.0,20:06:00,20:06:00,1.0
11088,CCH,25.0,20:04:00,20:04:00,1.0
11088,PMP,26.0,20:02:00,20:02:00,1.0
11088,KSWD,27.0,20:00:00,20:00:00,1.0
11088,DAPD,28.0,19:57:00,19:57:00,1.0
11088,KK,29.0,19:55:00,19:55:00,1.0
11088,SVJR,30.0,19:52:00,19:52:00,1.0
11088,PUNE,31.0,None,19:50:00,1.0
11089,CHP,1.0,12:09:00,12:09:00,1.0
11089,KOPR,1.0,01:11:00,01:11:00,2.0
11089,DI,2.0,01:21:00,01:21:00,2.0
11089,THK,3.0,01:24:00,01:24:00,2.0
11089,KYN,4.0,01:45:00,01:50:00,2.0
11089,VLDI,5.0,01:52:00,01:52:00,2.0
11089,ULNR,6.0,01:54:00,01:54:00,2.0
11089,ABH,7.0,01:56:00,01:56:00,2.0
11089,BUD,8.0,02:02:00,02:02:00,2.0
11089,VGI,9.0,02:11:00,02:11:00,2.0
11089,SHLU,10.0,02:14:00,02:14:00,2.0
11089,NRL,11.0,02:18:00,02:18:00,2.0
11089,BVS,12.0,02:23:00,02:23:00,2.0
11089,KJT,13.0,02:28:00,02:30:00,2.0
11089,PDI,14.0,02:36:00,02:36:00,2.0
11089,KAD,15.0,03:16:00,03:16:00,2.0
11089,LNL,16.0,03:23:00,03:25:00,2.0
11089,MVL,17.0,03:31:00,03:31:00,2.0
11089,KMST,18.0,03:39:00,03:39:00,2.0
11089,KNHE,19.0,03:43:00,03:43:00,2.0
11089,VDN,20.0,03:47:00,03:47:00,2.0
11089,TGN,21.0,03:50:00,03:50:00,2.0
11089,GRWD,22.0,03:53:00,03:53:00,2.0
11089,DEHR,23.0,03:59:00,03:59:00,2.0
11089,AKRD,24.0,04:03:00,04:03:00,2.0
11089,CCH,25.0,04:06:00,04:06:00,2.0
11089,PMP,26.0,04:08:00,04:08:00,2.0
11089,KSWD,27.0,04:10:00,04:10:00,2.0
11089,DAPD,28.0,04:13:00,04:13:00,2.0
11089,KK,29.0,04:15:00,04:15:00,2.0
11089,SVJR,30.0,04:18:00,04:20:00,2.0
11089,PUNE,31.0,04:45:00,None,2.0
11089,BGWI,,None,None,
11090,KOPR,1.0,22:34:00,22:34:00,1.0
11090,DI,2.0,22:30:00,22:30:00,1.0
11090,THK,3.0,22:28:00,22:28:00,1.0
11090,KYN,4.0,22:20:00,22:25:00,1.0
11090,VLDI,5.0,22:18:00,22:18:00,1.0
11090,ULNR,6.0,22:16:00,22:16:00,1.0
11090,ABH,7.0,22:13:00,22:13:00,1.0
11090,BUD,8.0,22:05:00,22:05:00,1.0
11090,VGI,9.0,21:53:00,21:53:00,1.0
11090,SHLU,10.0,21:49:00,21:49:00,1.0
11090,NRL,11.0,21:45:00,21:45:00,1.0
11090,BVS,12.0,21:37:00,21:37:00,1.0
11090,KJT,13.0,21:28:00,21:30:00,1.0
11090,PDI,14.0,21:23:00,21:23:00,1.0
11090,KAD,15.0,20:51:00,20:51:00,1.0
11090,LNL,16.0,20:43:00,20:45:00,1.0
11090,MVL,17.0,20:37:00,20:37:00,1.0
11090,KMST,18.0,20:30:00,20:30:00,1.0
11090,KNHE,19.0,20:26:00,20:26:00,1.0
11090,VDN,20.0,20:22:00,20:22:00,1.0
11090,TGN,21.0,20:19:00,20:19:00,1.0
11090,GRWD,22.0,20:16:00,20:16:00,1.0
11090,DEHR,23.0,20:10:00,20:10:00,1.0
11090,AKRD,24.0,20:06:00,20:06:00,1.0
11090,CCH,25.0,20:04:00,20:04:00,1.0
11090,PMP,26.0,20:02:00,20:02:00,1.0
11090,KSWD,27.0,20:00:00,20:00:00,1.0
11090,DAPD,28.0,19:57:00,19:57:00,1.0
11090,KK,29.0,19:55:00,19:55:00,1.0
11090,SVJR,30.0,19:52:00,19:52:00,1.0
11090,PUNE,31.0,None,19:50:00,1.0
11090,CHP,1.0,10:55:00,10:55:00,2.0
11090,BGWI,,None,None,
11091,KOPR,1.0,01:11:00,01:11:00,2.0
11091,DI,2.0,01:21:00,01:21:00,2.0
11091,THK,3.0,01:24:00,01:24:00,2.0
11091,KYN,4.0,01:45:00,01:50:00,2.0
11091,VLDI,5.0,01:52:00,01:52:00,2.0
11091,ULNR,6.0,01:54:00,01:54:00,2.0
11091,ABH,7.0,01:56:00,01:56:00,2.0
11091,BUD,8.0,02:02:00,02:02:00,2.0
11091,VGI,9.0,02:11:00,02:11:00,2.0
11091,SHLU,10.0,02:14:00,02:14:00,2.0
11091,NRL,11.0,02:18:00,02:18:00,2.0
11091,BVS,12.0,02:23:00,02:23:00,2.0
11091,KJT,13.0,02:28:00,02:30:00,2.0
11091,PDI,14.0,02:36:00,02:36:00,2.0
11091,KAD,15.0,03:16:00,03:16:00,2.0
11091,LNL,16.0,03:23:00,03:25:00,2.0
11091,MVL,17.0,03:31:00,03:31:00,2.0
11091,KMST,18.0,03:39:00,03:39:00,2.0
11091,KNHE,19.0,03:43:00,03:43:00,2.0
11091,VDN,20.0,03:47:00,03:47:00,2.0
11091,TGN,21.0,03:50:00,03:50:00,2.0
11091,GRWD,22.0,03:53:00,03:53:00,2.0
11091,DEHR,23.0,03:59:00,03:59:00,2.0
11091,AKRD,24.0,04:03:00,04:03:00,2.0
11091,CCH,25.0,04:06:00,04:06:00,2.0
11091,PMP,26.0,04:08:00,04:08:00,2.0
11091,KSWD,27.0,04:10:00,04:10:00,2.0
11091,DAPD,28.0,04:13:00,04:13:00,2.0
11091,KK,29.0,04:15:00,04:15:00,2.0
11091,SVJR,30.0,04:18:00,04:20:00,2.0
11091,PUNE,31.0,04:45:00,None,2.0
11091,BGWI,,None,None,
11092,KOPR,1.0,22:34:00,22:34:00,1.0
11092,DI,2.0,22:30:00,22:30:00,1.0
11092,THK,3.0,22:28:00,22:28:00,1.0
11092,KYN,4.0,22:20:00,22:25:00,1.0
11092,VLDI,5.0,22:18:00,22:18:00,1.0
11092,ULNR,6.0,22:16:00,22:16:00,1.0
11092,ABH,7.0,22:13:00,22:13:00,1.0
11092,BUD,8.0,22:05:00,22:05:00,1.0
11092,VGI,9.0,21:53:00,21:53:00,1.0
11092,SHLU,10.0,21:49:00,21:49:00,1.0
11092,NRL,11.0,21:45:00,21:45:00,1.0
11092,BVS,12.0,21:37:00,21:37:00,1.0
11092,KJT,13.0,21:28:00,21:30:00,1.0
11092,PDI,14.0,21:23:00,21:23:00,1.0
11092,KAD,15.0,20:51:00,20:51:00,1.0
11092,LNL,16.0,20:43:00,20:45:00,1.0
11092,MVL,17.0,20:37:00,20:37:00,1.0
11092,KMST,18.0,20:30:00,20:30:00,1.0
11092,KNHE,19.0,20:26:00,20:26:00,1.0
11092,VDN,20.0,20:22:00,20:22:00,1.0
11092,TGN,21.0,20:19:00,20:19:00,1.0
11092,GRWD,22.0,20:16:00,20:16:00,1.0
11092,DEHR,23.0,20:10:00,20:10:00,1.0
11092,AKRD,24.0,20:06:00,20:06:00,1.0
11092,CCH,25.0,20:04:00,20:04:00,1.0
11092,PMP,26.0,20:02:00,20:02:00,1.0
11092,KSWD,27.0,20:00:00,20:00:00,1.0
11092,DAPD,28.0,19:57:00,19:57:00,1.0
11092,KK,29.0,19:55:00,19:55:00,1.0
11092,SVJR,30.0,19:52:00,19:52:00,1.0
11092,PUNE,31.0,None,19:50:00,1.0
11092,BGWI,,None,None,
11095,KOPR,1.0,01:11:00,01:11:00,2.0
11095,DI,2.0,01:21:00,01:21:00,2.0
11095,THK,3.0,01:24:00,01:24:00,2.0
11095,KYN,4.0,01:45:00,01:50:00,2.0
11095,VLDI,5.0,01:52:00,01:52:00,2.0
11095,ULNR,6.0,01:53:00,01:53:00,2.0
11095,ABH,7.0,01:55:00,01:55:00,2.0
11095,BUD,8.0,02:02:00,02:02:00,2.0
11095,VGI,9.0,02:11:00,02:11:00,2.0
11095,SHLU,10.0,02:14:00,02:14:00,2.0
11095,NRL,11.0,02:17:00,02:17:00,2.0
11095,BVS,12.0,02:23:00,02:23:00,2.0
11095,KJT,13.0,02:28:00,02:30:00,2.0
11095,PDI,14.0,02:36:00,02:36:00,2.0
11095,KAD,15.0,03:16:00,03:16:00,2.0
11095,LNL,16.0,03:23:00,03:25:00,2.0
11095,MVL,17.0,03:31:00,03:31:00,2.0
11095,KMST,18.0,03:39:00,03:39:00,2.0
11095,KNHE,19.0,03:43:00,03:43:00,2.0
11095,VDN,20.0,03:47:00,03:47:00,2.0
11095,TGN,21.0,03:51:00,03:51:00,2.0
11095,GRWD,22.0,03:54:00,03:54:00,2.0
11095,DEHR,23.0,03:59:00,03:59:00,2.0
11095,AKRD,24.0,04:04:00,04:04:00,2.0
11095,CCH,25.0,04:06:00,04:06:00,2.0
11095,PMP,26.0,04:08:00,04:08:00,2.0
11095,KSWD,27.0,04:10:00,04:10:00,2.0
11095,DAPD,28.0,04:14:00,04:14:00,2.0
11095,KK,29.0,04:16:00,04:16:00,2.0
11095,SVJR,30.0,04:18:00,04:20:00,2.0
11095,PUNE,31.0,04:45:00,None,2.0
11096,KOPR,1.0,22:34:00,22:34:00,1.0
11096,DI,2.0,22:30:00,22:30:00,1.0
11096,THK,3.0,22:28:00,22:28:00,1.0
11096,KYN,4.0,22:20:00,22:25:00,1.0
11096,VLDI,5.0,22:17:00,22:17:00,1.0
11096,ULNR,6.0,22:15:00,22:15:00,1.0
11096,ABH,7.0,22:13:00,22:13:00,1.0
11096,BUD,8.0,22:05:00,22:05:00,1.0
11096,VGI,9.0,21:53:00,21:53:00,1.0
11096,SHLU,10.0,21:49:00,21:49:00,1.0
11096,NRL,11.0,21:44:00,21:44:00,1.0
11096,BVS,12.0,21:37:00,21:37:00,1.0
11096,KJT,13.0,21:28:00,21:30:00,1.0
11096,PDI,14.0,21:23:00,21:23:00,1.0
11096,KAD,15.0,20:51:00,20:51:00,1.0
11096,LNL,16.0,20:43:00,20:45:00,1.0
11096,MVL,17.0,20:37:00,20:37:00,1.0
11096,KMST,18.0,20:30:00,20:30:00,1.0
11096,KNHE,19.0,20:26:00,20:26:00,1.0
11096,VDN,20.0,20:22:00,20:22:00,1.0
11096,TGN,21.0,20:18:00,20:18:00,1.0
11096,GRWD,22.0,20:16:00,20:16:00,1.0
11096,DEHR,23.0,20:10:00,20:10:00,1.0
11096,AKRD,24.0,20:06:00,20:06:00,1.0
11096,CCH,25.0,20:04:00,20:04:00,1.0
11096,PMP,26.0,20:02:00,20:02:00,1.0
11096,KSWD,27.0,20:00:00,20:00:00,1.0
11096,DAPD,28.0,19:57:00,19:57:00,1.0
11096,KK,29.0,19:55:00,19:55:00,1.0
11096,SVJR,30.0,19:52:00,19:52:00,1.0
11096,PUNE,31.0,None,19:50:00,1.0
12115,CSMT,1.0,None,22:42:00,1.0
12115,MSD,2.0,22:43:00,22:43:00,1.0
12115,SNRD,3.0,22:45:00,22:45:00,1.0
12115,BY,4.0,22:47:00,22:47:00,1.0
12115,CRD,5.0,22:49:00,22:49:00,1.0
12115,PR,6.0,22:51:00,22:51:00,1.0
12115,DR,7.0,22:53:00,22:55:00,1.0
12115,MTN,8.0,22:56:00,22:56:00,1.0
12115,SIN,9.0,22:59:00,22:59:00,1.0
12115,CLA,10.0,23:01:00,23:01:00,1.0
12115,VVH,11.0,23:03:00,23:03:00,1.0
12115,GC,12.0,23:05:00,23:05:00,1.0
12115,VK,13.0,23:08:00,23:08:00,1.0
12115,BND,14.0,23:12:00,23:12:00,1.0
12115,NHU,15.0,23:13:00,23:13:00,1.0
12115,MLND,16.0,23:15:00,23:15:00,1.0
12115,TNA,17.0,23:18:00,23:20:00,1.0
12115,KLVA,18.0,23:22:00,23:22:00,1.0
12115,MBQ,19.0,23:26:00,23:26:00,1.0
12115,DIVA,20.0,23:29:00,23:29:00,1.0
12115,KOPR,21.0,23:33:00,23:33:00,1.0
12115,DI,22.0,23:34:00,23:34:00,1.0
12115,THK,23.0,23:35:00,23:35:00,1.0
12115,KYN,24.0,23:38:00,23:40:00,1.0
12115,VLDI,25.0,23:42:00,23:42:00,1.0
12115,ULNR,26.0,23:44:00,23:44:00,1.0
12115,ABH,27.0,23:46:00,23:46:00,1.0
12115,BUD,28.0,23:52:00,23:52:00,1.0
12115,VGI,1.0,00:01:00,00:01:00,2.0
12115,SHLU,2.0,00:04:00,00:04:00,2.0
12115,NRL,3.0,00:08:00,00:08:00,2.0
12115,BVS,4.0,00:13:00,00:13:00,2.0
12115,KJT,5.0,00:18:00,00:20:00,2.0
12115,PDI,6.0,00:25:00,00:25:00,2.0
12115,KAD,7.0,00:58:00,01:00:00,2.0
12115,LNL,8.0,01:08:00,01:10:00,2.0
12115,MVL,9.0,01:17:00,01:17:00,2.0
12115,KMST,10.0,01:26:00,01:26:00,2.0
12115,KNHE,11.0,01:31:00,01:31:00,2.0
12115,VDN,12.0,01:36:00,01:36:00,2.0
12115,TGN,13.0,01:40:00,01:40:00,2.0
12115,GRWD,14.0,01:43:00,01:43:00,2.0
12115,DEHR,15.0,01:50:00,01:50:00,2.0
12115,AKRD,16.0,01:55:00,01:55:00,2.0
12115,CCH,17.0,01:58:00,01:58:00,2.0
12115,PMP,18.0,02:01:00,02:01:00,2.0
12115,KSWD,19.0,02:03:00,02:03:00,2.0
12115,DAPD,20.0,02:07:00,02:07:00,2.0
12115,KK,21.0,02:09:00,02:09:00,2.0
12115,SVJR,22.0,02:13:00,02:13:00,2.0
12115,PUNE,23.0,02:15:00,02:25:00,2.0
12116,CSMT,1.0,07:00:00,None,2.0
12116,MSD,2.0,06:59:00,06:59:00,2.0
12116,SNRD,3.0,06:55:00,06:55:00,2.0
12116,BY,4.0,06:48:00,06:48:00,2.0
12116,CRD,5.0,06:41:00,06:41:00,2.0
12116,PR,6.0,06:34:00,06:34:00,2.0
12116,DR,7.0,06:28:00,06:30:00,2.0
12116,MTN,8.0,06:26:00,06:26:00,2.0
12116,SIN,9.0,06:24:00,06:24:00,2.0
12116,CLA,10.0,06:21:00,06:21:00,2.0
12116,VVH,11.0,06:19:00,06:19:00,2.0
12116,GC,12.0,06:18:00,06:18:00,2.0
12116,VK,13.0,06:14:00,06:14:00,2.0
12116,BND,14.0,06:11:00,06:11:00,2.0
12116,NHU,15.0,06:09:00,06:09:00,2.0
12116,MLND,16.0,06:07:00,06:07:00,2.0
12116,TNA,17.0,06:03:00,06:05:00,2.0
12116,KLVA,18.0,06:01:00,06:01:00,2.0
12116,MBQ,19.0,05:57:00,05:57:00,2.0
12116,DIVA,20.0,05:55:00,05:55:00,2.0
12116,KOPR,21.0,05:51:00,05:51:00,2.0
12116,DI,22.0,05:49:00,05:49:00,2.0
12116,THK,23.0,05:48:00,05:48:00,2.0
12116,KYN,24.0,05:43:00,05:45:00,2.0
12116,VLDI,25.0,05:41:00,05:41:00,2.0
12116,ULNR,26.0,05:39:00,05:39:00,2.0
12116,ABH,27.0,05:37:00,05:37:00,2.0
12116,BUD,28.0,05:29:00,05:29:00,2.0
12116,VGI,29.0,05:18:00,05:18:00,2.0
12116,SHLU,30.0,05:14:00,05:14:00,2.0
12116,NRL,31.0,05:09:00,05:09:00,2.0
12116,BVS,32.0,05:02:00,05:02:00,2.0
12116,KJT,33.0,04:53:00,04:55:00,2.0
12116,PDI,34.0,04:48:00,04:48:00,2.0
12116,KAD,35.0,04:18:00,04:20:00,2.0
12116,LNL,36.0,04:13:00,04:15:00,2.0
12116,MVL,37.0,04:06:00,04:06:00,2.0
12116,KMST,38.0,03:58:00,03:58:00,2.0
12116,KNHE,39.0,03:54:00,03:54:00,2.0
12116,VDN,40.0,03:49:00,03:49:00,2.0
12116,TGN,41.0,03:46:00,03:46:00,2.0
12116,GRWD,42.0,03:43:00,03:43:00,2.0
12116,DEHR,43.0,03:37:00,03:37:00,2.0
12116,AKRD,44.0,03:33:00,03:33:00,2.0
12116,CCH,45.0,03:30:00,03:30:00,2.0
12116,PMP,46.0,03:28:00,03:28:00,2.0
12116,KSWD,47.0,03:26:00,03:26:00,2.0
12116,DAPD,48.0,03:22:00,03:22:00,2.0
12116,KK,49.0,03:20:00,03:20:00,2.0
12116,SVJR,50.0,03:17:00,03:17:00,2.0
12116,PUNE,51.0,03:05:00,03:15:00,2.0
12123,CSMT,1.0,None,17:10:00,1.0
12123,MSD,2.0,17:11:00,17:11:00,1.0
12123,SNRD,3.0,17:12:00,17:12:00,1.0
12123,BY,4.0,17:13:00,17:13:00,1.0
12123,CRD,5.0,17:15:00,17:15:00,1.0
12123,PR,6.0,17:16:00,17:16:00,1.0
12123,DR,7.0,17:17:00,17:17:00,1.0
12123,MTN,8.0,17:18:00,17:18:00,1.0
12123,SIN,9.0,17:21:00,17:21:00,1.0
12123,CLA,10.0,17:23:00,17:23:00,1.0
12123,VVH,11.0,17:25:00,17:25:00,1.0
12123,GC,12.0,17:26:00,17:26:00,1.0
12123,VK,13.0,17:29:00,17:29:00,1.0
12123,BND,14.0,17:32:00,17:32:00,1.0
12123,NHU,15.0,17:34:00,17:34:00,1.0
12123,MLND,16.0,17:35:00,17:35:00,1.0
12123,TNA,17.0,17:38:00,17:38:00,1.0
12123,KLVA,18.0,17:40:00,17:40:00,1.0
12123,MBQ,19.0,17:43:00,17:43:00,1.0
12123,DIVA,20.0,17:46:00,17:46:00,1.0
12123,KOPR,21.0,17:49:00,17:49:00,1.0
12123,DI,22.0,17:50:00,17:50:00,1.0
12123,THK,23.0,17:51:00,17:51:00,1.0
12123,KYN,24.0,17:55:00,17:55:00,1.0
12123,VLDI,25.0,17:57:00,17:57:00,1.0
12123,ULNR,26.0,17:58:00,17:58:00,1.0
12123,ABH,27.0,18:00:00,18:00:00,1.0
12123,BUD,28.0,18:07:00,18:07:00,1.0
12123,VGI,29.0,18:16:00,18:16:00,1.0
12123,SHLU,30.0,18:19:00,18:19:00,1.0
12123,NRL,31.0,18:22:00,18:22:00,1.0
12123,BVS,32.0,18:28:00,18:28:00,1.0
12123,KJT,33.0,18:33:00,18:35:00,1.0
12123,PDI,34.0,18:40:00,18:40:00,1.0
12123,KAD,35.0,19:12:00,19:12:00,1.0
12123,LNL,36.0,19:18:00,19:20:00,1.0
12123,MVL,37.0,19:26:00,19:26:00,1.0
12123,KMST,38.0,19:32:00,19:32:00,1.0
12123,KNHE,39.0,19:36:00,19:36:00,1.0
12123,VDN,40.0,19:40:00,19:40:00,1.0
12123,TGN,41.0,19:43:00,19:43:00,1.0
12123,GRWD,42.0,19:45:00,19:45:00,1.0
12123,DEHR,43.0,19:51:00,19:51:00,1.0
12123,AKRD,44.0,19:54:00,19:54:00,1.0
12123,CCH,45.0,19:57:00,19:57:00,1.0
12123,PMP,46.0,19:59:00,19:59:00,1.0
12123,KSWD,47.0,20:00:00,20:00:00,1.0
12123,DAPD,48.0,20:03:00,20:03:00,1.0
12123,KK,49.0,20:05:00,20:05:00,1.0
12123,SVJR,50.0,20:08:00,20:10:00,1.0
12123,PUNE,51.0,20:25:00,None,1.0
12124,CSMT,1.0,10:25:00,None,1.0
12124,MSD,2.0,10:22:00,10:22:00,1.0
12124,SNRD,3.0,10:20:00,10:20:00,1.0
12124,BY,4.0,10:16:00,10:16:00,1.0
12124,CRD,5.0,10:11:00,10:11:00,1.0
12124,PR,6.0,10:07:00,10:07:00,1.0
12124,DR,7.0,10:03:00,10:05:00,1.0
12124,MTN,8.0,10:03:00,10:03:00,1.0
12124,SIN,9.0,10:00:00,10:00:00,1.0
12124,CLA,10.0,09:58:00,09:58:00,1.0
12124,VVH,11.0,09:55:00,09:55:00,1.0
12124,GC,12.0,09:54:00,09:54:00,1.0
12124,VK,13.0,09:50:00,09:50:00,1.0
12124,BND,14.0,09:47:00,09:47:00,1.0
12124,NHU,15.0,09:45:00,09:45:00,1.0
12124,MLND,16.0,09:43:00,09:43:00,1.0
12124,TNA,17.0,09:41:00,09:41:00,1.0
12124,KLVA,18.0,09:38:00,09:38:00,1.0
12124,MBQ,19.0,09:34:00,09:34:00,1.0
12124,DIVA,20.0,09:32:00,09:32:00,1.0
12124,KOPR,21.0,09:27:00,09:27:00,1.0
12124,DI,22.0,09:26:00,09:26:00,1.0
12124,THK,23.0,09:25:00,09:25:00,1.0
12124,KYN,24.0,09:21:00,09:21:00,1.0
12124,VLDI,25.0,09:19:00,09:19:00,1.0
12124,ULNR,26.0,09:17:00,09:17:00,1.0
12124,ABH,27.0,09:15:00,09:15:00,1.0
12124,BUD,28.0,09:08:00,09:08:00,1.0
12124,VGI,29.0,08:57:00,08:57:00,1.0
12124,SHLU,30.0,08:53:00,08:53:00,1.0
12124,NRL,31.0,08:49:00,08:49:00,1.0
12124,BVS,32.0,08:43:00,08:43:00,1.0
12124,KJT,33.0,08:36:00,08:36:00,1.0
12124,PDI,34.0,08:34:00,08:34:00,1.0
12124,KAD,35.0,08:14:00,08:14:00,1.0
12124,LNL,36.0,08:08:00,08:10:00,1.0
12124,MVL,37.0,08:02:00,08:02:00,1.0
12124,KMST,38.0,07:55:00,07:55:00,1.0
12124,KNHE,39.0,07:51:00,07:51:00,1.0
12124,VDN,40.0,07:47:00,07:47:00,1.0
12124,TGN,41.0,07:44:00,07:44:00,1.0
12124,GRWD,42.0,07:41:00,07:41:00,1.0
12124,DEHR,43.0,07:35:00,07:35:00,1.0
12124,AKRD,44.0,07:31:00,07:31:00,1.0
12124,CCH,45.0,07:29:00,07:29:00,1.0
12124,PMP,46.0,07:27:00,07:27:00,1.0
12124,KSWD,47.0,07:25:00,07:25:00,1.0
12124,DAPD,48.0,07:22:00,07:22:00,1.0
12124,KK,49.0,07:20:00,07:20:00,1.0
12124,SVJR,50.0,07:17:00,07:17:00,1.0
12124,PUNE,51.0,None,07:15:00,1.0
12125,CSMT,1.0,None,16:25:00,1.0
12125,MSD,2.0,16:26:00,16:26:00,1.0
12125,SNRD,3.0,16:28:00,16:28:00,1.0
12125,BY,4.0,16:30:00,16:30:00,1.0
12125,CRD,5.0,16:33:00,16:33:00,1.0
12125,PR,6.0,16:35:00,16:35:00,1.0
12125,DR,7.0,16:37:00,16:39:00,1.0
12125,MTN,8.0,16:40:00,16:40:00,1.0
12125,SIN,9.0,16:42:00,16:42:00,1.0
12125,CLA,10.0,16:44:00,16:44:00,1.0
12125,VVH,11.0,16:46:00,16:46:00,1.0
12125,GC,12.0,16:48:00,16:48:00,1.0
12125,VK,13.0,16:51:00,16:51:00,1.0
12125,BND,14.0,16:54:00,16:54:00,1.0
12125,NHU,15.0,16:55:00,16:55:00,1.0
12125,MLND,16.0,16:57:00,16:57:00,1.0
12125,TNA,17.0,16:59:00,16:59:00,1.0
12125,KLVA,18.0,17:01:00,17:01:00,1.0
12125,MBQ,19.0,17:05:00,17:05:00,1.0
12125,DIVA,20.0,17:07:00,17:07:00,1.0
12125,KOPR,21.0,17:10:00,17:10:00,1.0
12125,DI,22.0,17:11:00,17:11:00,1.0
12125,THK,23.0,17:13:00,17:13:00,1.0
12125,KYN,24.0,17:16:00,17:16:00,1.0
12125,VLDI,25.0,17:17:00,17:17:00,1.0
12125,ULNR,26.0,17:19:00,17:19:00,1.0
12125,ABH,27.0,17:21:00,17:21:00,1.0
12125,BUD,28.0,17:27:00,17:27:00,1.0
12125,VGI,29.0,17:36:00,17:36:00,1.0
12125,SHLU,30.0,17:39:00,17:39:00,1.0
12125,NRL,31.0,17:43:00,17:43:00,1.0
12125,BVS,32.0,17:48:00,17:48:00,1.0
12125,KJT,33.0,17:53:00,17:55:00,1.0
12125,PDI,34.0,18:00:00,18:00:00,1.0
12125,KAD,35.0,18:34:00,18:34:00,1.0
12125,LNL,36.0,18:40:00,18:42:00,1.0
12125,MVL,37.0,18:48:00,18:48:00,1.0
12125,KMST,38.0,18:56:00,18:56:00,1.0
12125,KNHE,39.0,19:00:00,19:00:00,1.0
12125,VDN,40.0,19:04:00,19:04:00,1.0
12125,TGN,41.0,19:08:00,19:08:00,1.0
12125,GRWD,42.0,19:11:00,19:11:00,1.0
12125,DEHR,43.0,19:16:00,19:16:00,1.0
12125,AKRD,44.0,19:21:00,19:21:00,1.0
12125,CCH,45.0,19:24:00,19:24:00,1.0
12125,PMP,46.0,19:26:00,19:26:00,1.0
12125,KSWD,47.0,19:28:00,19:28:00,1.0
12125,DAPD,48.0,19:31:00,19:31:00,1.0
12125,KK,49.0,19:33:00,19:33:00,1.0
12125,SVJR,50.0,19:36:00,19:38:00,1.0
12125,PUNE,51.0,19:53:00,None,1.0
12126,CSMT,1.0,11:10:00,None,1.0
12126,MSD,2.0,11:07:00,11:07:00,1.0
12126,SNRD,3.0,11:05:00,11:05:00,1.0
12126,BY,4.0,11:01:00,11:01:00,1.0
12126,CRD,5.0,10:56:00,10:56:00,1.0
12126,PR,6.0,10:52:00,10:52:00,1.0
12126,DR,7.0,10:48:00,10:50:00,1.0
12126,MTN,8.0,10:46:00,10:46:00,1.0
12126,SIN,9.0,10:44:00,10:44:00,1.0
12126,CLA,10.0,10:41:00,10:41:00,1.0
12126,VVH,11.0,10:38:00,10:38:00,1.0
12126,GC,12.0,10:37:00,10:37:00,1.0
12126,VK,13.0,10:33:00,10:33:00,1.0
12126,BND,14.0,10:29:00,10:29:00,1.0
12126,NHU,15.0,10:28:00,10:28:00,1.0
12126,MLND,16.0,10:25:00,10:25:00,1.0
12126,TNA,17.0,10:23:00,10:23:00,1.0
12126,KLVA,18.0,10:20:00,10:20:00,1.0
12126,MBQ,19.0,10:16:00,10:16:00,1.0
12126,DIVA,20.0,10:13:00,10:13:00,1.0
12126,KOPR,21.0,10:08:00,10:08:00,1.0
12126,DI,22.0,10:07:00,10:07:00,1.0
12126,THK,23.0,10:06:00,10:06:00,1.0
12126,KYN,24.0,10:02:00,10:02:00,1.0
12126,VLDI,25.0,09:59:00,09:59:00,1.0
12126,ULNR,26.0,09:57:00,09:57:00,1.0
12126,ABH,27.0,09:55:00,09:55:00,1.0
12126,BUD,28.0,09:47:00,09:47:00,1.0
12126,VGI,29.0,09:36:00,09:36:00,1.0
12126,SHLU,30.0,09:32:00,09:32:00,1.0
12126,NRL,31.0,09:27:00,09:27:00,1.0
12126,BVS,32.0,09:21:00,09:21:00,1.0
12126,KJT,33.0,09:13:00,09:13:00,1.0
12126,PDI,34.0,09:10:00,09:10:00,1.0
12126,KAD,35.0,08:49:00,08:49:00,1.0
12126,LNL,36.0,08:43:00,08:45:00,1.0
12126,MVL,37.0,08:37:00,08:37:00,1.0
12126,KMST,38.0,08:30:00,08:30:00,1.0
12126,KNHE,39.0,08:26:00,08:26:00,1.0
12126,VDN,40.0,08:22:00,08:22:00,1.0
12126,TGN,41.0,08:18:00,08:18:00,1.0
12126,GRWD,42.0,08:16:00,08:16:00,1.0
12126,DEHR,43.0,08:10:00,08:10:00,1.0
12126,AKRD,44.0,08:06:00,08:06:00,1.0
12126,CCH,45.0,08:04:00,08:04:00,1.0
12126,PMP,46.0,08:02:00,08:02:00,1.0
12126,KSWD,47.0,08:00:00,08:00:00,1.0
12126,DAPD,48.0,07:57:00,07:57:00,1.0
12126,KK,49.0,07:55:00,07:55:00,1.0
12126,SVJR,50.0,07:52:00,07:52:00,1.0
12126,PUNE,51.0,None,07:50:00,1.0
12127,CSMT,1.0,None,06:45:00,1.0
12127,MSD,2.0,06:46:00,06:46:00,1.0
12127,SNRD,3.0,06:48:00,06:48:00,1.0
12127,BY,4.0,06:50:00,06:50:00,1.0
12127,CRD,5.0,06:52:00,06:52:00,1.0
12127,PR,6.0,06:54:00,06:54:00,1.0
12127,DR,7.0,06:56:00,06:58:00,1.0
12127,MTN,8.0,06:59:00,06:59:00,1.0
12127,SIN,9.0,07:01:00,07:01:00,1.0
12127,CLA,10.0,07:03:00,07:03:00,1.0
12127,VVH,11.0,07:04:00,07:04:00,1.0
12127,GC,12.0,07:05:00,07:05:00,1.0
12127,VK,13.0,07:08:00,07:08:00,1.0
12127,BND,14.0,07:10:00,07:10:00,1.0
12127,NHU,15.0,07:11:00,07:11:00,1.0
12127,MLND,16.0,07:13:00,07:13:00,1.0
12127,TNA,17.0,07:15:00,07:17:00,1.0
12127,KLVA,18.0,07:20:00,07:20:00,1.0
12127,MBQ,19.0,07:24:00,07:24:00,1.0
12127,DIVA,20.0,07:27:00,07:27:00,1.0
12127,KOPR,21.0,07:31:00,07:31:00,1.0
12127,DI,22.0,07:32:00,07:32:00,1.0
12127,THK,23.0,07:34:00,07:34:00,1.0
12127,KYN,24.0,07:37:00,07:37:00,1.0
12127,VLDI,25.0,07:40:00,07:40:00,1.0
12127,ULNR,26.0,07:41:00,07:41:00,1.0
12127,ABH,27.0,07:44:00,07:44:00,1.0
12127,BUD,28.0,07:52:00,07:52:00,1.0
12127,VGI,29.0,08:02:00,08:02:00,1.0
12127,SHLU,30.0,08:06:00,08:06:00,1.0
12127,NRL,31.0,08:10:00,08:10:00,1.0
12127,BVS,32.0,08:17:00,08:17:00,1.0
12127,KJT,33.0,08:24:00,08:24:00,1.0
12127,PDI,34.0,08:27:00,08:27:00,1.0
12127,KAD,35.0,08:48:00,08:48:00,1.0
12127,LNL,36.0,08:50:00,08:52:00,1.0
12127,MVL,37.0,08:59:00,08:59:00,1.0
12127,KMST,38.0,09:07:00,09:07:00,1.0
12127,KNHE,39.0,09:11:00,09:11:00,1.0
12127,VDN,40.0,09:16:00,09:16:00,1.0
12127,TGN,41.0,09:20:00,09:20:00,1.0
12127,GRWD,42.0,09:23:00,09:23:00,1.0
12127,DEHR,43.0,09:29:00,09:29:00,1.0
12127,AKRD,44.0,09:34:00,09:34:00,1.0
12127,CCH,45.0,09:37:00,09:37:00,1.0
12127,PMP,46.0,09:39:00,09:39:00,1.0
12127,KSWD,47.0,09:41:00,09:41:00,1.0
12127,DAPD,48.0,09:44:00,09:44:00,1.0
12127,KK,49.0,09:47:00,09:47:00,1.0
12127,SVJR,50.0,09:50:00,09:50:00,1.0
12127,PUNE,51.0,09:52:00,None,1.0
12128,CSMT,1.0,21:00:00,None,1.0
12128,MSD,2.0,20:57:00,20:57:00,1.0
12128,SNRD,3.0,20:55:00,20:55:00,1.0
12128,BY,4.0,20:50:00,20:50:00,1.0
12128,CRD,5.0,20:46:00,20:46:00,1.0
12128,PR,6.0,20:41:00,20:41:00,1.0
12128,DR,7.0,20:37:00,20:39:00,1.0
12128,MTN,8.0,20:36:00,20:36:00,1.0
12128,SIN,9.0,20:34:00,20:34:00,1.0
12128,CLA,10.0,20:33:00,20:33:00,1.0
12128,VVH,11.0,20:31:00,20:31:00,1.0
12128,GC,12.0,20:30:00,20:30:00,1.0
12128,VK,13.0,20:27:00,20:27:00,1.0
12128,BND,14.0,20:25:00,20:25:00,1.0
12128,NHU,15.0,20:23:00,20:23:00,1.0
12128,MLND,16.0,20:22:00,20:22:00,1.0
12128,TNA,17.0,20:18:00,20:20:00,1.0
12128,KLVA,18.0,20:16:00,20:16:00,1.0
12128,MBQ,19.0,20:12:00,20:12:00,1.0
12128,DIVA,20.0,20:09:00,20:09:00,1.0
12128,KOPR,21.0,20:05:00,20:05:00,1.0
12128,DI,22.0,20:04:00,20:04:00,1.0
12128,THK,23.0,20:03:00,20:03:00,1.0
12128,KYN,24.0,19:59:00,19:59:00,1.0
12128,VLDI,25.0,19:57:00,19:57:00,1.0
12128,ULNR,26.0,19:55:00,19:55:00,1.0
12128,ABH,27.0,19:53:00,19:53:00,1.0
12128,BUD,28.0,19:45:00,19:45:00,1.0
12128,VGI,29.0,19:35:00,19:35:00,1.0
12128,SHLU,30.0,19:31:00,19:31:00,1.0
12128,NRL,31.0,19:27:00,19:27:00,1.0
12128,BVS,32.0,19:21:00,19:21:00,1.0
12128,KJT,33.0,19:14:00,19:14:00,1.0
12128,PDI,34.0,19:12:00,19:12:00,1.0
12128,KAD,35.0,18:52:00,18:52:00,1.0
12128,LNL,36.0,18:46:00,18:48:00,1.0
12128,MVL,37.0,18:40:00,18:40:00,1.0
12128,KMST,38.0,18:33:00,18:33:00,1.0
12128,KNHE,39.0,18:30:00,18:30:00,1.0
12128,VDN,40.0,18:26:00,18:26:00,1.0
12128,TGN,41.0,18:22:00,18:22:00,1.0
12128,GRWD,42.0,18:20:00,18:20:00,1.0
12128,DEHR,43.0,18:15:00,18:15:00,1.0
12128,AKRD,44.0,18:11:00,18:11:00,1.0
12128,CCH,45.0,18:08:00,18:08:00,1.0
12128,PMP,46.0,18:06:00,18:06:00,1.0
12128,KSWD,47.0,18:05:00,18:05:00,1.0
12128,DAPD,48.0,18:02:00,18:02:00,1.0
12128,KK,49.0,18:00:00,18:00:00,1.0
12128,SVJR,50.0,17:57:00,17:57:00,1.0
12128,PUNE,51.0,None,17:55:00,1.0
12163,DR,1.0,None,20:30:00,1.0
12163,MTN,2.0,20:31:00,20:31:00,1.0
12163,SIN,3.0,20:34:00,20:34:00,1.0
12163,CLA,4.0,20:36:00,20:36:00,1.0
12163,VVH,5.0,20:38:00,20:38:00,1.0
12163,GC,6.0,20:39:00,20:39:00,1.0
12163,VK,7.0,20:43:00,20:43:00,1.0
12163,BND,8.0,20:46:00,20:46:00,1.0
12163,NHU,9.0,20:48:00,20:48:00,1.0
12163,MLND,10.0,20:49:00,20:49:00,1.0
12163,TNA,11.0,20:52:00,20:52:00,1.0
12163,KLVA,12.0,20:54:00,20:54:00,1.0
12163,MBQ,13.0,20:58:00,20:58:00,1.0
12163,DIVA,14.0,21:00:00,21:00:00,1.0
12163,KOPR,15.0,21:04:00,21:04:00,1.0
12163,DI,16.0,21:05:00,21:05:00,1.0
12163,THK,17.0,21:07:00,21:07:00,1.0
12163,KYN,18.0,21:10:00,21:15:00,1.0
12163,VLDI,19.0,21:18:00,21:18:00,1.0
12163,ULNR,20.0,21:20:00,21:20:00,1.0
12163,ABH,21.0,21:23:00,21:23:00,1.0
12163,BUD,22.0,21:33:00,21:33:00,1.0
12163,VGI,23.0,21:47:00,21:47:00,1.0
12163,SHLU,24.0,21:52:00,21:52:00,1.0
12163,NRL,25.0,21:57:00,21:57:00,1.0
12163,BVS,26.0,22:06:00,22:06:00,1.0
12163,KJT,27.0,22:14:00,22:14:00,1.0
12163,PDI,28.0,22:18:00,22:18:00,1.0
12163,KAD,29.0,22:45:00,22:45:00,1.0
12163,LNL,30.0,22:48:00,22:50:00,1.0
12163,MVL,31.0,22:58:00,22:58:00,1.0
12163,KMST,32.0,23:09:00,23:09:00,1.0
12163,KNHE,33.0,23:14:00,23:14:00,1.0
12163,VDN,34.0,23:20:00,23:20:00,1.0
12163,TGN,35.0,23:25:00,23:25:00,1.0
12163,GRWD,36.0,23:28:00,23:28:00,1.0
12163,DEHR,37.0,23:36:00,23:36:00,1.0
12163,AKRD,38.0,23:42:00,23:42:00,1.0
12163,CCH,39.0,23:46:00,23:46:00,1.0
12163,PMP,40.0,23:49:00,23:49:00,1.0
12163,KSWD,41.0,23:51:00,23:51:00,1.0
12163,DAPD,42.0,23:56:00,23:56:00,1.0
12163,KK,43.0,23:58:00,23:58:00,1.0
12163,SVJR,1.0,00:02:00,00:02:00,2.0
12163,PUNE,2.0,00:05:00,00:10:00,2.0
12163,BGWI,,None,None,
12164,DR,1.0,06:00:00,None,2.0
12164,MTN,2.0,05:59:00,05:59:00,2.0
12164,SIN,3.0,05:56:00,05:56:00,2.0
12164,CLA,4.0,05:53:00,05:53:00,2.0
12164,VVH,5.0,05:50:00,05:50:00,2.0
12164,GC,6.0,05:48:00,05:48:00,2.0
12164,VK,7.0,05:43:00,05:43:00,2.0
12164,BND,8.0,05:39:00,05:39:00,2.0
12164,NHU,9.0,05:37:00,05:37:00,2.0
12164,MLND,10.0,05:34:00,05:34:00,2.0
12164,TNA,11.0,05:31:00,05:31:00,2.0
12164,KLVA,12.0,05:27:00,05:27:00,2.0
12164,MBQ,13.0,05:22:00,05:22:00,2.0
12164,DIVA,14.0,05:18:00,05:18:00,2.0
12164,KOPR,15.0,05:13:00,05:13:00,2.0
12164,DI,16.0,05:11:00,05:11:00,2.0
12164,THK,17.0,05:10:00,05:10:00,2.0
12164,KYN,18.0,05:04:00,05:05:00,2.0
12164,VLDI,19.0,05:02:00,05:02:00,2.0
12164,ULNR,20.0,05:00:00,05:00:00,2.0
12164,ABH,21.0,04:57:00,04:57:00,2.0
12164,BUD,22.0,04:48:00,04:48:00,2.0
12164,VGI,23.0,04:35:00,04:35:00,2.0
12164,SHLU,24.0,04:30:00,04:30:00,2.0
12164,NRL,25.0,04:25:00,04:25:00,2.0
12164,BVS,26.0,04:17:00,04:17:00,2.0
12164,KJT,27.0,04:08:00,04:08:00,2.0
12164,PDI,28.0,04:05:00,04:05:00,2.0
12164,KAD,29.0,03:40:00,03:40:00,2.0
12164,LNL,30.0,03:34:00,03:35:00,2.0
12164,MVL,31.0,03:28:00,03:28:00,2.0
12164,KMST,32.0,03:19:00,03:19:00,2.0
12164,KNHE,33.0,03:15:00,03:15:00,2.0
12164,VDN,34.0,03:10:00,03:10:00,2.0
12164,TGN,35.0,03:07:00,03:07:00,2.0
12164,GRWD,36.0,03:04:00,03:04:00,2.0
12164,DEHR,37.0,02:58:00,02:58:00,2.0
12164,AKRD,38.0,02:53:00,02:53:00,2.0
12164,CCH,39.0,02:50:00,02:50:00,2.0
12164,PMP,40.0,02:48:00,02:48:00,2.0
12164,KSWD,41.0,02:46:00,02:46:00,2.0
12164,DAPD,42.0,02:43:00,02:43:00,2.0
12164,KK,43.0,02:41:00,02:41:00,2.0
12164,SVJR,44.0,02:37:00,02:37:00,2.0
12164,PUNE,45.0,02:25:00,02:35:00,2.0
12164,BGWI,,None,None,
12219,VVH,1.0,23:06:00,23:06:00,1.0
12219,GC,2.0,23:08:00,23:08:00,1.0
12219,VK,3.0,23:11:00,23:11:00,1.0
12219,BND,4.0,23:14:00,23:14:00,1.0
12219,NHU,5.0,23:16:00,23:16:00,1.0
12219,MLND,6.0,23:18:00,23:18:00,1.0
12219,TNA,7.0,23:21:00,23:21:00,1.0
12219,KLVA,8.0,23:23:00,23:23:00,1.0
12219,MBQ,9.0,23:27:00,23:27:00,1.0
12219,DIVA,10.0,23:30:00,23:30:00,1.0
12219,KOPR,11.0,23:34:00,23:34:00,1.0
12219,DI,12.0,23:35:00,23:35:00,1.0
12219,THK,13.0,23:36:00,23:36:00,1.0
12219,KYN,14.0,23:40:00,23:40:00,1.0
12219,VLDI,15.0,23:42:00,23:42:00,1.0
12219,ULNR,16.0,23:44:00,23:44:00,1.0
12219,ABH,17.0,23:46:00,23:46:00,1.0
12219,BUD,18.0,23:53:00,23:53:00,1.0
12219,VGI,1.0,00:03:00,00:03:00,2.0
12219,SHLU,2.0,00:07:00,00:07:00,2.0
12219,NRL,3.0,00:11:00,00:11:00,2.0
12219,BVS,4.0,00:17:00,00:17:00,2.0
12219,KJT,5.0,00:24:00,00:24:00,2.0
12219,PDI,6.0,00:26:00,00:26:00,2.0
12219,KAD,7.0,00:46:00,00:46:00,2.0
12219,LNL,8.0,00:49:00,00:49:00,2.0
12219,MVL,9.0,00:56:00,00:56:00,2.0
12219,KMST,10.0,01:04:00,01:04:00,2.0
12219,KNHE,11.0,01:09:00,01:09:00,2.0
12219,VDN,12.0,01:14:00,01:14:00,2.0
12219,TGN,13.0,01:17:00,01:17:00,2.0
12219,GRWD,14.0,01:20:00,01:20:00,2.0
12219,DEHR,15.0,01:26:00,01:26:00,2.0
12219,AKRD,16.0,01:31:00,01:31:00,2.0
12219,CCH,17.0,01:34:00,01:34:00,2.0
12219,PMP,18.0,01:36:00,01:36:00,2.0
12219,KSWD,19.0,01:38:00,01:38:00,2.0
12219,DAPD,20.0,01:42:00,01:42:00,2.0
12219,KK,21.0,01:44:00,01:44:00,2.0
12219,SVJR,22.0,01:47:00,01:47:00,2.0
12219,PUNE,23.0,01:49:00,01:49:00,2.0
12220,VVH,1.0,11:05:00,11:05:00,2.0
12220,GC,2.0,11:05:00,11:05:00,2.0
12220,VK,3.0,11:05:00,11:05:00,2.0
12220,BND,4.0,11:02:00,11:02:00,2.0
12220,NHU,5.0,11:00:00,11:00:00,2.0
12220,MLND,6.0,10:58:00,10:58:00,2.0
12220,TNA,7.0,10:56:00,10:56:00,2.0
12220,KLVA,8.0,10:53:00,10:53:00,2.0
12220,MBQ,9.0,10:49:00,10:49:00,2.0
12220,DIVA,10.0,10:47:00,10:47:00,2.0
12220,KOPR,11.0,10:43:00,10:43:00,2.0
12220,DI,12.0,10:41:00,10:41:00,2.0
12220,THK,13.0,10:40:00,10:40:00,2.0
12220,KYN,14.0,10:37:00,10:37:00,2.0
12220,VLDI,15.0,10:35:00,10:35:00,2.0
12220,ULNR,16.0,10:33:00,10:33:00,2.0
12220,ABH,17.0,10:30:00,10:30:00,2.0
12220,BUD,18.0,10:23:00,10:23:00,2.0
12220,VGI,19.0,10:13:00,10:13:00,2.0
12220,SHLU,20.0,10:09:00,10:09:00,2.0
12220,NRL,21.0,10:05:00,10:05:00,2.0
12220,BVS,22.0,09:59:00,09:59:00,2.0
12220,KJT,23.0,09:53:00,09:53:00,2.0
12220,PDI,24.0,09:50:00,09:50:00,2.0
12220,KAD,25.0,09:30:00,09:30:00,2.0
12220,LNL,26.0,09:27:00,09:27:00,2.0
12220,MVL,27.0,09:20:00,09:20:00,2.0
12220,KMST,28.0,09:12:00,09:12:00,2.0
12220,KNHE,29.0,09:08:00,09:08:00,2.0
12220,VDN,30.0,09:03:00,09:03:00,2.0
12220,TGN,31.0,08:59:00,08:59:00,2.0
12220,GRWD,32.0,08:56:00,08:56:00,2.0
12220,DEHR,33.0,08:50:00,08:50:00,2.0
12220,AKRD,34.0,08:45:00,08:45:00,2.0
12220,CCH,35.0,08:42:00,08:42:00,2.0
12220,PMP,36.0,08:40:00,08:40:00,2.0
12220,KSWD,37.0,08:38:00,08:38:00,2.0
12220,DAPD,38.0,08:35:00,08:35:00,2.0
12220,KK,39.0,08:33:00,08:33:00,2.0
12220,SVJR,40.0,08:29:00,08:29:00,2.0
12220,PUNE,41.0,08:27:00,08:27:00,2.0
12263,KOPR,1.0,13:08:00,13:08:00,1.0
12263,DI,2.0,13:04:00,13:04:00,1.0
12263,THK,3.0,13:03:00,13:03:00,1.0
12263,KYN,4.0,13:00:00,13:00:00,1.0
12263,VLDI,5.0,12:59:00,12:59:00,1.0
12263,ULNR,6.0,12:57:00,12:57:00,1.0
12263,ABH,7.0,12:55:00,12:55:00,1.0
12263,BUD,8.0,12:49:00,12:49:00,1.0
12263,VGI,9.0,12:40:00,12:40:00,1.0
12263,SHLU,10.0,12:37:00,12:37:00,1.0
12263,NRL,11.0,12:34:00,12:34:00,1.0
12263,BVS,12.0,12:28:00,12:28:00,1.0
12263,KJT,13.0,12:23:00,12:23:00,1.0
12263,PDI,14.0,12:21:00,12:21:00,1.0
12263,KAD,15.0,12:04:00,12:04:00,1.0
12263,LNL,16.0,12:01:00,12:01:00,1.0
12263,MVL,17.0,11:55:00,11:55:00,1.0
12263,KMST,18.0,11:48:00,11:48:00,1.0
12263,KNHE,19.0,11:45:00,11:45:00,1.0
12263,VDN,20.0,11:40:00,11:40:00,1.0
12263,TGN,21.0,11:37:00,11:37:00,1.0
12263,GRWD,22.0,11:35:00,11:35:00,1.0
12263,DEHR,23.0,11:30:00,11:30:00,1.0
12263,AKRD,24.0,11:26:00,11:26:00,1.0
12263,CCH,25.0,11:23:00,11:23:00,1.0
12263,PMP,26.0,11:21:00,11:21:00,1.0
12263,KSWD,27.0,11:19:00,11:19:00,1.0
12263,DAPD,28.0,11:17:00,11:17:00,1.0
12263,KK,29.0,11:15:00,11:15:00,1.0
12263,SVJR,30.0,11:12:00,11:12:00,1.0
12263,PUNE,31.0,None,11:10:00,1.0
12264,KOPR,1.0,05:06:00,05:06:00,2.0
12264,DI,2.0,05:10:00,05:10:00,2.0
12264,THK,3.0,05:11:00,05:11:00,2.0
12264,KYN,4.0,05:14:00,05:14:00,2.0
12264,VLDI,5.0,05:16:00,05:16:00,2.0
12264,ULNR,6.0,05:17:00,05:17:00,2.0
12264,ABH,7.0,05:19:00,05:19:00,2.0
12264,BUD,8.0,05:25:00,05:25:00,2.0
12264,VGI,9.0,05:34:00,05:34:00,2.0
12264,SHLU,10.0,05:37:00,05:37:00,2.0
12264,NRL,11.0,05:40:00,05:40:00,2.0
12264,BVS,12.0,05:46:00,05:46:00,2.0
12264,KJT,13.0,05:51:00,05:51:00,2.0
12264,PDI,14.0,05:54:00,05:54:00,2.0
12264,KAD,15.0,06:10:00,06:10:00,2.0
12264,LNL,16.0,06:13:00,06:13:00,2.0
12264,MVL,17.0,06:19:00,06:19:00,2.0
12264,KMST,18.0,06:26:00,06:26:00,2.0
12264,KNHE,19.0,06:29:00,06:29:00,2.0
12264,VDN,20.0,06:33:00,06:33:00,2.0
12264,TGN,21.0,06:37:00,06:37:00,2.0
12264,GRWD,22.0,06:39:00,06:39:00,2.0
12264,DEHR,23.0,06:44:00,06:44:00,2.0
12264,AKRD,24.0,06:48:00,06:48:00,2.0
12264,CCH,25.0,06:51:00,06:51:00,2.0
12264,PMP,26.0,06:53:00,06:53:00,2.0
12264,KSWD,27.0,06:54:00,06:54:00,2.0
12264,DAPD,28.0,06:57:00,06:57:00,2.0
12264,KK,29.0,06:59:00,06:59:00,2.0
12264,SVJR,30.0,07:00:00,07:00:00,2.0
12264,PUNE,31.0,07:00:00,None,2.0
12525,CSMT,1.0,None,05:40:00,1.0
12525,MSD,2.0,05:41:00,05:41:00,1.0
12525,SNRD,3.0,05:43:00,05:43:00,1.0
12525,BY,4.0,05:45:00,05:45:00,1.0
12525,CRD,5.0,05:47:00,05:47:00,1.0
12525,PR,6.0,05:49:00,05:49:00,1.0
12525,DR,7.0,05:51:00,05:53:00,1.0
12525,MTN,8.0,05:54:00,05:54:00,1.0
12525,SIN,9.0,05:56:00,05:56:00,1.0
12525,CLA,10.0,05:59:00,05:59:00,1.0
12525,VVH,11.0,06:01:00,06:01:00,1.0
12525,GC,12.0,06:02:00,06:02:00,1.0
12525,VK,13.0,06:05:00,06:05:00,1.0
12525,BND,14.0,06:08:00,06:08:00,1.0
12525,NHU,15.0,06:10:00,06:10:00,1.0
12525,MLND,16.0,06:11:00,06:11:00,1.0
12525,TNA,17.0,06:14:00,06:16:00,1.0
12525,KLVA,18.0,06:18:00,06:18:00,1.0
12525,MBQ,19.0,06:23:00,06:23:00,1.0
12525,DIVA,20.0,06:25:00,06:25:00,1.0
12525,KOPR,21.0,06:29:00,06:29:00,1.0
12525,DI,22.0,06:31:00,06:31:00,1.0
12525,THK,23.0,06:32:00,06:32:00,1.0
12525,KYN,24.0,06:35:00,06:37:00,1.0
12525,VLDI,25.0,06:39:00,06:39:00,1.0
12525,ULNR,26.0,06:41:00,06:41:00,1.0
12525,ABH,27.0,06:43:00,06:43:00,1.0
12525,BUD,28.0,06:49:00,06:49:00,1.0
12525,VGI,29.0,06:58:00,06:58:00,1.0
12525,SHLU,30.0,07:01:00,07:01:00,1.0
12525,NRL,31.0,07:05:00,07:05:00,1.0
12525,BVS,32.0,07:10:00,07:10:00,1.0
12525,KJT,33.0,07:15:00,07:17:00,1.0
12525,PDI,34.0,07:22:00,07:22:00,1.0
12525,KAD,35.0,07:54:00,07:54:00,1.0
12525,LNL,36.0,08:00:00,08:02:00,1.0
12525,MVL,37.0,08:08:00,08:08:00,1.0
12525,KMST,38.0,08:14:00,08:14:00,1.0
12525,KNHE,39.0,08:18:00,08:18:00,1.0
12525,VDN,40.0,08:22:00,08:22:00,1.0
12525,TGN,41.0,08:25:00,08:25:00,1.0
12525,GRWD,42.0,08:27:00,08:27:00,1.0
12525,DEHR,43.0,08:33:00,08:33:00,1.0
12525,AKRD,44.0,08:36:00,08:36:00,1.0
12525,CCH,45.0,08:39:00,08:39:00,1.0
12525,PMP,46.0,08:41:00,08:41:00,1.0
12525,KSWD,47.0,08:42:00,08:42:00,1.0
12525,DAPD,48.0,08:45:00,08:45:00,1.0
12525,KK,49.0,08:47:00,08:47:00,1.0
12525,SVJR,50.0,08:50:00,08:52:00,1.0
12525,PUNE,51.0,09:08:00,None,1.0
12526,CSMT,1.0,21:55:00,None,1.0
12526,MSD,2.0,21:52:00,21:52:00,1.0
12526,SNRD,3.0,21:50:00,21:50:00,1.0
12526,BY,4.0,21:46:00,21:46:00,1.0
12526,CRD,5.0,21:41:00,21:41:00,1.0
12526,PR,6.0,21:37:00,21:37:00,1.0
12526,DR,7.0,21:33:00,21:35:00,1.0
12526,MTN,8.0,21:32:00,21:32:00,1.0
12526,SIN,9.0,21:29:00,21:29:00,1.0
12526,CLA,10.0,21:27:00,21:27:00,1.0
12526,VVH,11.0,21:25:00,21:25:00,1.0
12526,GC,12.0,21:23:00,21:23:00,1.0
12526,VK,13.0,21:20:00,21:20:00,1.0
12526,BND,14.0,21:16:00,21:16:00,1.0
12526,NHU,15.0,21:15:00,21:15:00,1.0
12526,MLND,16.0,21:12:00,21:12:00,1.0
12526,TNA,17.0,21:08:00,21:10:00,1.0
12526,KLVA,18.0,21:06:00,21:06:00,1.0
12526,MBQ,19.0,21:03:00,21:03:00,1.0
12526,DIVA,20.0,21:00:00,21:00:00,1.0
12526,KOPR,21.0,20:57:00,20:57:00,1.0
12526,DI,22.0,20:56:00,20:56:00,1.0
12526,THK,23.0,20:55:00,20:55:00,1.0
12526,KYN,24.0,20:50:00,20:52:00,1.0
12526,VLDI,25.0,20:48:00,20:48:00,1.0
12526,ULNR,26.0,20:46:00,20:46:00,1.0
12526,ABH,27.0,20:44:00,20:44:00,1.0
12526,BUD,28.0,20:38:00,20:38:00,1.0
12526,VGI,29.0,20:28:00,20:28:00,1.0
12526,SHLU,30.0,20:25:00,20:25:00,1.0
12526,NRL,31.0,20:22:00,20:22:00,1.0
12526,BVS,32.0,20:16:00,20:16:00,1.0
12526,KJT,33.0,20:08:00,20:10:00,1.0
12526,PDI,34.0,20:03:00,20:03:00,1.0
12526,KAD,35.0,19:31:00,19:31:00,1.0
12526,LNL,36.0,19:23:00,19:25:00,1.0
12526,MVL,37.0,19:17:00,19:17:00,1.0
12526,KMST,38.0,19:11:00,19:11:00,1.0
12526,KNHE,39.0,19:07:00,19:07:00,1.0
12526,VDN,40.0,19:04:00,19:04:00,1.0
12526,TGN,41.0,19:01:00,19:01:00,1.0
12526,GRWD,42.0,18:58:00,18:58:00,1.0
12526,DEHR,43.0,18:53:00,18:53:00,1.0
12526,AKRD,44.0,18:50:00,18:50:00,1.0
12526,CCH,45.0,18:47:00,18:47:00,1.0
12526,PMP,46.0,18:46:00,18:46:00,1.0
12526,KSWD,47.0,18:44:00,18:44:00,1.0
12526,DAPD,48.0,18:41:00,18:41:00,1.0
12526,KK,49.0,18:40:00,18:40:00,1.0
12526,SVJR,50.0,18:37:00,18:37:00,1.0
12526,PUNE,51.0,None,18:35:00,1.0
12527,CSMT,1.0,None,21:00:00,1.0
12527,MSD,2.0,21:01:00,21:01:00,1.0
12527,SNRD,3.0,21:03:00,21:03:00,1.0
12527,BY,4.0,21:06:00,21:06:00,1.0
12527,CRD,5.0,21:08:00,21:08:00,1.0
12527,PR,6.0,21:11:00,21:11:00,1.0
12527,DR,7.0,21:13:00,21:15:00,1.0
12527,MTN,8.0,21:16:00,21:16:00,1.0
12527,SIN,9.0,21:18:00,21:18:00,1.0
12527,CLA,10.0,21:20:00,21:20:00,1.0
12527,VVH,11.0,21:22:00,21:22:00,1.0
12527,GC,12.0,21:23:00,21:23:00,1.0
12527,VK,13.0,21:26:00,21:26:00,1.0
12527,BND,14.0,21:29:00,21:29:00,1.0
12527,NHU,15.0,21:31:00,21:31:00,1.0
12527,MLND,16.0,21:33:00,21:33:00,1.0
12527,TNA,17.0,21:35:00,21:35:00,1.0
12527,KLVA,18.0,21:37:00,21:37:00,1.0
12527,MBQ,19.0,21:40:00,21:40:00,1.0
12527,DIVA,20.0,21:42:00,21:42:00,1.0
12527,KOPR,21.0,21:46:00,21:46:00,1.0
12527,DI,22.0,21:47:00,21:47:00,1.0
12527,THK,23.0,21:48:00,21:48:00,1.0
12527,KYN,24.0,21:51:00,21:53:00,1.0
12527,VLDI,25.0,21:55:00,21:55:00,1.0
12527,ULNR,26.0,21:57:00,21:57:00,1.0
12527,ABH,27.0,22:00:00,22:00:00,1.0
12527,BUD,28.0,22:07:00,22:07:00,1.0
12527,VGI,29.0,22:18:00,22:18:00,1.0
12527,SHLU,30.0,22:22:00,22:22:00,1.0
12527,NRL,31.0,22:26:00,22:26:00,1.0
12527,BVS,32.0,22:32:00,22:32:00,1.0
12527,KJT,33.0,22:38:00,22:40:00,1.0
12527,PDI,34.0,22:45:00,22:45:00,1.0
12527,KAD,35.0,23:21:00,23:21:00,1.0
12527,LNL,36.0,23:28:00,23:30:00,1.0
12527,MVL,37.0,23:37:00,23:37:00,1.0
12527,KMST,38.0,23:45:00,23:45:00,1.0
12527,KNHE,39.0,23:49:00,23:49:00,1.0
12527,VDN,40.0,23:54:00,23:54:00,1.0
12527,TGN,41.0,23:58:00,23:58:00,1.0
12527,GRWD,1.0,00:01:00,00:01:00,2.0
12527,DEHR,2.0,00:07:00,00:07:00,2.0
12527,AKRD,3.0,00:12:00,00:12:00,2.0
12527,CCH,4.0,00:15:00,00:15:00,2.0
12527,PMP,5.0,00:17:00,00:17:00,2.0
12527,KSWD,6.0,00:19:00,00:19:00,2.0
12527,DAPD,7.0,00:22:00,00:22:00,2.0
12527,KK,8.0,00:25:00,00:25:00,2.0
12527,SVJR,9.0,00:28:00,00:28:00,2.0
12527,PUNE,10.0,00:30:00,00:35:00,2.0
12528,CSMT,1.0,08:00:00,None,2.0
12528,MSD,2.0,07:57:00,07:57:00,2.0
12528,SNRD,3.0,07:54:00,07:54:00,2.0
12528,BY,4.0,07:48:00,07:48:00,2.0
12528,CRD,5.0,07:43:00,07:43:00,2.0
12528,PR,6.0,07:38:00,07:38:00,2.0
12528,DR,7.0,07:33:00,07:35:00,2.0
12528,MTN,8.0,07:32:00,07:32:00,2.0
12528,SIN,9.0,07:30:00,07:30:00,2.0
12528,CLA,10.0,07:27:00,07:27:00,2.0
12528,VVH,11.0,07:24:00,07:24:00,2.0
12528,GC,12.0,07:22:00,07:22:00,2.0
12528,VK,13.0,07:18:00,07:18:00,2.0
12528,BND,14.0,07:14:00,07:14:00,2.0
12528,NHU,15.0,07:13:00,07:13:00,2.0
12528,MLND,16.0,07:10:00,07:10:00,2.0
12528,TNA,17.0,07:07:00,07:07:00,2.0
12528,KLVA,18.0,07:04:00,07:04:00,2.0
12528,MBQ,19.0,07:00:00,07:00:00,2.0
12528,DIVA,20.0,06:57:00,06:57:00,2.0
12528,KOPR,21.0,06:52:00,06:52:00,2.0
12528,DI,22.0,06:51:00,06:51:00,2.0
12528,THK,23.0,06:49:00,06:49:00,2.0
12528,KYN,24.0,06:43:00,06:45:00,2.0
12528,VLDI,25.0,06:41:00,06:41:00,2.0
12528,ULNR,26.0,06:39:00,06:39:00,2.0
12528,ABH,27.0,06:37:00,06:37:00,2.0
12528,BUD,28.0,06:30:00,06:30:00,2.0
12528,VGI,29.0,06:20:00,06:20:00,2.0
12528,SHLU,30.0,06:16:00,06:16:00,2.0
12528,NRL,31.0,06:13:00,06:13:00,2.0
12528,BVS,32.0,06:06:00,06:06:00,2.0
12528,KJT,33.0,05:58:00,06:00:00,2.0
12528,PDI,34.0,05:53:00,05:53:00,2.0
12528,KAD,35.0,05:21:00,05:21:00,2.0
12528,LNL,36.0,05:13:00,05:15:00,2.0
12528,MVL,37.0,05:07:00,05:07:00,2.0
12528,KMST,38.0,04:59:00,04:59:00,2.0
12528,KNHE,39.0,04:55:00,04:55:00,2.0
12528,VDN,40.0,04:50:00,04:50:00,2.0
12528,TGN,41.0,04:46:00,04:46:00,2.0
12528,GRWD,42.0,04:43:00,04:43:00,2.0
12528,DEHR,43.0,04:37:00,04:37:00,2.0
12528,AKRD,44.0,04:33:00,04:33:00,2.0
12528,CCH,45.0,04:30:00,04:30:00,2.0
12528,PMP,46.0,04:28:00,04:28:00,2.0
12528,KSWD,47.0,04:26:00,04:26:00,2.0
12528,DAPD,48.0,04:22:00,04:22:00,2.0
12528,KK,49.0,04:21:00,04:21:00,2.0
12528,SVJR,50.0,04:17:00,04:17:00,2.0
12528,PUNE,51.0,04:10:00,04:15:00,2.0
12701,CSMT,1.0,None,21:50:00,1.0
12701,MSD,2.0,21:51:00,21:51:00,1.0
12701,SNRD,3.0,21:52:00,21:52:00,1.0
12701,BY,4.0,21:54:00,21:54:00,1.0
12701,CRD,5.0,21:56:00,21:56:00,1.0
12701,PR,6.0,21:58:00,21:58:00,1.0
12701,DR,7.0,21:59:00,21:59:00,1.0
12701,MTN,8.0,22:00:00,22:00:00,1.0
12701,SIN,9.0,22:03:00,22:03:00,1.0
12701,CLA,10.0,22:05:00,22:05:00,1.0
12701,VVH,11.0,22:08:00,22:08:00,1.0
12701,GC,12.0,22:09:00,22:09:00,1.0
12701,VK,13.0,22:13:00,22:13:00,1.0
12701,BND,14.0,22:16:00,22:16:00,1.0
12701,NHU,15.0,22:18:00,22:18:00,1.0
12701,MLND,16.0,22:20:00,22:20:00,1.0
12701,TNA,17.0,22:23:00,22:23:00,1.0
12701,KLVA,18.0,22:25:00,22:25:00,1.0
12701,MBQ,19.0,22:30:00,22:30:00,1.0
12701,DIVA,20.0,22:32:00,22:32:00,1.0
12701,KOPR,21.0,22:36:00,22:36:00,1.0
12701,DI,22.0,22:38:00,22:38:00,1.0
12701,THK,23.0,22:39:00,22:39:00,1.0
12701,KYN,24.0,22:43:00,22:45:00,1.0
12701,VLDI,25.0,22:48:00,22:48:00,1.0
12701,ULNR,26.0,22:50:00,22:50:00,1.0
12701,ABH,27.0,22:53:00,22:53:00,1.0
12701,BUD,28.0,23:01:00,23:01:00,1.0
12701,VGI,29.0,23:14:00,23:14:00,1.0
12701,SHLU,30.0,23:18:00,23:18:00,1.0
12701,NRL,31.0,23:23:00,23:23:00,1.0
12701,BVS,32.0,23:30:00,23:30:00,1.0
12701,KJT,33.0,23:38:00,23:38:00,1.0
12701,PDI,34.0,23:41:00,23:41:00,1.0
12701,KAD,1.0,00:05:00,00:05:00,2.0
12701,LNL,2.0,00:09:00,00:09:00,2.0
12701,MVL,3.0,00:17:00,00:17:00,2.0
12701,KMST,4.0,00:27:00,00:27:00,2.0
12701,KNHE,5.0,00:33:00,00:33:00,2.0
12701,VDN,6.0,00:38:00,00:38:00,2.0
12701,TGN,7.0,00:43:00,00:43:00,2.0
12701,GRWD,8.0,00:46:00,00:46:00,2.0
12701,DEHR,9.0,00:54:00,00:54:00,2.0
12701,AKRD,10.0,00:59:00,00:59:00,2.0
12701,CCH,11.0,01:03:00,01:03:00,2.0
12701,PMP,12.0,01:06:00,01:06:00,2.0
12701,KSWD,13.0,01:08:00,01:08:00,2.0
12701,DAPD,14.0,01:12:00,01:12:00,2.0
12701,KK,15.0,01:15:00,01:15:00,2.0
12701,SVJR,16.0,01:19:00,01:19:00,2.0
12701,PUNE,17.0,01:20:00,01:25:00,2.0
12702,CSMT,1.0,05:05:00,None,2.0
12702,MSD,2.0,05:01:00,05:01:00,2.0
12702,SNRD,3.0,04:57:00,04:57:00,2.0
12702,BY,4.0,04:51:00,04:51:00,2.0
12702,CRD,5.0,04:45:00,04:45:00,2.0
12702,PR,6.0,04:38:00,04:38:00,2.0
12702,DR,7.0,04:33:00,04:35:00,2.0
12702,MTN,8.0,04:33:00,04:33:00,2.0
12702,SIN,9.0,04:30:00,04:30:00,2.0
12702,CLA,10.0,04:28:00,04:28:00,2.0
12702,VVH,11.0,04:26:00,04:26:00,2.0
12702,GC,12.0,04:25:00,04:25:00,2.0
12702,VK,13.0,04:21:00,04:21:00,2.0
12702,BND,14.0,04:18:00,04:18:00,2.0
12702,NHU,15.0,04:17:00,04:17:00,2.0
12702,MLND,16.0,04:15:00,04:15:00,2.0
12702,TNA,17.0,04:13:00,04:13:00,2.0
12702,KLVA,18.0,04:10:00,04:10:00,2.0
12702,MBQ,19.0,04:07:00,04:07:00,2.0
12702,DIVA,20.0,04:04:00,04:04:00,2.0
12702,KOPR,21.0,04:00:00,04:00:00,2.0
12702,DI,22.0,03:59:00,03:59:00,2.0
12702,THK,23.0,03:58:00,03:58:00,2.0
12702,KYN,24.0,03:53:00,03:55:00,2.0
12702,VLDI,25.0,03:51:00,03:51:00,2.0
12702,ULNR,26.0,03:49:00,03:49:00,2.0
12702,ABH,27.0,03:46:00,03:46:00,2.0
12702,BUD,28.0,03:37:00,03:37:00,2.0
12702,VGI,29.0,03:25:00,03:25:00,2.0
12702,SHLU,30.0,03:20:00,03:20:00,2.0
12702,NRL,31.0,03:15:00,03:15:00,2.0
12702,BVS,32.0,03:08:00,03:08:00,2.0
12702,KJT,33.0,03:00:00,03:00:00,2.0
12702,PDI,34.0,02:56:00,02:56:00,2.0
12702,KAD,35.0,02:32:00,02:32:00,2.0
12702,LNL,36.0,02:28:00,02:28:00,2.0
12702,MVL,37.0,02:20:00,02:20:00,2.0
12702,KMST,38.0,02:10:00,02:10:00,2.0
12702,KNHE,39.0,02:05:00,02:05:00,2.0
12702,VDN,40.0,01:59:00,01:59:00,2.0
12702,TGN,41.0,01:54:00,01:54:00,2.0
12702,GRWD,42.0,01:51:00,01:51:00,2.0
12702,DEHR,43.0,01:43:00,01:43:00,2.0
12702,AKRD,44.0,01:37:00,01:37:00,2.0
12702,CCH,45.0,01:34:00,01:34:00,2.0
12702,PMP,46.0,01:31:00,01:31:00,2.0
12702,KSWD,47.0,01:29:00,01:29:00,2.0
12702,DAPD,48.0,01:24:00,01:24:00,2.0
12702,KK,49.0,01:22:00,01:22:00,2.0
12702,SVJR,50.0,01:18:00,01:18:00,2.0
12702,PUNE,51.0,01:10:00,01:15:00,2.0
12750,VVH,1.0,12:26:00,12:26:00,1.0
12750,GC,2.0,12:28:00,12:28:00,1.0
12750,VK,3.0,12:32:00,12:32:00,1.0
12750,BND,4.0,12:36:00,12:36:00,1.0
12750,NHU,5.0,12:37:00,12:37:00,1.0
12750,MLND,6.0,12:40:00,12:40:00,1.0
12750,TNA,7.0,12:43:00,12:43:00,1.0
12750,KLVA,8.0,12:45:00,12:45:00,1.0
12750,MBQ,9.0,12:50:00,12:50:00,1.0
12750,DIVA,10.0,12:53:00,12:53:00,1.0
12750,KOPR,11.0,12:57:00,12:57:00,1.0
12750,DI,12.0,12:59:00,12:59:00,1.0
12750,THK,13.0,13:00:00,13:00:00,1.0
12750,KYN,14.0,13:04:00,13:04:00,1.0
12750,VLDI,15.0,13:06:00,13:06:00,1.0
12750,ULNR,16.0,13:08:00,13:08:00,1.0
12750,ABH,17.0,13:11:00,13:11:00,1.0
12750,BUD,18.0,13:19:00,13:19:00,1.0
12750,VGI,19.0,13:31:00,13:31:00,1.0
12750,SHLU,20.0,13:35:00,13:35:00,1.0
12750,NRL,21.0,13:39:00,13:39:00,1.0
12750,BVS,22.0,13:46:00,13:46:00,1.0
12750,KJT,23.0,13:54:00,13:54:00,1.0
12750,PDI,24.0,13:57:00,13:57:00,1.0
12750,KAD,25.0,14:19:00,14:19:00,1.0
12750,LNL,26.0,14:23:00,14:23:00,1.0
12750,MVL,27.0,14:30:00,14:30:00,1.0
12750,KMST,28.0,14:40:00,14:40:00,1.0
12750,KNHE,29.0,14:45:00,14:45:00,1.0
12750,VDN,30.0,14:50:00,14:50:00,1.0
12750,TGN,31.0,14:54:00,14:54:00,1.0
12750,GRWD,32.0,14:57:00,14:57:00,1.0
12750,DEHR,33.0,15:04:00,15:04:00,1.0
12750,AKRD,34.0,15:10:00,15:10:00,1.0
12750,CCH,35.0,15:13:00,15:13:00,1.0
12750,PMP,36.0,15:15:00,15:15:00,1.0
12750,KSWD,37.0,15:18:00,15:18:00,1.0
12750,DAPD,38.0,15:22:00,15:22:00,1.0
12750,KK,39.0,15:24:00,15:24:00,1.0
12750,SVJR,40.0,15:28:00,15:28:00,1.0
12750,PUNE,41.0,15:30:00,15:35:00,1.0
12939,KOPR,1.0,17:58:00,17:58:00,1.0
12939,DI,2.0,17:51:00,17:51:00,1.0
12939,THK,3.0,17:50:00,17:50:00,1.0
12939,KYN,4.0,17:43:00,17:45:00,1.0
12939,VLDI,5.0,17:41:00,17:41:00,1.0
12939,ULNR,6.0,17:39:00,17:39:00,1.0
12939,ABH,7.0,17:36:00,17:36:00,1.0
12939,BUD,8.0,17:28:00,17:28:00,1.0
12939,VGI,9.0,17:17:00,17:17:00,1.0
12939,SHLU,10.0,17:13:00,17:13:00,1.0
12939,NRL,11.0,17:09:00,17:09:00,1.0
12939,BVS,12.0,17:02:00,17:02:00,1.0
12939,KJT,13.0,16:55:00,16:55:00,1.0
12939,PDI,14.0,16:52:00,16:52:00,1.0
12939,KAD,15.0,16:30:00,16:30:00,1.0
12939,LNL,16.0,16:26:00,16:26:00,1.0
12939,MVL,17.0,16:19:00,16:19:00,1.0
12939,KMST,18.0,16:10:00,16:10:00,1.0
12939,KNHE,19.0,16:05:00,16:05:00,1.0
12939,VDN,20.0,16:00:00,16:00:00,1.0
12939,TGN,21.0,15:55:00,15:55:00,1.0
12939,GRWD,22.0,15:52:00,15:52:00,1.0
12939,DEHR,23.0,15:45:00,15:45:00,1.0
12939,AKRD,24.0,15:40:00,15:40:00,1.0
12939,CCH,25.0,15:37:00,15:37:00,1.0
12939,PMP,26.0,15:35:00,15:35:00,1.0
12939,KSWD,27.0,15:32:00,15:32:00,1.0
12939,DAPD,28.0,15:28:00,15:28:00,1.0
12939,KK,29.0,15:26:00,15:26:00,1.0
12939,SVJR,30.0,15:23:00,15:23:00,1.0
12939,PUNE,31.0,None,15:20:00,1.0
12940,KOPR,1.0,04:59:00,04:59:00,2.0
12940,DI,2.0,05:05:00,05:05:00,2.0
12940,THK,3.0,05:07:00,05:07:00,2.0
12940,KYN,4.0,05:15:00,05:20:00,2.0
12940,VLDI,5.0,05:23:00,05:23:00,2.0
12940,ULNR,6.0,05:25:00,05:25:00,2.0
12940,ABH,7.0,05:28:00,05:28:00,2.0
12940,BUD,8.0,05:37:00,05:37:00,2.0
12940,VGI,9.0,05:50:00,05:50:00,2.0
12940,SHLU,10.0,05:55:00,05:55:00,2.0
12940,NRL,11.0,06:00:00,06:00:00,2.0
12940,BVS,12.0,06:08:00,06:08:00,2.0
12940,KJT,13.0,06:17:00,06:17:00,2.0
12940,PDI,14.0,06:20:00,06:20:00,2.0
12940,KAD,15.0,06:45:00,06:45:00,2.0
12940,LNL,16.0,06:50:00,06:50:00,2.0
12940,MVL,17.0,06:58:00,06:58:00,2.0
12940,KMST,18.0,07:09:00,07:09:00,2.0
12940,KNHE,19.0,07:14:00,07:14:00,2.0
12940,VDN,20.0,07:21:00,07:21:00,2.0
12940,TGN,21.0,07:25:00,07:25:00,2.0
12940,GRWD,22.0,07:29:00,07:29:00,2.0
12940,DEHR,23.0,07:37:00,07:37:00,2.0
12940,AKRD,24.0,07:43:00,07:43:00,2.0
12940,CCH,25.0,07:47:00,07:47:00,2.0
12940,PMP,26.0,07:50:00,07:50:00,2.0
12940,KSWD,27.0,07:52:00,07:52:00,2.0
12940,DAPD,28.0,07:57:00,07:57:00,2.0
12940,KK,29.0,07:59:00,07:59:00,2.0
12940,SVJR,30.0,08:04:00,08:04:00,2.0
12940,PUNE,31.0,08:05:00,None,2.0
16209,CHP,1.0,12:09:00,12:09:00,1.0
16209,KOPR,1.0,00:30:00,00:30:00,2.0
16209,DI,2.0,00:40:00,00:40:00,2.0
16209,THK,3.0,00:43:00,00:43:00,2.0
16209,KYN,4.0,01:05:00,01:10:00,2.0
16209,VLDI,5.0,01:13:00,01:13:00,2.0
16209,ULNR,6.0,01:15:00,01:15:00,2.0
16209,ABH,7.0,01:18:00,01:18:00,2.0
16209,BUD,8.0,01:28:00,01:28:00,2.0
16209,VGI,9.0,01:41:00,01:41:00,2.0
16209,SHLU,10.0,01:46:00,01:46:00,2.0
16209,NRL,11.0,01:51:00,01:51:00,2.0
16209,BVS,12.0,02:00:00,02:00:00,2.0
16209,KJT,13.0,02:08:00,02:10:00,2.0
16209,PDI,14.0,02:15:00,02:15:00,2.0
16209,KAD,15.0,02:51:00,02:51:00,2.0
16209,LNL,16.0,02:58:00,03:00:00,2.0
16209,MVL,17.0,03:08:00,03:08:00,2.0
16209,KMST,18.0,03:18:00,03:18:00,2.0
16209,KNHE,19.0,03:23:00,03:23:00,2.0
16209,VDN,20.0,03:29:00,03:29:00,2.0
16209,TGN,21.0,03:33:00,03:33:00,2.0
16209,GRWD,22.0,03:37:00,03:37:00,2.0
16209,DEHR,23.0,03:44:00,03:44:00,2.0
16209,AKRD,24.0,03:49:00,03:49:00,2.0
16209,CCH,25.0,03:53:00,03:53:00,2.0
16209,PMP,26.0,03:56:00,03:56:00,2.0
16209,KSWD,27.0,03:58:00,03:58:00,2.0
16209,DAPD,28.0,04:02:00,04:02:00,2.0
16209,KK,29.0,04:05:00,04:05:00,2.0
16209,SVJR,30.0,04:09:00,04:09:00,2.0
16209,PUNE,31.0,04:10:00,04:20:00,2.0
16210,KOPR,1.0,21:59:00,21:59:00,2.0
16210,DI,2.0,21:52:00,21:52:00,2.0
16210,THK,3.0,21:50:00,21:50:00,2.0
16210,KYN,4.0,21:40:00,21:45:00,2.0
16210,VLDI,5.0,21:38:00,21:38:00,2.0
16210,ULNR,6.0,21:36:00,21:36:00,2.0
16210,ABH,7.0,21:33:00,21:33:00,2.0
16210,BUD,8.0,21:25:00,21:25:00,2.0
16210,VGI,9.0,21:13:00,21:13:00,2.0
16210,SHLU,10.0,21:09:00,21:09:00,2.0
16210,NRL,11.0,21:05:00,21:05:00,2.0
16210,BVS,12.0,20:57:00,20:57:00,2.0
16210,KJT,13.0,20:49:00,20:50:00,2.0
16210,PDI,14.0,20:43:00,20:43:00,2.0
16210,KAD,15.0,20:07:00,20:07:00,2.0
16210,LNL,16.0,19:59:00,20:00:00,2.0
16210,MVL,17.0,19:51:00,19:51:00,2.0
16210,KMST,18.0,19:42:00,19:42:00,2.0
16210,KNHE,19.0,19:37:00,19:37:00,2.0
16210,VDN,20.0,19:31:00,19:31:00,2.0
16210,TGN,21.0,19:27:00,19:27:00,2.0
16210,GRWD,22.0,19:24:00,19:24:00,2.0
16210,DEHR,23.0,19:17:00,19:17:00,2.0
16210,AKRD,24.0,19:11:00,19:11:00,2.0
16210,CCH,25.0,19:08:00,19:08:00,2.0
16210,PMP,26.0,19:05:00,19:05:00,2.0
16210,KSWD,27.0,19:03:00,19:03:00,2.0
16210,DAPD,28.0,18:59:00,18:59:00,2.0
16210,KK,29.0,18:57:00,18:57:00,2.0
16210,SVJR,30.0,18:53:00,18:53:00,2.0
16210,PUNE,31.0,18:40:00,18:50:00,2.0
16210,CHP,1.0,10:27:00,10:27:00,3.0
16331,CSMT,1.0,None,12:05:00,1.0
16331,MSD,2.0,12:06:00,12:06:00,1.0
16331,SNRD,3.0,12:08:00,12:08:00,1.0
16331,BY,4.0,12:11:00,12:11:00,1.0
16331,CRD,5.0,12:13:00,12:13:00,1.0
16331,PR,6.0,12:16:00,12:16:00,1.0
16331,DR,7.0,12:18:00,12:20:00,1.0
16331,MTN,8.0,12:21:00,12:21:00,1.0
16331,SIN,9.0,12:24:00,12:24:00,1.0
16331,CLA,10.0,12:26:00,12:26:00,1.0
16331,VVH,11.0,12:28:00,12:28:00,1.0
16331,GC,12.0,12:29:00,12:29:00,1.0
16331,VK,13.0,12:33:00,12:33:00,1.0
16331,BND,14.0,12:36:00,12:36:00,1.0
16331,NHU,15.0,12:37:00,12:37:00,1.0
16331,MLND,16.0,12:39:00,12:39:00,1.0
16331,TNA,17.0,12:42:00,12:45:00,1.0
16331,DIVA,18.0,12:55:00,12:55:00,1.0
16331,KOPR,19.0,12:59:00,12:59:00,1.0
16331,DI,20.0,13:00:00,13:00:00,1.0
16331,THK,21.0,13:02:00,13:02:00,1.0
16331,KYN,22.0,13:05:00,13:10:00,1.0
16331,VLDI,23.0,13:12:00,13:12:00,1.0
16331,ULNR,24.0,13:14:00,13:14:00,1.0
16331,ABH,25.0,13:16:00,13:16:00,1.0
16331,BUD,26.0,13:22:00,13:22:00,1.0
16331,VGI,27.0,13:31:00,13:31:00,1.0
16331,SHLU,28.0,13:34:00,13:34:00,1.0
16331,NRL,29.0,13:38:00,13:38:00,1.0
16331,BVS,30.0,13:43:00,13:43:00,1.0
16331,KJT,31.0,13:48:00,13:50:00,1.0
16331,PDI,32.0,13:55:00,13:55:00,1.0
16331,KAD,33.0,14:31:00,14:31:00,1.0
16331,LNL,34.0,14:38:00,14:40:00,1.0
16331,MVL,35.0,14:47:00,14:47:00,1.0
16331,KMST,36.0,14:56:00,14:56:00,1.0
16331,KNHE,37.0,15:01:00,15:01:00,1.0
16331,VDN,38.0,15:06:00,15:06:00,1.0
16331,TGN,39.0,15:10:00,15:10:00,1.0
16331,GRWD,40.0,15:13:00,15:13:00,1.0
16331,DEHR,41.0,15:20:00,15:20:00,1.0
16331,AKRD,42.0,15:25:00,15:25:00,1.0
16331,CCH,43.0,15:28:00,15:28:00,1.0
16331,PMP,44.0,15:31:00,15:31:00,1.0
16331,KSWD,45.0,15:33:00,15:33:00,1.0
16331,DAPD,46.0,15:37:00,15:37:00,1.0
16331,KK,47.0,15:39:00,15:39:00,1.0
16331,SVJR,48.0,15:43:00,15:43:00,1.0
16331,PUNE,49.0,15:45:00,15:50:00,1.0
16331,BGWI,,None,None,
16332,CSMT,1.0,20:50:00,None,2.0
16332,MSD,2.0,20:47:00,20:47:00,2.0
16332,SNRD,3.0,20:45:00,20:45:00,2.0
16332,BY,4.0,20:41:00,20:41:00,2.0
16332,CRD,5.0,20:36:00,20:36:00,2.0
16332,PR,6.0,20:32:00,20:32:00,2.0
16332,DR,7.0,20:29:00,20:30:00,2.0
16332,MTN,8.0,20:28:00,20:28:00,2.0
16332,SIN,9.0,20:25:00,20:25:00,2.0
16332,CLA,10.0,20:21:00,20:21:00,2.0
16332,VVH,11.0,20:18:00,20:18:00,2.0
16332,GC,12.0,20:17:00,20:17:00,2.0
16332,VK,13.0,20:12:00,20:12:00,2.0
16332,BND,14.0,20:08:00,20:08:00,2.0
16332,NHU,15.0,20:06:00,20:06:00,2.0
16332,MLND,16.0,20:03:00,20:03:00,2.0
16332,TNA,17.0,19:59:00,20:00:00,2.0
16332,DIVA,18.0,19:50:00,19:50:00,2.0
16332,KOPR,19.0,19:46:00,19:46:00,2.0
16332,DI,20.0,19:45:00,19:45:00,2.0
16332,THK,21.0,19:43:00,19:43:00,2.0
16332,KYN,22.0,19:39:00,19:40:00,2.0
16332,VLDI,23.0,19:37:00,19:37:00,2.0
16332,ULNR,24.0,19:35:00,19:35:00,2.0
16332,ABH,25.0,19:31:00,19:31:00,2.0
16332,BUD,26.0,19:21:00,19:21:00,2.0
16332,VGI,27.0,19:07:00,19:07:00,2.0
16332,SHLU,28.0,19:01:00,19:01:00,2.0
16332,NRL,29.0,18:56:00,18:56:00,2.0
16332,BVS,30.0,18:47:00,18:47:00,2.0
16332,KJT,31.0,18:37:00,18:37:00,2.0
16332,PDI,32.0,18:33:00,18:33:00,2.0
16332,KAD,33.0,18:05:00,18:05:00,2.0
16332,LNL,34.0,17:59:00,18:00:00,2.0
16332,MVL,35.0,17:50:00,17:50:00,2.0
16332,KMST,36.0,17:39:00,17:39:00,2.0
16332,KNHE,37.0,17:34:00,17:34:00,2.0
16332,VDN,38.0,17:27:00,17:27:00,2.0
16332,TGN,39.0,17:23:00,17:23:00,2.0
16332,GRWD,40.0,17:19:00,17:19:00,2.0
16332,DEHR,41.0,17:11:00,17:11:00,2.0
16332,AKRD,42.0,17:04:00,17:04:00,2.0
16332,CCH,43.0,17:00:00,17:00:00,2.0
16332,PMP,44.0,16:58:00,16:58:00,2.0
16332,KSWD,45.0,16:55:00,16:55:00,2.0
16332,DAPD,46.0,16:50:00,16:50:00,2.0
16332,KK,47.0,16:47:00,16:47:00,2.0
16332,SVJR,48.0,16:43:00,16:43:00,2.0
16332,PUNE,49.0,16:30:00,16:40:00,2.0
16332,BGWI,,None,None,
16339,CSMT,1.0,None,12:05:00,1.0
16339,MSD,2.0,12:06:00,12:06:00,1.0
16339,SNRD,3.0,12:08:00,12:08:00,1.0
16339,BY,4.0,12:11:00,12:11:00,1.0
16339,CRD,5.0,12:13:00,12:13:00,1.0
16339,PR,6.0,12:16:00,12:16:00,1.0
16339,DR,7.0,12:18:00,12:20:00,1.0
16339,MTN,8.0,12:21:00,12:21:00,1.0
16339,SIN,9.0,12:24:00,12:24:00,1.0
16339,CLA,10.0,12:26:00,12:26:00,1.0
16339,VVH,11.0,12:28:00,12:28:00,1.0
16339,GC,12.0,12:30:00,12:30:00,1.0
16339,VK,13.0,12:33:00,12:33:00,1.0
16339,BND,14.0,12:36:00,12:36:00,1.0
16339,NHU,15.0,12:38:00,12:38:00,1.0
16339,MLND,16.0,12:40:00,12:40:00,1.0
16339,TNA,17.0,12:43:00,12:45:00,1.0
16339,DIVA,18.0,12:55:00,12:55:00,1.0
16339,KOPR,19.0,12:59:00,12:59:00,1.0
16339,DI,20.0,13:00:00,13:00:00,1.0
16339,THK,21.0,13:02:00,13:02:00,1.0
16339,KYN,22.0,13:05:00,13:10:00,1.0
16339,VLDI,23.0,13:12:00,13:12:00,1.0
16339,ULNR,24.0,13:13:00,13:13:00,1.0
16339,ABH,25.0,13:16:00,13:16:00,1.0
16339,BUD,26.0,13:22:00,13:22:00,1.0
16339,VGI,27.0,13:31:00,13:31:00,1.0
16339,SHLU,28.0,13:34:00,13:34:00,1.0
16339,NRL,29.0,13:37:00,13:37:00,1.0
16339,BVS,30.0,13:43:00,13:43:00,1.0
16339,KJT,31.0,13:48:00,13:50:00,1.0
16339,PDI,32.0,13:55:00,13:55:00,1.0
16339,KAD,33.0,14:31:00,14:31:00,1.0
16339,LNL,34.0,14:38:00,14:40:00,1.0
16339,MVL,35.0,14:47:00,14:47:00,1.0
16339,KMST,36.0,14:56:00,14:56:00,1.0
16339,KNHE,37.0,15:01:00,15:01:00,1.0
16339,VDN,38.0,15:06:00,15:06:00,1.0
16339,TGN,39.0,15:10:00,15:10:00,1.0
16339,GRWD,40.0,15:13:00,15:13:00,1.0
16339,DEHR,41.0,15:20:00,15:20:00,1.0
16339,AKRD,42.0,15:25:00,15:25:00,1.0
16339,CCH,43.0,15:28:00,15:28:00,1.0
16339,PMP,44.0,15:30:00,15:30:00,1.0
16339,KSWD,45.0,15:33:00,15:33:00,1.0
16339,DAPD,46.0,15:36:00,15:36:00,1.0
16339,KK,47.0,15:38:00,15:38:00,1.0
16339,SVJR,48.0,15:42:00,15:42:00,1.0
16339,PUNE,49.0,15:45:00,15:50:00,1.0
16339,BGWI,,None,None,
16340,CSMT,1.0,20:50:00,None,2.0
16340,MSD,2.0,20:50:00,20:50:00,2.0
16340,SNRD,3.0,20:47:00,20:47:00,2.0
16340,BY,4.0,20:42:00,20:42:00,2.0
16340,CRD,5.0,20:37:00,20:37:00,2.0
16340,PR,6.0,20:33:00,20:33:00,2.0
16340,DR,7.0,20:28:00,20:30:00,2.0
16340,MTN,8.0,20:26:00,20:26:00,2.0
16340,SIN,9.0,20:23:00,20:23:00,2.0
16340,CLA,10.0,20:20:00,20:20:00,2.0
16340,VVH,11.0,20:17:00,20:17:00,2.0
16340,GC,12.0,20:16:00,20:16:00,2.0
16340,VK,13.0,20:11:00,20:11:00,2.0
16340,BND,14.0,20:07:00,20:07:00,2.0
16340,NHU,15.0,20:05:00,20:05:00,2.0
16340,MLND,16.0,20:03:00,20:03:00,2.0
16340,TNA,17.0,19:58:00,20:00:00,2.0
16340,DIVA,18.0,19:50:00,19:50:00,2.0
16340,KOPR,19.0,19:46:00,19:46:00,2.0
16340,DI,20.0,19:45:00,19:45:00,2.0
16340,THK,21.0,19:43:00,19:43:00,2.0
16340,KYN,22.0,19:38:00,19:40:00,2.0
16340,VLDI,23.0,19:35:00,19:35:00,2.0
16340,ULNR,24.0,19:33:00,19:33:00,2.0
16340,ABH,25.0,19:29:00,19:29:00,2.0
16340,BUD,26.0,19:19:00,19:19:00,2.0
16340,VGI,27.0,19:05:00,19:05:00,2.0
16340,SHLU,28.0,19:00:00,19:00:00,2.0
16340,NRL,29.0,18:54:00,18:54:00,2.0
16340,BVS,30.0,18:45:00,18:45:00,2.0
16340,KJT,31.0,18:36:00,18:36:00,2.0
16340,PDI,32.0,18:32:00,18:32:00,2.0
16340,KAD,33.0,18:05:00,18:05:00,2.0
16340,LNL,34.0,17:58:00,18:00:00,2.0
16340,MVL,35.0,17:51:00,17:51:00,2.0
16340,KMST,36.0,17:40:00,17:40:00,2.0
16340,KNHE,37.0,17:34:00,17:34:00,2.0
16340,VDN,38.0,17:28:00,17:28:00,2.0
16340,TGN,39.0,17:23:00,17:23:00,2.0
16340,GRWD,40.0,17:19:00,17:19:00,2.0
16340,DEHR,41.0,17:11:00,17:11:00,2.0
16340,AKRD,42.0,17:04:00,17:04:00,2.0
16340,CCH,43.0,17:00:00,17:00:00,2.0
16340,PMP,44.0,16:58:00,16:58:00,2.0
16340,KSWD,45.0,16:55:00,16:55:00,2.0
16340,DAPD,46.0,16:50:00,16:50:00,2.0
16340,KK,47.0,16:48:00,16:48:00,2.0
16340,SVJR,48.0,16:43:00,16:43:00,2.0
16340,PUNE,49.0,16:30:00,16:40:00,2.0
16340,BGWI,,None,None,
16351,CSMT,1.0,None,12:05:00,1.0
16351,MSD,2.0,12:06:00,12:06:00,1.0
16351,SNRD,3.0,12:08:00,12:08:00,1.0
16351,BY,4.0,12:11:00,12:11:00,1.0
16351,CRD,5.0,12:13:00,12:13:00,1.0
16351,PR,6.0,12:16:00,12:16:00,1.0
16351,DR,7.0,12:18:00,12:20:00,1.0
16351,MTN,8.0,12:21:00,12:21:00,1.0
16351,SIN,9.0,12:24:00,12:24:00,1.0
16351,CLA,10.0,12:26:00,12:26:00,1.0
16351,VVH,11.0,12:28:00,12:28:00,1.0
16351,GC,12.0,12:29:00,12:29:00,1.0
16351,VK,13.0,12:32:00,12:32:00,1.0
16351,BND,14.0,12:36:00,12:36:00,1.0
16351,NHU,15.0,12:37:00,12:37:00,1.0
16351,MLND,16.0,12:39:00,12:39:00,1.0
16351,TNA,17.0,12:42:00,12:45:00,1.0
16351,DIVA,18.0,12:55:00,12:55:00,1.0
16351,KOPR,19.0,12:59:00,12:59:00,1.0
16351,DI,20.0,13:00:00,13:00:00,1.0
16351,THK,21.0,13:02:00,13:02:00,1.0
16351,KYN,22.0,13:05:00,13:10:00,1.0
16351,VLDI,23.0,13:12:00,13:12:00,1.0
16351,ULNR,24.0,13:13:00,13:13:00,1.0
16351,ABH,25.0,13:16:00,13:16:00,1.0
16351,BUD,26.0,13:22:00,13:22:00,1.0
16351,VGI,27.0,13:31:00,13:31:00,1.0
16351,SHLU,28.0,13:34:00,13:34:00,1.0
16351,NRL,29.0,13:37:00,13:37:00,1.0
16351,BVS,30.0,13:43:00,13:43:00,1.0
16351,KJT,31.0,13:48:00,13:50:00,1.0
16351,PDI,32.0,13:55:00,13:55:00,1.0
16351,KAD,33.0,14:31:00,14:31:00,1.0
16351,LNL,34.0,14:38:00,14:40:00,1.0
16351,MVL,35.0,14:47:00,14:47:00,1.0
16351,KMST,36.0,14:56:00,14:56:00,1.0
16351,KNHE,37.0,15:01:00,15:01:00,1.0
16351,VDN,38.0,15:06:00,15:06:00,1.0
16351,TGN,39.0,15:10:00,15:10:00,1.0
16351,GRWD,40.0,15:13:00,15:13:00,1.0
16351,DEHR,41.0,15:20:00,15:20:00,1.0
16351,AKRD,42.0,15:25:00,15:25:00,1.0
16351,CCH,43.0,15:28:00,15:28:00,1.0
16351,PMP,44.0,15:30:00,15:30:00,1.0
16351,KSWD,45.0,15:33:00,15:33:00,1.0
16351,DAPD,46.0,15:36:00,15:36:00,1.0
16351,KK,47.0,15:38:00,15:38:00,1.0
16351,SVJR,48.0,15:42:00,15:42:00,1.0
16351,PUNE,49.0,15:45:00,15:50:00,1.0
16351,BGWI,,None,None,
16352,CSMT,1.0,20:50:00,None,2.0
16352,MSD,2.0,20:47:00,20:47:00,2.0
16352,SNRD,3.0,20:45:00,20:45:00,2.0
16352,BY,4.0,20:41:00,20:41:00,2.0
16352,CRD,5.0,20:36:00,20:36:00,2.0
16352,PR,6.0,20:32:00,20:32:00,2.0
16352,DR,7.0,20:29:00,20:30:00,2.0
16352,MTN,8.0,20:28:00,20:28:00,2.0
16352,SIN,9.0,20:25:00,20:25:00,2.0
16352,CLA,10.0,20:21:00,20:21:00,2.0
16352,VVH,11.0,20:18:00,20:18:00,2.0
16352,GC,12.0,20:17:00,20:17:00,2.0
16352,VK,13.0,20:12:00,20:12:00,2.0
16352,BND,14.0,20:08:00,20:08:00,2.0
16352,NHU,15.0,20:06:00,20:06:00,2.0
16352,MLND,16.0,20:03:00,20:03:00,2.0
16352,TNA,17.0,19:59:00,20:00:00,2.0
16352,DIVA,18.0,19:50:00,19:50:00,2.0
16352,KOPR,19.0,19:46:00,19:46:00,2.0
16352,DI,20.0,19:45:00,19:45:00,2.0
16352,THK,21.0,19:43:00,19:43:00,2.0
16352,KYN,22.0,19:39:00,19:40:00,2.0
16352,VLDI,23.0,19:36:00,19:36:00,2.0
16352,ULNR,24.0,19:33:00,19:33:00,2.0
16352,ABH,25.0,19:30:00,19:30:00,2.0
16352,BUD,26.0,19:20:00,19:20:00,2.0
16352,VGI,27.0,19:06:00,19:06:00,2.0
16352,SHLU,28.0,19:00:00,19:00:00,2.0
16352,NRL,29.0,18:55:00,18:55:00,2.0
16352,BVS,30.0,18:46:00,18:46:00,2.0
16352,KJT,31.0,18:37:00,18:37:00,2.0
16352,PDI,32.0,18:33:00,18:33:00,2.0
16352,KAD,33.0,18:05:00,18:05:00,2.0
16352,LNL,34.0,17:59:00,18:00:00,2.0
16352,MVL,35.0,17:50:00,17:50:00,2.0
16352,KMST,36.0,17:39:00,17:39:00,2.0
16352,KNHE,37.0,17:34:00,17:34:00,2.0
16352,VDN,38.0,17:27:00,17:27:00,2.0
16352,TGN,39.0,17:23:00,17:23:00,2.0
16352,GRWD,40.0,17:19:00,17:19:00,2.0
16352,DEHR,41.0,17:11:00,17:11:00,2.0
16352,AKRD,42.0,17:04:00,17:04:00,2.0
16352,CCH,43.0,17:00:00,17:00:00,2.0
16352,PMP,44.0,16:58:00,16:58:00,2.0
16352,KSWD,45.0,16:55:00,16:55:00,2.0
16352,DAPD,46.0,16:50:00,16:50:00,2.0
16352,KK,47.0,16:47:00,16:47:00,2.0
16352,SVJR,48.0,16:43:00,16:43:00,2.0
16352,PUNE,49.0,16:30:00,16:40:00,2.0
16352,BGWI,,None,None,
16381,CSMT,1.0,None,15:45:00,1.0
16381,MSD,2.0,15:46:00,15:46:00,1.0
16381,SNRD,3.0,15:48:00,15:48:00,1.0
16381,BY,4.0,15:51:00,15:51:00,1.0
16381,CRD,5.0,15:53:00,15:53:00,1.0
16381,PR,6.0,15:56:00,15:56:00,1.0
16381,DR,7.0,15:58:00,16:00:00,1.0
16381,MTN,8.0,16:01:00,16:01:00,1.0
16381,SIN,9.0,16:03:00,16:03:00,1.0
16381,CLA,10.0,16:06:00,16:06:00,1.0
16381,VVH,11.0,16:08:00,16:08:00,1.0
16381,GC,12.0,16:09:00,16:09:00,1.0
16381,VK,13.0,16:12:00,16:12:00,1.0
16381,BND,14.0,16:15:00,16:15:00,1.0
16381,NHU,15.0,16:17:00,16:17:00,1.0
16381,MLND,16.0,16:19:00,16:19:00,1.0
16381,TNA,17.0,16:21:00,16:21:00,1.0
16381,KLVA,18.0,16:23:00,16:23:00,1.0
16381,MBQ,19.0,16:27:00,16:27:00,1.0
16381,DIVA,20.0,16:29:00,16:29:00,1.0
16381,KOPR,21.0,16:33:00,16:33:00,1.0
16381,DI,22.0,16:34:00,16:34:00,1.0
16381,THK,23.0,16:35:00,16:35:00,1.0
16381,KYN,24.0,16:38:00,16:40:00,1.0
16381,VLDI,25.0,16:42:00,16:42:00,1.0
16381,ULNR,26.0,16:44:00,16:44:00,1.0
16381,ABH,27.0,16:46:00,16:46:00,1.0
16381,BUD,28.0,16:52:00,16:52:00,1.0
16381,VGI,29.0,17:01:00,17:01:00,1.0
16381,SHLU,30.0,17:04:00,17:04:00,1.0
16381,NRL,31.0,17:08:00,17:08:00,1.0
16381,BVS,32.0,17:13:00,17:13:00,1.0
16381,KJT,33.0,17:18:00,17:20:00,1.0
16381,PDI,34.0,17:25:00,17:25:00,1.0
16381,KAD,35.0,18:01:00,18:01:00,1.0
16381,LNL,36.0,18:08:00,18:10:00,1.0
16381,MVL,37.0,18:17:00,18:17:00,1.0
16381,KMST,38.0,18:26:00,18:26:00,1.0
16381,KNHE,39.0,18:31:00,18:31:00,1.0
16381,VDN,40.0,18:36:00,18:36:00,1.0
16381,TGN,41.0,18:40:00,18:40:00,1.0
16381,GRWD,42.0,18:43:00,18:43:00,1.0
16381,DEHR,43.0,18:50:00,18:50:00,1.0
16381,AKRD,44.0,18:55:00,18:55:00,1.0
16381,CCH,45.0,18:58:00,18:58:00,1.0
16381,PMP,46.0,19:01:00,19:01:00,1.0
16381,KSWD,47.0,19:03:00,19:03:00,1.0
16381,DAPD,48.0,19:07:00,19:07:00,1.0
16381,KK,49.0,19:09:00,19:09:00,1.0
16381,SVJR,50.0,19:13:00,19:13:00,1.0
16381,PUNE,51.0,19:15:00,19:25:00,1.0
16382,CSMT,1.0,04:50:00,None,3.0
16382,MSD,2.0,04:47:00,04:47:00,3.0
16382,SNRD,3.0,04:45:00,04:45:00,3.0
16382,BY,4.0,04:41:00,04:41:00,3.0
16382,CRD,5.0,04:36:00,04:36:00,3.0
16382,PR,6.0,04:32:00,04:32:00,3.0
16382,DR,7.0,04:29:00,04:30:00,3.0
16382,MTN,8.0,04:28:00,04:28:00,3.0
16382,SIN,9.0,04:25:00,04:25:00,3.0
16382,CLA,10.0,04:21:00,04:21:00,3.0
16382,VVH,11.0,04:18:00,04:18:00,3.0
16382,GC,12.0,04:17:00,04:17:00,3.0
16382,VK,13.0,04:12:00,04:12:00,3.0
16382,BND,14.0,04:08:00,04:08:00,3.0
16382,NHU,15.0,04:06:00,04:06:00,3.0
16382,MLND,16.0,04:03:00,04:03:00,3.0
16382,TNA,17.0,03:59:00,04:00:00,3.0
16382,KLVA,18.0,03:56:00,03:56:00,3.0
16382,MBQ,19.0,03:52:00,03:52:00,3.0
16382,DIVA,20.0,03:50:00,03:50:00,3.0
16382,KOPR,21.0,03:46:00,03:46:00,3.0
16382,DI,22.0,03:45:00,03:45:00,3.0
16382,THK,23.0,03:43:00,03:43:00,3.0
16382,KYN,24.0,03:39:00,03:40:00,3.0
16382,VLDI,25.0,03:38:00,03:38:00,3.0
16382,ULNR,26.0,03:36:00,03:36:00,3.0
16382,ABH,27.0,03:33:00,03:33:00,3.0
16382,BUD,28.0,03:25:00,03:25:00,3.0
16382,VGI,29.0,03:13:00,03:13:00,3.0
16382,SHLU,30.0,03:09:00,03:09:00,3.0
16382,NRL,31.0,03:05:00,03:05:00,3.0
16382,BVS,32.0,02:57:00,02:57:00,3.0
16382,KJT,33.0,02:49:00,02:50:00,3.0
16382,PDI,34.0,02:43:00,02:43:00,3.0
16382,KAD,35.0,02:07:00,02:07:00,3.0
16382,LNL,36.0,01:59:00,02:00:00,3.0
16382,MVL,37.0,01:51:00,01:51:00,3.0
16382,KMST,38.0,01:42:00,01:42:00,3.0
16382,KNHE,39.0,01:37:00,01:37:00,3.0
16382,VDN,40.0,01:31:00,01:31:00,3.0
16382,TGN,41.0,01:27:00,01:27:00,3.0
16382,GRWD,42.0,01:24:00,01:24:00,3.0
16382,DEHR,43.0,01:17:00,01:17:00,3.0
16382,AKRD,44.0,01:11:00,01:11:00,3.0
16382,CCH,45.0,01:08:00,01:08:00,3.0
16382,PMP,46.0,01:05:00,01:05:00,3.0
16382,KSWD,47.0,01:03:00,01:03:00,3.0
16382,DAPD,48.0,00:59:00,00:59:00,3.0
16382,KK,49.0,00:57:00,00:57:00,3.0
16382,SVJR,50.0,00:53:00,00:53:00,3.0
16382,PUNE,51.0,00:40:00,00:50:00,3.0
16505,KOPR,1.0,00:31:00,00:31:00,2.0
16505,DI,2.0,00:42:00,00:42:00,2.0
16505,THK,3.0,00:45:00,00:45:00,2.0
16505,KYN,4.0,01:08:00,01:10:00,2.0
16505,VLDI,5.0,01:13:00,01:13:00,2.0
16505,ULNR,6.0,01:15:00,01:15:00,2.0
16505,ABH,7.0,01:19:00,01:19:00,2.0
16505,BUD,8.0,01:28:00,01:28:00,2.0
16505,VGI,9.0,01:42:00,01:42:00,2.0
16505,SHLU,10.0,01:47:00,01:47:00,2.0
16505,NRL,11.0,01:52:00,01:52:00,2.0
16505,BVS,12.0,02:01:00,02:01:00,2.0
16505,KJT,13.0,02:08:00,02:10:00,2.0
16505,PDI,14.0,02:15:00,02:15:00,2.0
16505,KAD,15.0,02:51:00,02:51:00,2.0
16505,LNL,16.0,02:58:00,03:00:00,2.0
16505,MVL,17.0,03:08:00,03:08:00,2.0
16505,KMST,18.0,03:18:00,03:18:00,2.0
16505,KNHE,19.0,03:23:00,03:23:00,2.0
16505,VDN,20.0,03:28:00,03:28:00,2.0
16505,TGN,21.0,03:33:00,03:33:00,2.0
16505,GRWD,22.0,03:36:00,03:36:00,2.0
16505,DEHR,23.0,03:43:00,03:43:00,2.0
16505,AKRD,24.0,03:49:00,03:49:00,2.0
16505,CCH,25.0,03:52:00,03:52:00,2.0
16505,PMP,26.0,03:55:00,03:55:00,2.0
16505,KSWD,27.0,03:57:00,03:57:00,2.0
16505,DAPD,28.0,04:01:00,04:01:00,2.0
16505,KK,29.0,04:04:00,04:04:00,2.0
16505,SVJR,30.0,04:08:00,04:08:00,2.0
16505,PUNE,31.0,04:10:00,04:20:00,2.0
16505,BGWI,,None,None,
16506,KOPR,1.0,21:59:00,21:59:00,2.0
16506,DI,2.0,21:52:00,21:52:00,2.0
16506,THK,3.0,21:50:00,21:50:00,2.0
16506,KYN,4.0,21:40:00,21:45:00,2.0
16506,VLDI,5.0,21:38:00,21:38:00,2.0
16506,ULNR,6.0,21:36:00,21:36:00,2.0
16506,ABH,7.0,21:33:00,21:33:00,2.0
16506,BUD,8.0,21:25:00,21:25:00,2.0
16506,VGI,9.0,21:13:00,21:13:00,2.0
16506,SHLU,10.0,21:09:00,21:09:00,2.0
16506,NRL,11.0,21:05:00,21:05:00,2.0
16506,BVS,12.0,20:57:00,20:57:00,2.0
16506,KJT,13.0,20:49:00,20:50:00,2.0
16506,PDI,14.0,20:43:00,20:43:00,2.0
16506,KAD,15.0,20:07:00,20:07:00,2.0
16506,LNL,16.0,19:59:00,20:00:00,2.0
16506,MVL,17.0,19:51:00,19:51:00,2.0
16506,KMST,18.0,19:42:00,19:42:00,2.0
16506,KNHE,19.0,19:37:00,19:37:00,2.0
16506,VDN,20.0,19:31:00,19:31:00,2.0
16506,TGN,21.0,19:27:00,19:27:00,2.0
16506,GRWD,22.0,19:24:00,19:24:00,2.0
16506,DEHR,23.0,19:17:00,19:17:00,2.0
16506,AKRD,24.0,19:11:00,19:11:00,2.0
16506,CCH,25.0,19:08:00,19:08:00,2.0
16506,PMP,26.0,19:05:00,19:05:00,2.0
16506,KSWD,27.0,19:03:00,19:03:00,2.0
16506,DAPD,28.0,18:59:00,18:59:00,2.0
16506,KK,29.0,18:57:00,18:57:00,2.0
16506,SVJR,30.0,18:53:00,18:53:00,2.0
16506,PUNE,31.0,18:40:00,18:50:00,2.0
16506,BGWI,,None,None,
16507,CHP,1.0,12:06:00,12:06:00,1.0
16507,KOPR,1.0,00:30:00,00:30:00,2.0
16507,DI,2.0,00:41:00,00:41:00,2.0
16507,THK,3.0,00:44:00,00:44:00,2.0
16507,KYN,4.0,01:05:00,01:10:00,2.0
16507,VLDI,5.0,01:13:00,01:13:00,2.0
16507,ULNR,6.0,01:15:00,01:15:00,2.0
16507,ABH,7.0,01:18:00,01:18:00,2.0
16507,BUD,8.0,01:28:00,01:28:00,2.0
16507,VGI,9.0,01:41:00,01:41:00,2.0
16507,SHLU,10.0,01:46:00,01:46:00,2.0
16507,NRL,11.0,01:51:00,01:51:00,2.0
16507,BVS,12.0,02:00:00,02:00:00,2.0
16507,KJT,13.0,02:08:00,02:10:00,2.0
16507,PDI,14.0,02:15:00,02:15:00,2.0
16507,KAD,15.0,02:51:00,02:51:00,2.0
16507,LNL,16.0,02:58:00,03:00:00,2.0
16507,MVL,17.0,03:08:00,03:08:00,2.0
16507,KMST,18.0,03:18:00,03:18:00,2.0
16507,KNHE,19.0,03:23:00,03:23:00,2.0
16507,VDN,20.0,03:28:00,03:28:00,2.0
16507,TGN,21.0,03:33:00,03:33:00,2.0
16507,GRWD,22.0,03:36:00,03:36:00,2.0
16507,DEHR,23.0,03:43:00,03:43:00,2.0
16507,AKRD,24.0,03:49:00,03:49:00,2.0
16507,CCH,25.0,03:52:00,03:52:00,2.0
16507,PMP,26.0,03:55:00,03:55:00,2.0
16507,KSWD,27.0,03:57:00,03:57:00,2.0
16507,DAPD,28.0,04:01:00,04:01:00,2.0
16507,KK,29.0,04:04:00,04:04:00,2.0
16507,SVJR,30.0,04:08:00,04:08:00,2.0
16507,PUNE,31.0,04:10:00,04:20:00,2.0
16507,BGWI,,None,None,
16508,KOPR,1.0,21:59:00,21:59:00,2.0
16508,DI,2.0,21:52:00,21:52:00,2.0
16508,THK,3.0,21:50:00,21:50:00,2.0
16508,KYN,4.0,21:40:00,21:45:00,2.0
16508,VLDI,5.0,21:37:00,21:37:00,2.0
16508,ULNR,6.0,21:35:00,21:35:00,2.0
16508,ABH,7.0,21:33:00,21:33:00,2.0
16508,BUD,8.0,21:25:00,21:25:00,2.0
16508,VGI,9.0,21:13:00,21:13:00,2.0
16508,SHLU,10.0,21:09:00,21:09:00,2.0
16508,NRL,11.0,21:04:00,21:04:00,2.0
16508,BVS,12.0,20:57:00,20:57:00,2.0
16508,KJT,13.0,20:49:00,20:50:00,2.0
16508,PDI,14.0,20:43:00,20:43:00,2.0
16508,KAD,15.0,20:06:00,20:06:00,2.0
16508,LNL,16.0,19:59:00,20:00:00,2.0
16508,MVL,17.0,19:51:00,19:51:00,2.0
16508,KMST,18.0,19:41:00,19:41:00,2.0
16508,KNHE,19.0,19:37:00,19:37:00,2.0
16508,VDN,20.0,19:31:00,19:31:00,2.0
16508,TGN,21.0,19:27:00,19:27:00,2.0
16508,GRWD,22.0,19:23:00,19:23:00,2.0
16508,DEHR,23.0,19:16:00,19:16:00,2.0
16508,AKRD,24.0,19:11:00,19:11:00,2.0
16508,CCH,25.0,19:08:00,19:08:00,2.0
16508,PMP,26.0,19:05:00,19:05:00,2.0
16508,KSWD,27.0,19:03:00,19:03:00,2.0
16508,DAPD,28.0,18:59:00,18:59:00,2.0
16508,KK,29.0,18:56:00,18:56:00,2.0
16508,SVJR,30.0,18:53:00,18:53:00,2.0
16508,PUNE,31.0,18:40:00,18:50:00,2.0
16508,CHP,1.0,10:26:00,10:26:00,3.0
16508,BGWI,,None,None,
16529,CSMT,1.0,None,08:05:00,1.0
16529,MSD,2.0,08:06:00,08:06:00,1.0
16529,SNRD,3.0,08:08:00,08:08:00,1.0
16529,BY,4.0,08:11:00,08:11:00,1.0
16529,CRD,5.0,08:13:00,08:13:00,1.0
16529,PR,6.0,08:16:00,08:16:00,1.0
16529,DR,7.0,08:18:00,08:20:00,1.0
16529,MTN,8.0,08:21:00,08:21:00,1.0
16529,SIN,9.0,08:23:00,08:23:00,1.0
16529,CLA,10.0,08:26:00,08:26:00,1.0
16529,VVH,11.0,08:28:00,08:28:00,1.0
16529,GC,12.0,08:29:00,08:29:00,1.0
16529,VK,13.0,08:32:00,08:32:00,1.0
16529,BND,14.0,08:35:00,08:35:00,1.0
16529,NHU,15.0,08:36:00,08:36:00,1.0
16529,MLND,16.0,08:38:00,08:38:00,1.0
16529,TNA,17.0,08:40:00,08:40:00,1.0
16529,KLVA,18.0,08:43:00,08:43:00,1.0
16529,MBQ,19.0,08:46:00,08:46:00,1.0
16529,DIVA,20.0,08:49:00,08:49:00,1.0
16529,KOPR,21.0,08:52:00,08:52:00,1.0
16529,DI,22.0,08:53:00,08:53:00,1.0
16529,THK,23.0,08:54:00,08:54:00,1.0
16529,KYN,24.0,08:58:00,09:00:00,1.0
16529,VLDI,25.0,09:03:00,09:03:00,1.0
16529,ULNR,26.0,09:05:00,09:05:00,1.0
16529,ABH,27.0,09:08:00,09:08:00,1.0
16529,BUD,28.0,09:18:00,09:18:00,1.0
16529,VGI,29.0,09:32:00,09:32:00,1.0
16529,SHLU,30.0,09:37:00,09:37:00,1.0
16529,NRL,31.0,09:42:00,09:42:00,1.0
16529,BVS,32.0,09:50:00,09:50:00,1.0
16529,KJT,33.0,09:59:00,09:59:00,1.0
16529,PDI,34.0,10:03:00,10:03:00,1.0
16529,KAD,35.0,10:29:00,10:29:00,1.0
16529,LNL,36.0,10:33:00,10:35:00,1.0
16529,MVL,37.0,10:42:00,10:42:00,1.0
16529,KMST,38.0,10:51:00,10:51:00,1.0
16529,KNHE,39.0,10:56:00,10:56:00,1.0
16529,VDN,40.0,11:01:00,11:01:00,1.0
16529,TGN,41.0,11:05:00,11:05:00,1.0
16529,GRWD,42.0,11:08:00,11:08:00,1.0
16529,DEHR,43.0,11:15:00,11:15:00,1.0
16529,AKRD,44.0,11:20:00,11:20:00,1.0
16529,CCH,45.0,11:23:00,11:23:00,1.0
16529,PMP,46.0,11:25:00,11:25:00,1.0
16529,KSWD,47.0,11:28:00,11:28:00,1.0
16529,DAPD,48.0,11:31:00,11:31:00,1.0
16529,KK,49.0,11:33:00,11:33:00,1.0
16529,SVJR,50.0,11:37:00,11:37:00,1.0
16529,PUNE,51.0,11:40:00,11:45:00,1.0
16530,CSMT,1.0,19:50:00,None,2.0
16530,MSD,2.0,19:47:00,19:47:00,2.0
16530,SNRD,3.0,19:44:00,19:44:00,2.0
16530,BY,4.0,19:38:00,19:38:00,2.0
16530,CRD,5.0,19:33:00,19:33:00,2.0
16530,PR,6.0,19:28:00,19:28:00,2.0
16530,DR,7.0,19:24:00,19:25:00,2.0
16530,MTN,8.0,19:23:00,19:23:00,2.0
16530,SIN,9.0,19:21:00,19:21:00,2.0
16530,CLA,10.0,19:18:00,19:18:00,2.0
16530,VVH,11.0,19:16:00,19:16:00,2.0
16530,GC,12.0,19:14:00,19:14:00,2.0
16530,VK,13.0,19:11:00,19:11:00,2.0
16530,BND,14.0,19:07:00,19:07:00,2.0
16530,NHU,15.0,19:05:00,19:05:00,2.0
16530,MLND,16.0,19:03:00,19:03:00,2.0
16530,TNA,17.0,19:00:00,19:00:00,2.0
16530,KLVA,18.0,18:58:00,18:58:00,2.0
16530,MBQ,19.0,18:53:00,18:53:00,2.0
16530,DIVA,20.0,18:51:00,18:51:00,2.0
16530,KOPR,21.0,18:46:00,18:46:00,2.0
16530,DI,22.0,18:45:00,18:45:00,2.0
16530,THK,23.0,18:44:00,18:44:00,2.0
16530,KYN,24.0,18:39:00,18:40:00,2.0
16530,VLDI,25.0,18:36:00,18:36:00,2.0
16530,ULNR,26.0,18:34:00,18:34:00,2.0
16530,ABH,27.0,18:31:00,18:31:00,2.0
16530,BUD,28.0,18:21:00,18:21:00,2.0
16530,VGI,29.0,18:07:00,18:07:00,2.0
16530,SHLU,30.0,18:02:00,18:02:00,2.0
16530,NRL,31.0,17:57:00,17:57:00,2.0
16530,BVS,32.0,17:49:00,17:49:00,2.0
16530,KJT,33.0,17:40:00,17:40:00,2.0
16530,PDI,34.0,17:36:00,17:36:00,2.0
16530,KAD,35.0,17:10:00,17:10:00,2.0
16530,LNL,36.0,17:04:00,17:05:00,2.0
16530,MVL,37.0,16:57:00,16:57:00,2.0
16530,KMST,38.0,16:48:00,16:48:00,2.0
16530,KNHE,39.0,16:43:00,16:43:00,2.0
16530,VDN,40.0,16:37:00,16:37:00,2.0
16530,TGN,41.0,16:33:00,16:33:00,2.0
16530,GRWD,42.0,16:29:00,16:29:00,2.0
16530,DEHR,43.0,16:22:00,16:22:00,2.0
16530,AKRD,44.0,16:17:00,16:17:00,2.0
16530,CCH,45.0,16:13:00,16:13:00,2.0
16530,PMP,46.0,16:11:00,16:11:00,2.0
16530,KSWD,47.0,16:08:00,16:08:00,2.0
16530,DAPD,48.0,16:04:00,16:04:00,2.0
16530,KK,49.0,16:02:00,16:02:00,2.0
16530,SVJR,50.0,15:58:00,15:58:00,2.0
16530,PUNE,51.0,15:50:00,15:55:00,2.0
16531,CHP,1.0,12:08:00,12:08:00,1.0
16531,KOPR,1.0,00:29:00,00:29:00,2.0
16531,DI,2.0,00:40:00,00:40:00,2.0
16531,THK,3.0,00:43:00,00:43:00,2.0
16531,KYN,4.0,01:05:00,01:10:00,2.0
16531,VLDI,5.0,01:13:00,01:13:00,2.0
16531,ULNR,6.0,01:15:00,01:15:00,2.0
16531,ABH,7.0,01:18:00,01:18:00,2.0
16531,BUD,8.0,01:28:00,01:28:00,2.0
16531,VGI,9.0,01:41:00,01:41:00,2.0
16531,SHLU,10.0,01:46:00,01:46:00,2.0
16531,NRL,11.0,01:51:00,01:51:00,2.0
16531,BVS,12.0,01:59:00,01:59:00,2.0
16531,KJT,13.0,02:08:00,02:10:00,2.0
16531,PDI,14.0,02:15:00,02:15:00,2.0
16531,KAD,15.0,02:51:00,02:51:00,2.0
16531,LNL,16.0,02:58:00,03:00:00,2.0
16531,MVL,17.0,03:08:00,03:08:00,2.0
16531,KMST,18.0,03:18:00,03:18:00,2.0
16531,KNHE,19.0,03:23:00,03:23:00,2.0
16531,VDN,20.0,03:28:00,03:28:00,2.0
16531,TGN,21.0,03:33:00,03:33:00,2.0
16531,GRWD,22.0,03:36:00,03:36:00,2.0
16531,DEHR,23.0,03:43:00,03:43:00,2.0
16531,AKRD,24.0,03:49:00,03:49:00,2.0
16531,CCH,25.0,03:53:00,03:53:00,2.0
16531,PMP,26.0,03:55:00,03:55:00,2.0
16531,KSWD,27.0,03:58:00,03:58:00,2.0
16531,DAPD,28.0,04:02:00,04:02:00,2.0
16531,KK,29.0,04:04:00,04:04:00,2.0
16531,SVJR,30.0,04:08:00,04:08:00,2.0
16531,PUNE,31.0,04:10:00,04:20:00,2.0
16532,KOPR,1.0,21:59:00,21:59:00,2.0
16532,DI,2.0,21:52:00,21:52:00,2.0
16532,THK,3.0,21:50:00,21:50:00,2.0
16532,KYN,4.0,21:40:00,21:45:00,2.0
16532,VLDI,5.0,21:38:00,21:38:00,2.0
16532,ULNR,6.0,21:36:00,21:36:00,2.0
16532,ABH,7.0,21:32:00,21:32:00,2.0
16532,BUD,8.0,21:22:00,21:22:00,2.0
16532,VGI,9.0,21:07:00,21:07:00,2.0
16532,SHLU,10.0,21:02:00,21:02:00,2.0
16532,NRL,11.0,20:56:00,20:56:00,2.0
16532,BVS,12.0,20:47:00,20:47:00,2.0
16532,KJT,13.0,20:38:00,20:38:00,2.0
16532,PDI,14.0,20:34:00,20:34:00,2.0
16532,KAD,15.0,20:05:00,20:05:00,2.0
16532,LNL,16.0,19:58:00,20:00:00,2.0
16532,MVL,17.0,19:51:00,19:51:00,2.0
16532,KMST,18.0,19:41:00,19:41:00,2.0
16532,KNHE,19.0,19:36:00,19:36:00,2.0
16532,VDN,20.0,19:31:00,19:31:00,2.0
16532,TGN,21.0,19:27:00,19:27:00,2.0
16532,GRWD,22.0,19:23:00,19:23:00,2.0
16532,DEHR,23.0,19:16:00,19:16:00,2.0
16532,AKRD,24.0,19:11:00,19:11:00,2.0
16532,CCH,25.0,19:08:00,19:08:00,2.0
16532,PMP,26.0,19:05:00,19:05:00,2.0
16532,KSWD,27.0,19:03:00,19:03:00,2.0
16532,DAPD,28.0,18:59:00,18:59:00,2.0
16532,KK,29.0,18:56:00,18:56:00,2.0
16532,SVJR,30.0,18:53:00,18:53:00,2.0
16532,PUNE,31.0,18:40:00,18:50:00,2.0
16532,CHP,1.0,10:27:00,10:27:00,3.0
16533,CHP,1.0,12:00:00,12:00:00,1.0
16533,KOPR,1.0,00:40:00,00:40:00,2.0
16533,DI,2.0,00:47:00,00:47:00,2.0
16533,THK,3.0,00:50:00,00:50:00,2.0
16533,KYN,4.0,01:05:00,01:10:00,2.0
16533,VLDI,5.0,01:13:00,01:13:00,2.0
16533,ULNR,6.0,01:16:00,01:16:00,2.0
16533,ABH,7.0,01:20:00,01:20:00,2.0
16533,BUD,8.0,01:31:00,01:31:00,2.0
16533,VGI,9.0,01:47:00,01:47:00,2.0
16533,SHLU,10.0,01:52:00,01:52:00,2.0
16533,NRL,11.0,01:58:00,01:58:00,2.0
16533,BVS,12.0,02:08:00,02:08:00,2.0
16533,KJT,13.0,02:18:00,02:18:00,2.0
16533,PDI,14.0,02:22:00,02:22:00,2.0
16533,KAD,15.0,02:53:00,02:53:00,2.0
16533,LNL,16.0,02:58:00,03:00:00,2.0
16533,MVL,17.0,03:08:00,03:08:00,2.0
16533,KMST,18.0,03:18:00,03:18:00,2.0
16533,KNHE,19.0,03:23:00,03:23:00,2.0
16533,VDN,20.0,03:28:00,03:28:00,2.0
16533,TGN,21.0,03:33:00,03:33:00,2.0
16533,GRWD,22.0,03:36:00,03:36:00,2.0
16533,DEHR,23.0,03:43:00,03:43:00,2.0
16533,AKRD,24.0,03:49:00,03:49:00,2.0
16533,CCH,25.0,03:52:00,03:52:00,2.0
16533,PMP,26.0,03:55:00,03:55:00,2.0
16533,KSWD,27.0,03:57:00,03:57:00,2.0
16533,DAPD,28.0,04:01:00,04:01:00,2.0
16533,KK,29.0,04:04:00,04:04:00,2.0
16533,SVJR,30.0,04:08:00,04:08:00,2.0
16533,PUNE,31.0,04:10:00,04:20:00,2.0
16533,BGWI,,None,None,
16534,KOPR,1.0,22:00:00,22:00:00,2.0
16534,DI,2.0,21:53:00,21:53:00,2.0
16534,THK,3.0,21:50:00,21:50:00,2.0
16534,KYN,4.0,21:40:00,21:45:00,2.0
16534,VLDI,5.0,21:38:00,21:38:00,2.0
16534,ULNR,6.0,21:36:00,21:36:00,2.0
16534,ABH,7.0,21:32:00,21:32:00,2.0
16534,BUD,8.0,21:22:00,21:22:00,2.0
16534,VGI,9.0,21:07:00,21:07:00,2.0
16534,SHLU,10.0,21:02:00,21:02:00,2.0
16534,NRL,11.0,20:56:00,20:56:00,2.0
16534,BVS,12.0,20:47:00,20:47:00,2.0
16534,KJT,13.0,20:38:00,20:38:00,2.0
16534,PDI,14.0,20:34:00,20:34:00,2.0
16534,KAD,15.0,20:05:00,20:05:00,2.0
16534,LNL,16.0,19:59:00,20:00:00,2.0
16534,MVL,17.0,19:51:00,19:51:00,2.0
16534,KMST,18.0,19:42:00,19:42:00,2.0
16534,KNHE,19.0,19:37:00,19:37:00,2.0
16534,VDN,20.0,19:31:00,19:31:00,2.0
16534,TGN,21.0,19:27:00,19:27:00,2.0
16534,GRWD,22.0,19:24:00,19:24:00,2.0
16534,DEHR,23.0,19:17:00,19:17:00,2.0
16534,AKRD,24.0,19:11:00,19:11:00,2.0
16534,CCH,25.0,19:08:00,19:08:00,2.0
16534,PMP,26.0,19:05:00,19:05:00,2.0
16534,KSWD,27.0,19:03:00,19:03:00,2.0
16534,DAPD,28.0,18:59:00,18:59:00,2.0
16534,KK,29.0,18:57:00,18:57:00,2.0
16534,SVJR,30.0,18:53:00,18:53:00,2.0
16534,PUNE,31.0,18:40:00,18:50:00,2.0
16534,CHP,1.0,10:14:00,10:14:00,3.0
16534,BGWI,,None,None,
16613,KOPR,1.0,19:09:00,19:09:00,1.0
16613,DI,2.0,19:19:00,19:19:00,1.0
16613,THK,3.0,19:21:00,19:21:00,1.0
16613,KYN,4.0,19:40:00,19:45:00,1.0
16613,VLDI,5.0,19:47:00,19:47:00,1.0
16613,ULNR,6.0,19:49:00,19:49:00,1.0
16613,ABH,7.0,19:51:00,19:51:00,1.0
16613,BUD,8.0,19:58:00,19:58:00,1.0
16613,VGI,9.0,20:08:00,20:08:00,1.0
16613,SHLU,10.0,20:12:00,20:12:00,1.0
16613,NRL,11.0,20:16:00,20:16:00,1.0
16613,BVS,12.0,20:22:00,20:22:00,1.0
16613,KJT,13.0,20:28:00,20:30:00,1.0
16613,PDI,14.0,20:35:00,20:35:00,1.0
16613,KAD,15.0,21:11:00,21:11:00,1.0
16613,LNL,16.0,21:18:00,21:20:00,1.0
16613,MVL,17.0,21:27:00,21:27:00,1.0
16613,KMST,18.0,21:36:00,21:36:00,1.0
16613,KNHE,19.0,21:41:00,21:41:00,1.0
16613,VDN,20.0,21:46:00,21:46:00,1.0
16613,TGN,21.0,21:50:00,21:50:00,1.0
16613,GRWD,22.0,21:53:00,21:53:00,1.0
16613,DEHR,23.0,22:00:00,22:00:00,1.0
16613,AKRD,24.0,22:05:00,22:05:00,1.0
16613,CCH,25.0,22:08:00,22:08:00,1.0
16613,PMP,26.0,22:11:00,22:11:00,1.0
16613,KSWD,27.0,22:13:00,22:13:00,1.0
16613,DAPD,28.0,22:17:00,22:17:00,1.0
16613,KK,29.0,22:19:00,22:19:00,1.0
16613,SVJR,30.0,22:23:00,22:23:00,1.0
16613,PUNE,31.0,22:25:00,22:30:00,1.0
16613,BGWI,,None,None,
16614,KOPR,1.0,05:02:00,05:02:00,3.0
16614,DI,2.0,04:56:00,04:56:00,3.0
16614,THK,3.0,04:54:00,04:54:00,3.0
16614,KYN,4.0,04:45:00,04:50:00,3.0
16614,VLDI,5.0,04:43:00,04:43:00,3.0
16614,ULNR,6.0,04:41:00,04:41:00,3.0
16614,ABH,7.0,04:39:00,04:39:00,3.0
16614,BUD,8.0,04:31:00,04:31:00,3.0
16614,VGI,9.0,04:21:00,04:21:00,3.0
16614,SHLU,10.0,04:17:00,04:17:00,3.0
16614,NRL,11.0,04:13:00,04:13:00,3.0
16614,BVS,12.0,04:07:00,04:07:00,3.0
16614,KJT,13.0,03:59:00,04:00:00,3.0
16614,PDI,14.0,03:54:00,03:54:00,3.0
16614,KAD,15.0,03:21:00,03:21:00,3.0
16614,LNL,16.0,03:14:00,03:15:00,3.0
16614,MVL,17.0,03:06:00,03:06:00,3.0
16614,KMST,18.0,02:57:00,02:57:00,3.0
16614,KNHE,19.0,02:52:00,02:52:00,3.0
16614,VDN,20.0,02:46:00,02:46:00,3.0
16614,TGN,21.0,02:42:00,02:42:00,3.0
16614,GRWD,22.0,02:39:00,02:39:00,3.0
16614,DEHR,23.0,02:32:00,02:32:00,3.0
16614,AKRD,24.0,02:26:00,02:26:00,3.0
16614,CCH,25.0,02:23:00,02:23:00,3.0
16614,PMP,26.0,02:20:00,02:20:00,3.0
16614,KSWD,27.0,02:18:00,02:18:00,3.0
16614,DAPD,28.0,02:14:00,02:14:00,3.0
16614,KK,29.0,02:12:00,02:12:00,3.0
16614,SVJR,30.0,02:08:00,02:08:00,3.0
16614,PUNE,31.0,02:00:00,02:05:00,3.0
16614,BGWI,,None,None,
17017,KOPR,1.0,19:09:00,19:09:00,1.0
17017,DI,2.0,19:19:00,19:19:00,1.0
17017,THK,3.0,19:21:00,19:21:00,1.0
17017,KYN,4.0,19:40:00,19:45:00,1.0
17017,VLDI,5.0,19:47:00,19:47:00,1.0
17017,ULNR,6.0,19:49:00,19:49:00,1.0
17017,ABH,7.0,19:51:00,19:51:00,1.0
17017,BUD,8.0,19:58:00,19:58:00,1.0
17017,VGI,9.0,20:08:00,20:08:00,1.0
17017,SHLU,10.0,20:12:00,20:12:00,1.0
17017,NRL,11.0,20:16:00,20:16:00,1.0
17017,BVS,12.0,20:22:00,20:22:00,1.0
17017,KJT,13.0,20:28:00,20:30:00,1.0
17017,PDI,14.0,20:35:00,20:35:00,1.0
17017,KAD,15.0,21:11:00,21:11:00,1.0
17017,LNL,16.0,21:18:00,21:20:00,1.0
17017,MVL,17.0,21:27:00,21:27:00,1.0
17017,KMST,18.0,21:36:00,21:36:00,1.0
17017,KNHE,19.0,21:41:00,21:41:00,1.0
17017,VDN,20.0,21:46:00,21:46:00,1.0
17017,TGN,21.0,21:50:00,21:50:00,1.0
17017,GRWD,22.0,21:53:00,21:53:00,1.0
17017,DEHR,23.0,22:00:00,22:00:00,1.0
17017,AKRD,24.0,22:05:00,22:05:00,1.0
17017,CCH,25.0,22:08:00,22:08:00,1.0
17017,PMP,26.0,22:11:00,22:11:00,1.0
17017,KSWD,27.0,22:13:00,22:13:00,1.0
17017,DAPD,28.0,22:17:00,22:17:00,1.0
17017,KK,29.0,22:19:00,22:19:00,1.0
17017,SVJR,30.0,22:23:00,22:23:00,1.0
17017,PUNE,31.0,22:25:00,22:30:00,1.0
17018,KOPR,1.0,05:01:00,05:01:00,2.0
17018,DI,2.0,04:56:00,04:56:00,2.0
17018,THK,3.0,04:54:00,04:54:00,2.0
17018,KYN,4.0,04:48:00,04:50:00,2.0
17018,VLDI,5.0,04:47:00,04:47:00,2.0
17018,ULNR,6.0,04:45:00,04:45:00,2.0
17018,ABH,7.0,04:42:00,04:42:00,2.0
17018,BUD,8.0,04:34:00,04:34:00,2.0
17018,VGI,9.0,04:23:00,04:23:00,2.0
17018,SHLU,10.0,04:19:00,04:19:00,2.0
17018,NRL,11.0,04:14:00,04:14:00,2.0
17018,BVS,12.0,04:07:00,04:07:00,2.0
17018,KJT,13.0,03:58:00,04:00:00,2.0
17018,PDI,14.0,03:53:00,03:53:00,2.0
17018,KAD,15.0,03:21:00,03:21:00,2.0
17018,LNL,16.0,03:13:00,03:15:00,2.0
17018,MVL,17.0,03:06:00,03:06:00,2.0
17018,KMST,18.0,02:56:00,02:56:00,2.0
17018,KNHE,19.0,02:51:00,02:51:00,2.0
17018,VDN,20.0,02:46:00,02:46:00,2.0
17018,TGN,21.0,02:42:00,02:42:00,2.0
17018,GRWD,22.0,02:38:00,02:38:00,2.0
17018,DEHR,23.0,02:31:00,02:31:00,2.0
17018,AKRD,24.0,02:26:00,02:26:00,2.0
17018,CCH,25.0,02:23:00,02:23:00,2.0
17018,PMP,26.0,02:20:00,02:20:00,2.0
17018,KSWD,27.0,02:18:00,02:18:00,2.0
17018,DAPD,28.0,02:14:00,02:14:00,2.0
17018,KK,29.0,02:11:00,02:11:00,2.0
17018,SVJR,30.0,02:08:00,02:08:00,2.0
17018,PUNE,31.0,02:00:00,02:05:00,2.0
17031,CSMT,1.0,None,12:45:00,1.0
17031,MSD,2.0,12:46:00,12:46:00,1.0
17031,SNRD,3.0,12:48:00,12:48:00,1.0
17031,BY,4.0,12:51:00,12:51:00,1.0
17031,CRD,5.0,12:53:00,12:53:00,1.0
17031,PR,6.0,12:56:00,12:56:00,1.0
17031,DR,7.0,12:58:00,13:00:00,1.0
17031,MTN,8.0,13:01:00,13:01:00,1.0
17031,SIN,9.0,13:04:00,13:04:00,1.0
17031,CLA,10.0,13:06:00,13:06:00,1.0
17031,VVH,11.0,13:08:00,13:08:00,1.0
17031,GC,12.0,13:09:00,13:09:00,1.0
17031,VK,13.0,13:13:00,13:13:00,1.0
17031,BND,14.0,13:16:00,13:16:00,1.0
17031,NHU,15.0,13:18:00,13:18:00,1.0
17031,MLND,16.0,13:19:00,13:19:00,1.0
17031,TNA,17.0,13:22:00,13:22:00,1.0
17031,KLVA,18.0,13:24:00,13:24:00,1.0
17031,MBQ,19.0,13:28:00,13:28:00,1.0
17031,DIVA,20.0,13:30:00,13:30:00,1.0
17031,KOPR,21.0,13:34:00,13:34:00,1.0
17031,DI,22.0,13:35:00,13:35:00,1.0
17031,THK,23.0,13:37:00,13:37:00,1.0
17031,KYN,24.0,13:40:00,13:45:00,1.0
17031,VLDI,25.0,13:47:00,13:47:00,1.0
17031,ULNR,26.0,13:49:00,13:49:00,1.0
17031,ABH,27.0,13:51:00,13:51:00,1.0
17031,BUD,28.0,13:57:00,13:57:00,1.0
17031,VGI,29.0,14:06:00,14:06:00,1.0
17031,SHLU,30.0,14:09:00,14:09:00,1.0
17031,NRL,31.0,14:13:00,14:13:00,1.0
17031,BVS,32.0,14:18:00,14:18:00,1.0
17031,KJT,33.0,14:23:00,14:25:00,1.0
17031,PDI,34.0,14:30:00,14:30:00,1.0
17031,KAD,35.0,15:06:00,15:06:00,1.0
17031,LNL,36.0,15:13:00,15:15:00,1.0
17031,MVL,37.0,15:23:00,15:23:00,1.0
17031,KMST,38.0,15:34:00,15:34:00,1.0
17031,KNHE,39.0,15:39:00,15:39:00,1.0
17031,VDN,40.0,15:45:00,15:45:00,1.0
17031,TGN,41.0,15:50:00,15:50:00,1.0
17031,GRWD,42.0,15:53:00,15:53:00,1.0
17031,DEHR,43.0,16:01:00,16:01:00,1.0
17031,AKRD,44.0,16:07:00,16:07:00,1.0
17031,CCH,45.0,16:11:00,16:11:00,1.0
17031,PMP,46.0,16:14:00,16:14:00,1.0
17031,KSWD,47.0,16:16:00,16:16:00,1.0
17031,DAPD,48.0,16:21:00,16:21:00,1.0
17031,KK,49.0,16:23:00,16:23:00,1.0
17031,SVJR,50.0,16:27:00,16:27:00,1.0
17031,PUNE,51.0,16:30:00,16:35:00,1.0
17032,CSMT,1.0,13:05:00,None,2.0
17032,MSD,2.0,13:02:00,13:02:00,2.0
17032,SNRD,3.0,12:58:00,12:58:00,2.0
17032,BY,4.0,12:53:00,12:53:00,2.0
17032,CRD,5.0,12:48:00,12:48:00,2.0
17032,PR,6.0,12:43:00,12:43:00,2.0
17032,DR,7.0,12:38:00,12:40:00,2.0
17032,MTN,8.0,12:37:00,12:37:00,2.0
17032,SIN,9.0,12:34:00,12:34:00,2.0
17032,CLA,10.0,12:32:00,12:32:00,2.0
17032,VVH,11.0,12:30:00,12:30:00,2.0
17032,GC,12.0,12:28:00,12:28:00,2.0
17032,VK,13.0,12:25:00,12:25:00,2.0
17032,BND,14.0,12:21:00,12:21:00,2.0
17032,NHU,15.0,12:19:00,12:19:00,2.0
17032,MLND,16.0,12:17:00,12:17:00,2.0
17032,TNA,17.0,12:15:00,12:15:00,2.0
17032,KLVA,18.0,12:12:00,12:12:00,2.0
17032,MBQ,19.0,12:08:00,12:08:00,2.0
17032,DIVA,20.0,12:05:00,12:05:00,2.0
17032,KOPR,21.0,12:01:00,12:01:00,2.0
17032,DI,22.0,12:00:00,12:00:00,2.0
17032,THK,23.0,11:59:00,11:59:00,2.0
17032,KYN,24.0,11:53:00,11:55:00,2.0
17032,VLDI,25.0,11:50:00,11:50:00,2.0
17032,ULNR,26.0,11:49:00,11:49:00,2.0
17032,ABH,27.0,11:46:00,11:46:00,2.0
17032,BUD,28.0,11:38:00,11:38:00,2.0
17032,VGI,29.0,11:27:00,11:27:00,2.0
17032,SHLU,30.0,11:23:00,11:23:00,2.0
17032,NRL,31.0,11:19:00,11:19:00,2.0
17032,BVS,32.0,11:12:00,11:12:00,2.0
17032,KJT,33.0,11:04:00,11:05:00,2.0
17032,PDI,34.0,10:58:00,10:58:00,2.0
17032,KAD,35.0,10:21:00,10:21:00,2.0
17032,LNL,36.0,10:14:00,10:15:00,2.0
17032,MVL,37.0,10:06:00,10:06:00,2.0
17032,KMST,38.0,09:58:00,09:58:00,2.0
17032,KNHE,39.0,09:53:00,09:53:00,2.0
17032,VDN,40.0,09:48:00,09:48:00,2.0
17032,TGN,41.0,09:44:00,09:44:00,2.0
17032,GRWD,42.0,09:41:00,09:41:00,2.0
17032,DEHR,43.0,09:34:00,09:34:00,2.0
17032,AKRD,44.0,09:30:00,09:30:00,2.0
17032,CCH,45.0,09:26:00,09:26:00,2.0
17032,PMP,46.0,09:24:00,09:24:00,2.0
17032,KSWD,47.0,09:22:00,09:22:00,2.0
17032,DAPD,48.0,09:18:00,09:18:00,2.0
17032,KK,49.0,09:16:00,09:16:00,2.0
17032,SVJR,50.0,09:12:00,09:12:00,2.0
17032,PUNE,51.0,09:05:00,09:10:00,2.0
17203,KOPR,1.0,19:15:00,19:15:00,1.0
17203,DI,2.0,19:22:00,19:22:00,1.0
17203,THK,3.0,19:25:00,19:25:00,1.0
17203,KYN,4.0,19:40:00,19:45:00,1.0
17203,VLDI,5.0,19:48:00,19:48:00,1.0
17203,ULNR,6.0,19:50:00,19:50:00,1.0
17203,ABH,7.0,19:53:00,19:53:00,1.0
17203,BUD,8.0,20:03:00,20:03:00,1.0
17203,VGI,9.0,20:17:00,20:17:00,1.0
17203,SHLU,10.0,20:22:00,20:22:00,1.0
17203,NRL,11.0,20:27:00,20:27:00,1.0
17203,BVS,12.0,20:36:00,20:36:00,1.0
17203,KJT,13.0,20:44:00,20:44:00,1.0
17203,PDI,14.0,20:48:00,20:48:00,1.0
17203,KAD,15.0,21:15:00,21:15:00,1.0
17203,LNL,16.0,21:18:00,21:20:00,1.0
17203,MVL,17.0,21:27:00,21:27:00,1.0
17203,KMST,18.0,21:36:00,21:36:00,1.0
17203,KNHE,19.0,21:41:00,21:41:00,1.0
17203,VDN,20.0,21:46:00,21:46:00,1.0
17203,TGN,21.0,21:50:00,21:50:00,1.0
17203,GRWD,22.0,21:53:00,21:53:00,1.0
17203,DEHR,23.0,22:00:00,22:00:00,1.0
17203,AKRD,24.0,22:05:00,22:05:00,1.0
17203,CCH,25.0,22:08:00,22:08:00,1.0
17203,PMP,26.0,22:11:00,22:11:00,1.0
17203,KSWD,27.0,22:13:00,22:13:00,1.0
17203,DAPD,28.0,22:17:00,22:17:00,1.0
17203,KK,29.0,22:19:00,22:19:00,1.0
17203,SVJR,30.0,22:23:00,22:23:00,1.0
17203,PUNE,31.0,22:25:00,22:30:00,1.0
17204,KOPR,1.0,05:05:00,05:05:00,2.0
17204,DI,2.0,04:58:00,04:58:00,2.0
17204,THK,3.0,04:55:00,04:55:00,2.0
17204,KYN,4.0,04:45:00,04:50:00,2.0
17204,VLDI,5.0,04:43:00,04:43:00,2.0
17204,ULNR,6.0,04:41:00,04:41:00,2.0
17204,ABH,7.0,04:38:00,04:38:00,2.0
17204,BUD,8.0,04:29:00,04:29:00,2.0
17204,VGI,9.0,04:15:00,04:15:00,2.0
17204,SHLU,10.0,04:11:00,04:11:00,2.0
17204,NRL,11.0,04:05:00,04:05:00,2.0
17204,BVS,12.0,03:57:00,03:57:00,2.0
17204,KJT,13.0,03:49:00,03:49:00,2.0
17204,PDI,14.0,03:45:00,03:45:00,2.0
17204,KAD,15.0,03:20:00,03:20:00,2.0
17204,LNL,16.0,03:13:00,03:15:00,2.0
17204,MVL,17.0,03:06:00,03:06:00,2.0
17204,KMST,18.0,02:56:00,02:56:00,2.0
17204,KNHE,19.0,02:51:00,02:51:00,2.0
17204,VDN,20.0,02:46:00,02:46:00,2.0
17204,TGN,21.0,02:42:00,02:42:00,2.0
17204,GRWD,22.0,02:38:00,02:38:00,2.0
17204,DEHR,23.0,02:31:00,02:31:00,2.0
17204,AKRD,24.0,02:26:00,02:26:00,2.0
17204,CCH,25.0,02:23:00,02:23:00,2.0
17204,PMP,26.0,02:20:00,02:20:00,2.0
17204,KSWD,27.0,02:18:00,02:18:00,2.0
17204,DAPD,28.0,02:14:00,02:14:00,2.0
17204,KK,29.0,02:11:00,02:11:00,2.0
17204,SVJR,30.0,02:08:00,02:08:00,2.0
17204,PUNE,31.0,02:00:00,02:05:00,2.0
19311,KOPR,1.0,18:07:00,18:07:00,1.0
19311,DI,2.0,17:56:00,17:56:00,1.0
19311,THK,3.0,17:53:00,17:53:00,1.0
19311,KYN,4.0,17:40:00,17:45:00,1.0
19311,VLDI,5.0,17:38:00,17:38:00,1.0
19311,ULNR,6.0,17:36:00,17:36:00,1.0
19311,ABH,7.0,17:34:00,17:34:00,1.0
19311,BUD,8.0,17:26:00,17:26:00,1.0
19311,VGI,9.0,17:16:00,17:16:00,1.0
19311,SHLU,10.0,17:12:00,17:12:00,1.0
19311,NRL,11.0,17:08:00,17:08:00,1.0
19311,BVS,12.0,17:02:00,17:02:00,1.0
19311,KJT,13.0,16:53:00,16:55:00,1.0
19311,PDI,14.0,16:48:00,16:48:00,1.0
19311,KAD,15.0,16:16:00,16:16:00,1.0
19311,LNL,16.0,16:08:00,16:10:00,1.0
19311,MVL,17.0,16:03:00,16:03:00,1.0
19311,KMST,18.0,15:56:00,15:56:00,1.0
19311,KNHE,19.0,15:53:00,15:53:00,1.0
19311,VDN,20.0,15:49:00,15:49:00,1.0
19311,TGN,21.0,15:46:00,15:46:00,1.0
19311,GRWD,22.0,15:44:00,15:44:00,1.0
19311,DEHR,23.0,15:39:00,15:39:00,1.0
19311,AKRD,24.0,15:35:00,15:35:00,1.0
19311,CCH,25.0,15:32:00,15:32:00,1.0
19311,PMP,26.0,15:31:00,15:31:00,1.0
19311,KSWD,27.0,15:29:00,15:29:00,1.0
19311,DAPD,28.0,15:26:00,15:26:00,1.0
19311,KK,29.0,15:25:00,15:25:00,1.0
19311,SVJR,30.0,15:22:00,15:22:00,1.0
19311,PUNE,31.0,None,15:20:00,1.0
19312,KOPR,1.0,04:48:00,04:48:00,2.0
19312,DI,2.0,04:56:00,04:56:00,2.0
19312,THK,3.0,04:58:00,04:58:00,2.0
19312,KYN,4.0,05:15:00,05:20:00,2.0
19312,VLDI,5.0,05:22:00,05:22:00,2.0
19312,ULNR,6.0,05:24:00,05:24:00,2.0
19312,ABH,7.0,05:26:00,05:26:00,2.0
19312,BUD,8.0,05:34:00,05:34:00,2.0
19312,VGI,9.0,05:44:00,05:44:00,2.0
19312,SHLU,10.0,05:47:00,05:47:00,2.0
19312,NRL,11.0,05:51:00,05:51:00,2.0
19312,BVS,12.0,05:58:00,05:58:00,2.0
19312,KJT,13.0,06:03:00,06:05:00,2.0
19312,PDI,14.0,06:10:00,06:10:00,2.0
19312,KAD,15.0,06:46:00,06:46:00,2.0
19312,LNL,16.0,06:53:00,06:55:00,2.0
19312,MVL,17.0,07:03:00,07:03:00,2.0
19312,KMST,18.0,07:14:00,07:14:00,2.0
19312,KNHE,19.0,07:19:00,07:19:00,2.0
19312,VDN,20.0,07:25:00,07:25:00,2.0
19312,TGN,21.0,07:30:00,07:30:00,2.0
19312,GRWD,22.0,07:33:00,07:33:00,2.0
19312,DEHR,23.0,07:41:00,07:41:00,2.0
19312,AKRD,24.0,07:47:00,07:47:00,2.0
19312,CCH,25.0,07:51:00,07:51:00,2.0
19312,PMP,26.0,07:54:00,07:54:00,2.0
19312,KSWD,27.0,07:56:00,07:56:00,2.0
19312,DAPD,28.0,08:01:00,08:01:00,2.0
19312,KK,29.0,08:03:00,08:03:00,2.0
19312,SVJR,30.0,08:07:00,08:07:00,2.0
19312,PUNE,31.0,08:10:00,None,2.0
19567,KOPR,1.0,08:07:00,08:07:00,2.0
19567,DI,2.0,07:58:00,07:58:00,2.0
19567,THK,3.0,07:56:00,07:56:00,2.0
19567,KYN,4.0,07:47:00,07:50:00,2.0
19567,VLDI,5.0,07:45:00,07:45:00,2.0
19567,ULNR,6.0,07:43:00,07:43:00,2.0
19567,ABH,7.0,07:40:00,07:40:00,2.0
19567,BUD,8.0,07:30:00,07:30:00,2.0
19567,VGI,9.0,07:16:00,07:16:00,2.0
19567,SHLU,10.0,07:11:00,07:11:00,2.0
19567,NRL,11.0,07:05:00,07:05:00,2.0
19567,BVS,12.0,06:57:00,06:57:00,2.0
19567,KJT,13.0,06:48:00,06:48:00,2.0
19567,PDI,14.0,06:44:00,06:44:00,2.0
19567,KAD,15.0,06:17:00,06:17:00,2.0
19567,LNL,16.0,06:10:00,06:12:00,2.0
19567,MVL,17.0,06:03:00,06:03:00,2.0
19567,KMST,18.0,05:54:00,05:54:00,2.0
19567,KNHE,19.0,05:49:00,05:49:00,2.0
19567,VDN,20.0,05:44:00,05:44:00,2.0
19567,TGN,21.0,05:40:00,05:40:00,2.0
19567,GRWD,22.0,05:37:00,05:37:00,2.0
19567,DEHR,23.0,05:30:00,05:30:00,2.0
19567,AKRD,24.0,05:25:00,05:25:00,2.0
19567,CCH,25.0,05:22:00,05:22:00,2.0
19567,PMP,26.0,05:19:00,05:19:00,2.0
19567,KSWD,27.0,05:17:00,05:17:00,2.0
19567,DAPD,28.0,05:13:00,05:13:00,2.0
19567,KK,29.0,05:11:00,05:11:00,2.0
19567,SVJR,30.0,05:07:00,05:07:00,2.0
19567,PUNE,31.0,04:55:00,05:05:00,2.0
19567,BGWI,,None,None,
19568,KOPR,1.0,19:16:00,19:16:00,1.0
19568,DI,2.0,19:24:00,19:24:00,1.0
19568,THK,3.0,19:26:00,19:26:00,1.0
19568,KYN,4.0,19:40:00,19:45:00,1.0
19568,VLDI,5.0,19:48:00,19:48:00,1.0
19568,ULNR,6.0,19:50:00,19:50:00,1.0
19568,ABH,7.0,19:53:00,19:53:00,1.0
19568,BUD,8.0,20:03:00,20:03:00,1.0
19568,VGI,9.0,20:16:00,20:16:00,1.0
19568,SHLU,10.0,20:21:00,20:21:00,1.0
19568,NRL,11.0,20:27:00,20:27:00,1.0
19568,BVS,12.0,20:35:00,20:35:00,1.0
19568,KJT,13.0,20:44:00,20:44:00,1.0
19568,PDI,14.0,20:47:00,20:47:00,1.0
19568,KAD,15.0,21:13:00,21:13:00,1.0
19568,LNL,16.0,21:18:00,21:20:00,1.0
19568,MVL,17.0,21:27:00,21:27:00,1.0
19568,KMST,18.0,21:36:00,21:36:00,1.0
19568,KNHE,19.0,21:41:00,21:41:00,1.0
19568,VDN,20.0,21:46:00,21:46:00,1.0
19568,TGN,21.0,21:50:00,21:50:00,1.0
19568,GRWD,22.0,21:53:00,21:53:00,1.0
19568,DEHR,23.0,22:00:00,22:00:00,1.0
19568,AKRD,24.0,22:05:00,22:05:00,1.0
19568,CCH,25.0,22:08:00,22:08:00,1.0
19568,PMP,26.0,22:11:00,22:11:00,1.0
19568,KSWD,27.0,22:13:00,22:13:00,1.0
19568,DAPD,28.0,22:17:00,22:17:00,1.0
19568,KK,29.0,22:19:00,22:19:00,1.0
19568,SVJR,30.0,22:23:00,22:23:00,1.0
19568,PUNE,31.0,22:25:00,22:30:00,1.0
19568,BGWI,,None,None,
51027,CSMT,1.0,None,22:55:00,1.0
51027,MSD,2.0,22:56:00,22:56:00,1.0
51027,SNRD,3.0,22:58:00,22:58:00,1.0
51027,BY,4.0,23:01:00,23:01:00,1.0
51027,CRD,5.0,23:03:00,23:03:00,1.0
51027,PR,6.0,23:06:00,23:06:00,1.0
51027,DR,7.0,23:08:00,23:10:00,1.0
51027,MTN,8.0,23:11:00,23:11:00,1.0
51027,SIN,9.0,23:14:00,23:14:00,1.0
51027,CLA,10.0,23:16:00,23:16:00,1.0
51027,VVH,11.0,23:18:00,23:18:00,1.0
51027,GC,12.0,23:20:00,23:20:00,1.0
51027,VK,13.0,23:23:00,23:23:00,1.0
51027,BND,14.0,23:26:00,23:26:00,1.0
51027,NHU,15.0,23:28:00,23:28:00,1.0
51027,MLND,16.0,23:30:00,23:30:00,1.0
51027,TNA,17.0,23:33:00,23:35:00,1.0
51027,KLVA,18.0,23:37:00,23:37:00,1.0
51027,MBQ,19.0,23:40:00,23:40:00,1.0
51027,DIVA,20.0,23:42:00,23:42:00,1.0
51027,KOPR,21.0,23:45:00,23:45:00,1.0
51027,DI,22.0,23:46:00,23:46:00,1.0
51027,THK,23.0,23:47:00,23:47:00,1.0
51027,KYN,24.0,23:50:00,23:55:00,1.0
51027,VLDI,1.0,00:03:00,00:03:00,2.0
51027,ULNR,2.0,00:08:00,00:10:00,2.0
51027,ABH,3.0,00:16:00,00:18:00,2.0
51027,BUD,4.0,00:24:00,00:26:00,2.0
51027,VGI,5.0,00:35:00,00:35:00,2.0
51027,SHLU,6.0,00:38:00,00:38:00,2.0
51027,NRL,7.0,00:42:00,00:42:00,2.0
51027,BVS,8.0,00:48:00,00:48:00,2.0
51027,KJT,9.0,00:53:00,00:55:00,2.0
51027,PDI,10.0,01:00:00,01:00:00,2.0
51027,KAD,11.0,01:38:00,01:40:00,2.0
51027,LNL,12.0,01:53:00,01:55:00,2.0
51027,MVL,13.0,02:02:00,02:02:00,2.0
51027,KMST,14.0,02:11:00,02:13:00,2.0
51027,KNHE,15.0,02:16:00,02:16:00,2.0
51027,VDN,16.0,02:20:00,02:20:00,2.0
51027,TGN,17.0,02:23:00,02:25:00,2.0
51027,GRWD,18.0,02:29:00,02:29:00,2.0
51027,DEHR,19.0,02:38:00,02:40:00,2.0
51027,AKRD,20.0,02:51:00,02:51:00,2.0
51027,CCH,21.0,02:58:00,03:00:00,2.0
51027,PMP,22.0,03:03:00,03:05:00,2.0
51027,KSWD,23.0,03:10:00,03:10:00,2.0
51027,DAPD,24.0,03:18:00,03:18:00,2.0
51027,KK,25.0,03:23:00,03:25:00,2.0
51027,SVJR,26.0,03:28:00,03:30:00,2.0
51027,PUNE,27.0,04:10:00,04:25:00,2.0
51028,DEHR,1.0,23:53:00,23:55:00,1.0
51028,AKRD,2.0,23:43:00,23:45:00,1.0
51028,CCH,3.0,23:38:00,23:40:00,1.0
51028,PMP,4.0,23:30:00,23:32:00,1.0
51028,KSWD,5.0,23:28:00,23:28:00,1.0
51028,DAPD,6.0,23:23:00,23:25:00,1.0
51028,KK,7.0,23:18:00,23:20:00,1.0
51028,SVJR,8.0,23:12:00,23:14:00,1.0
51028,PUNE,9.0,22:55:00,23:05:00,1.0
51028,CSMT,1.0,04:10:00,None,2.0
51028,MSD,2.0,04:07:00,04:07:00,2.0
51028,SNRD,3.0,04:05:00,04:05:00,2.0
51028,BY,4.0,04:01:00,04:01:00,2.0
51028,CRD,5.0,03:56:00,03:56:00,2.0
51028,PR,6.0,03:52:00,03:52:00,2.0
51028,DR,7.0,03:48:00,03:50:00,2.0
51028,MTN,8.0,03:47:00,03:47:00,2.0
51028,SIN,9.0,03:44:00,03:44:00,2.0
51028,CLA,10.0,03:41:00,03:41:00,2.0
51028,VVH,11.0,03:38:00,03:38:00,2.0
51028,GC,12.0,03:36:00,03:36:00,2.0
51028,VK,13.0,03:32:00,03:32:00,2.0
51028,BND,14.0,03:27:00,03:27:00,2.0
51028,NHU,15.0,03:26:00,03:26:00,2.0
51028,MLND,16.0,03:23:00,03:23:00,2.0
51028,TNA,17.0,03:18:00,03:20:00,2.0
51028,KLVA,18.0,03:16:00,03:16:00,2.0
51028,MBQ,19.0,03:12:00,03:12:00,2.0
51028,DIVA,20.0,03:10:00,03:10:00,2.0
51028,KOPR,21.0,03:06:00,03:06:00,2.0
51028,DI,22.0,03:04:00,03:04:00,2.0
51028,THK,23.0,03:03:00,03:03:00,2.0
51028,KYN,24.0,02:55:00,03:00:00,2.0
51028,VLDI,25.0,02:50:00,02:50:00,2.0
51028,ULNR,26.0,02:43:00,02:45:00,2.0
51028,ABH,27.0,02:38:00,02:40:00,2.0
51028,BUD,28.0,02:28:00,02:30:00,2.0
51028,VGI,29.0,02:17:00,02:17:00,2.0
51028,SHLU,30.0,02:13:00,02:13:00,2.0
51028,NRL,31.0,02:09:00,02:09:00,2.0
51028,BVS,32.0,02:02:00,02:02:00,2.0
51028,KJT,33.0,01:53:00,01:55:00,2.0
51028,PDI,34.0,01:49:00,01:49:00,2.0
51028,KAD,35.0,01:18:00,01:20:00,2.0
51028,LNL,36.0,01:13:00,01:15:00,2.0
51028,MVL,37.0,00:54:00,00:54:00,2.0
51028,KMST,38.0,00:29:00,00:31:00,2.0
51028,KNHE,39.0,00:27:00,00:27:00,2.0
51028,VDN,40.0,00:23:00,00:25:00,2.0
51028,TGN,41.0,00:18:00,00:20:00,2.0
51028,GRWD,42.0,00:10:00,00:10:00,2.0
51029,CSMT,1.0,None,22:55:00,1.0
51029,MSD,2.0,22:56:00,22:56:00,1.0
51029,SNRD,3.0,22:58:00,22:58:00,1.0
51029,BY,4.0,23:01:00,23:01:00,1.0
51029,CRD,5.0,23:03:00,23:03:00,1.0
51029,PR,6.0,23:06:00,23:06:00,1.0
51029,DR,7.0,23:08:00,23:10:00,1.0
51029,MTN,8.0,23:11:00,23:11:00,1.0
51029,SIN,9.0,23:14:00,23:14:00,1.0
51029,CLA,10.0,23:16:00,23:16:00,1.0
51029,VVH,11.0,23:18:00,23:18:00,1.0
51029,GC,12.0,23:20:00,23:20:00,1.0
51029,VK,13.0,23:23:00,23:23:00,1.0
51029,BND,14.0,23:26:00,23:26:00,1.0
51029,NHU,15.0,23:28:00,23:28:00,1.0
51029,MLND,16.0,23:30:00,23:30:00,1.0
51029,TNA,17.0,23:33:00,23:35:00,1.0
51029,KLVA,18.0,23:37:00,23:37:00,1.0
51029,MBQ,19.0,23:40:00,23:40:00,1.0
51029,DIVA,20.0,23:42:00,23:42:00,1.0
51029,KOPR,21.0,23:45:00,23:45:00,1.0
51029,DI,22.0,23:46:00,23:46:00,1.0
51029,THK,23.0,23:47:00,23:47:00,1.0
51029,KYN,24.0,23:50:00,23:55:00,1.0
51029,VLDI,1.0,00:03:00,00:03:00,2.0
51029,ULNR,2.0,00:08:00,00:10:00,2.0
51029,ABH,3.0,00:16:00,00:18:00,2.0
51029,BUD,4.0,00:24:00,00:26:00,2.0
51029,VGI,5.0,00:35:00,00:35:00,2.0
51029,SHLU,6.0,00:38:00,00:38:00,2.0
51029,NRL,7.0,00:42:00,00:42:00,2.0
51029,BVS,8.0,00:48:00,00:48:00,2.0
51029,KJT,9.0,00:53:00,00:55:00,2.0
51029,PDI,10.0,01:00:00,01:00:00,2.0
51029,KAD,11.0,01:38:00,01:40:00,2.0
51029,LNL,12.0,01:53:00,01:55:00,2.0
51029,MVL,13.0,02:02:00,02:02:00,2.0
51029,KMST,14.0,02:11:00,02:13:00,2.0
51029,KNHE,15.0,02:16:00,02:16:00,2.0
51029,VDN,16.0,02:20:00,02:20:00,2.0
51029,TGN,17.0,02:23:00,02:25:00,2.0
51029,GRWD,18.0,02:29:00,02:29:00,2.0
51029,DEHR,19.0,02:38:00,02:40:00,2.0
51029,AKRD,20.0,02:51:00,02:51:00,2.0
51029,CCH,21.0,02:58:00,03:00:00,2.0
51029,PMP,22.0,03:03:00,03:05:00,2.0
51029,KSWD,23.0,03:10:00,03:10:00,2.0
51029,DAPD,24.0,03:18:00,03:18:00,2.0
51029,KK,25.0,03:23:00,03:25:00,2.0
51029,SVJR,26.0,03:28:00,03:30:00,2.0
51029,PUNE,27.0,04:10:00,04:25:00,2.0
51030,DEHR,1.0,23:54:00,23:55:00,1.0
51030,AKRD,2.0,23:44:00,23:45:00,1.0
51030,CCH,3.0,23:39:00,23:40:00,1.0
51030,PMP,4.0,23:31:00,23:32:00,1.0
51030,KSWD,5.0,23:28:00,23:28:00,1.0
51030,DAPD,6.0,23:24:00,23:25:00,1.0
51030,KK,7.0,23:19:00,23:20:00,1.0
51030,SVJR,8.0,23:13:00,23:14:00,1.0
51030,PUNE,9.0,22:55:00,23:05:00,1.0
51030,CSMT,1.0,04:10:00,None,2.0
51030,MSD,2.0,04:07:00,04:07:00,2.0
51030,SNRD,3.0,04:05:00,04:05:00,2.0
51030,BY,4.0,04:01:00,04:01:00,2.0
51030,CRD,5.0,03:56:00,03:56:00,2.0
51030,PR,6.0,03:52:00,03:52:00,2.0
51030,DR,7.0,03:49:00,03:50:00,2.0
51030,MTN,8.0,03:48:00,03:48:00,2.0
51030,SIN,9.0,03:44:00,03:44:00,2.0
51030,CLA,10.0,03:41:00,03:41:00,2.0
51030,VVH,11.0,03:38:00,03:38:00,2.0
51030,GC,12.0,03:37:00,03:37:00,2.0
51030,VK,13.0,03:32:00,03:32:00,2.0
51030,BND,14.0,03:28:00,03:28:00,2.0
51030,NHU,15.0,03:26:00,03:26:00,2.0
51030,MLND,16.0,03:23:00,03:23:00,2.0
51030,TNA,17.0,03:19:00,03:20:00,2.0
51030,KLVA,18.0,03:17:00,03:17:00,2.0
51030,MBQ,19.0,03:13:00,03:13:00,2.0
51030,DIVA,20.0,03:10:00,03:10:00,2.0
51030,KOPR,21.0,03:06:00,03:06:00,2.0
51030,DI,22.0,03:05:00,03:05:00,2.0
51030,THK,23.0,03:03:00,03:03:00,2.0
51030,KYN,24.0,02:55:00,03:00:00,2.0
51030,VLDI,25.0,02:50:00,02:50:00,2.0
51030,ULNR,26.0,02:44:00,02:45:00,2.0
51030,ABH,27.0,02:39:00,02:40:00,2.0
51030,BUD,28.0,02:29:00,02:30:00,2.0
51030,VGI,29.0,02:18:00,02:18:00,2.0
51030,SHLU,30.0,02:14:00,02:14:00,2.0
51030,NRL,31.0,02:09:00,02:09:00,2.0
51030,BVS,32.0,02:02:00,02:02:00,2.0
51030,KJT,33.0,01:54:00,01:55:00,2.0
51030,PDI,34.0,01:48:00,01:48:00,2.0
51030,KAD,35.0,01:19:00,01:20:00,2.0
51030,LNL,36.0,01:14:00,01:15:00,2.0
51030,MVL,37.0,00:56:00,00:56:00,2.0
51030,KMST,38.0,00:30:00,00:31:00,2.0
51030,KNHE,39.0,00:28:00,00:28:00,2.0
51030,VDN,40.0,00:24:00,00:25:00,2.0
51030,TGN,41.0,00:19:00,00:20:00,2.0
51030,GRWD,42.0,00:11:00,00:11:00,2.0
51033,CSMT,1.0,None,22:55:00,1.0
51033,MSD,2.0,22:56:00,22:56:00,1.0
51033,SNRD,3.0,22:58:00,22:58:00,1.0
51033,BY,4.0,23:01:00,23:01:00,1.0
51033,CRD,5.0,23:03:00,23:03:00,1.0
51033,PR,6.0,23:06:00,23:06:00,1.0
51033,DR,7.0,23:08:00,23:10:00,1.0
51033,MTN,8.0,23:11:00,23:11:00,1.0
51033,SIN,9.0,23:14:00,23:14:00,1.0
51033,CLA,10.0,23:16:00,23:16:00,1.0
51033,VVH,11.0,23:18:00,23:18:00,1.0
51033,GC,12.0,23:20:00,23:20:00,1.0
51033,VK,13.0,23:23:00,23:23:00,1.0
51033,BND,14.0,23:26:00,23:26:00,1.0
51033,NHU,15.0,23:28:00,23:28:00,1.0
51033,MLND,16.0,23:30:00,23:30:00,1.0
51033,TNA,17.0,23:33:00,23:35:00,1.0
51033,KLVA,18.0,23:37:00,23:37:00,1.0
51033,MBQ,19.0,23:40:00,23:40:00,1.0
51033,DIVA,20.0,23:42:00,23:42:00,1.0
51033,KOPR,21.0,23:45:00,23:45:00,1.0
51033,DI,22.0,23:46:00,23:46:00,1.0
51033,THK,23.0,23:47:00,23:47:00,1.0
51033,KYN,24.0,23:50:00,23:55:00,1.0
51033,VLDI,1.0,00:03:00,00:03:00,2.0
51033,ULNR,2.0,00:08:00,00:10:00,2.0
51033,ABH,3.0,00:16:00,00:18:00,2.0
51033,BUD,4.0,00:24:00,00:26:00,2.0
51033,VGI,5.0,00:35:00,00:35:00,2.0
51033,SHLU,6.0,00:38:00,00:38:00,2.0
51033,NRL,7.0,00:42:00,00:42:00,2.0
51033,BVS,8.0,00:48:00,00:48:00,2.0
51033,KJT,9.0,00:53:00,00:55:00,2.0
51033,PDI,10.0,01:00:00,01:00:00,2.0
51033,KAD,11.0,01:38:00,01:40:00,2.0
51033,LNL,12.0,01:53:00,01:55:00,2.0
51033,MVL,13.0,02:02:00,02:02:00,2.0
51033,KMST,14.0,02:11:00,02:13:00,2.0
51033,KNHE,15.0,02:16:00,02:16:00,2.0
51033,VDN,16.0,02:20:00,02:20:00,2.0
51033,TGN,17.0,02:23:00,02:25:00,2.0
51033,GRWD,18.0,02:29:00,02:29:00,2.0
51033,DEHR,19.0,02:38:00,02:40:00,2.0
51033,AKRD,20.0,02:51:00,02:51:00,2.0
51033,CCH,21.0,02:58:00,03:00:00,2.0
51033,PMP,22.0,03:03:00,03:05:00,2.0
51033,KSWD,23.0,03:10:00,03:10:00,2.0
51033,DAPD,24.0,03:18:00,03:18:00,2.0
51033,KK,25.0,03:23:00,03:25:00,2.0
51033,SVJR,26.0,03:28:00,03:30:00,2.0
51033,PUNE,27.0,04:10:00,04:25:00,2.0
51034,DEHR,1.0,23:53:00,23:55:00,1.0
51034,AKRD,2.0,23:43:00,23:45:00,1.0
51034,CCH,3.0,23:38:00,23:40:00,1.0
51034,PMP,4.0,23:30:00,23:32:00,1.0
51034,KSWD,5.0,23:28:00,23:28:00,1.0
51034,DAPD,6.0,23:23:00,23:25:00,1.0
51034,KK,7.0,23:18:00,23:20:00,1.0
51034,SVJR,8.0,23:12:00,23:14:00,1.0
51034,PUNE,9.0,22:55:00,23:05:00,1.0
51034,CSMT,1.0,04:10:00,None,2.0
51034,MSD,2.0,04:07:00,04:07:00,2.0
51034,SNRD,3.0,04:05:00,04:05:00,2.0
51034,BY,4.0,04:01:00,04:01:00,2.0
51034,CRD,5.0,03:56:00,03:56:00,2.0
51034,PR,6.0,03:52:00,03:52:00,2.0
51034,DR,7.0,03:48:00,03:50:00,2.0
51034,MTN,8.0,03:47:00,03:47:00,2.0
51034,SIN,9.0,03:44:00,03:44:00,2.0
51034,CLA,10.0,03:41:00,03:41:00,2.0
51034,VVH,11.0,03:38:00,03:38:00,2.0
51034,GC,12.0,03:36:00,03:36:00,2.0
51034,VK,13.0,03:32:00,03:32:00,2.0
51034,BND,14.0,03:27:00,03:27:00,2.0
51034,NHU,15.0,03:26:00,03:26:00,2.0
51034,MLND,16.0,03:23:00,03:23:00,2.0
51034,TNA,17.0,03:18:00,03:20:00,2.0
51034,KLVA,18.0,03:16:00,03:16:00,2.0
51034,MBQ,19.0,03:12:00,03:12:00,2.0
51034,DIVA,20.0,03:10:00,03:10:00,2.0
51034,KOPR,21.0,03:06:00,03:06:00,2.0
51034,DI,22.0,03:04:00,03:04:00,2.0
51034,THK,23.0,03:03:00,03:03:00,2.0
51034,KYN,24.0,02:55:00,03:00:00,2.0
51034,VLDI,25.0,02:50:00,02:50:00,2.0
51034,ULNR,26.0,02:43:00,02:45:00,2.0
51034,ABH,27.0,02:38:00,02:40:00,2.0
51034,BUD,28.0,02:28:00,02:30:00,2.0
51034,VGI,29.0,02:17:00,02:17:00,2.0
51034,SHLU,30.0,02:13:00,02:13:00,2.0
51034,NRL,31.0,02:09:00,02:09:00,2.0
51034,BVS,32.0,02:02:00,02:02:00,2.0
51034,KJT,33.0,01:53:00,01:55:00,2.0
51034,PDI,34.0,01:49:00,01:49:00,2.0
51034,KAD,35.0,01:18:00,01:20:00,2.0
51034,LNL,36.0,01:13:00,01:15:00,2.0
51034,MVL,37.0,00:54:00,00:54:00,2.0
51034,KMST,38.0,00:29:00,00:31:00,2.0
51034,KNHE,39.0,00:27:00,00:27:00,2.0
51034,VDN,40.0,00:23:00,00:25:00,2.0
51034,TGN,41.0,00:18:00,00:20:00,2.0
51034,GRWD,42.0,00:10:00,00:10:00,2.0
